{"predicate": "against", "examples": [{"filename1": "8600533099_41aa1c5f32_b.jpg", "filename2": "8932808745_e1fd020884_b.jpg", "positive": {"bbox1": [6, 384, 3, 1021], "bbox2": [101, 623, 137, 923], "obj1": "sky", "obj2": "train", "relationship": "against"}, "negative": {"bbox1": [1, 292, 1, 1001], "bbox2": [215, 478, 382, 725], "obj1": "sky", "obj2": "train", "relationship": "below"}}, {"filename1": "8600533099_41aa1c5f32_b.jpg", "filename2": "8932808745_e1fd020884_b.jpg", "positive": {"bbox1": [6, 384, 3, 1021], "bbox2": [101, 623, 137, 923], "obj1": "sky", "obj2": "train", "relationship": "against"}, "negative": {"bbox1": [1, 292, 1, 1001], "bbox2": [215, 478, 382, 725], "obj1": "sky", "obj2": "train", "relationship": "beneath"}}, {"filename1": "8600533099_41aa1c5f32_b.jpg", "filename2": "9247036932_fe2284e33e_b.jpg", "positive": {"bbox1": [6, 384, 3, 1021], "bbox2": [101, 623, 137, 923], "obj1": "sky", "obj2": "train", "relationship": "against"}, "negative": {"bbox1": [3, 358, 1, 885], "bbox2": [235, 803, 208, 667], "obj1": "sky", "obj2": "train", "relationship": "in the front of"}}, {"filename1": "8600533099_41aa1c5f32_b.jpg", "filename2": "10034499944_730d21c791_b.jpg", "positive": {"bbox1": [6, 384, 3, 1021], "bbox2": [101, 623, 137, 923], "obj1": "sky", "obj2": "train", "relationship": "against"}, "negative": {"bbox1": [1, 317, 22, 680], "bbox2": [279, 581, 213, 485], "obj1": "sky", "obj2": "train", "relationship": "beneath"}}, {"filename1": "8600533099_41aa1c5f32_b.jpg", "filename2": "9364308213_d001eb5264_b.jpg", "positive": {"bbox1": [6, 384, 3, 1021], "bbox2": [101, 623, 137, 923], "obj1": "sky", "obj2": "train", "relationship": "against"}, "negative": {"bbox1": [4, 234, 3, 1022], "bbox2": [316, 356, 64, 1023], "obj1": "sky", "obj2": "train", "relationship": "under"}}, {"filename1": "8600533099_41aa1c5f32_b.jpg", "filename2": "8999681899_9b0e691894_b.jpg", "positive": {"bbox1": [6, 384, 3, 1021], "bbox2": [101, 623, 137, 923], "obj1": "sky", "obj2": "train", "relationship": "against"}, "negative": {"bbox1": [1, 428, 2, 758], "bbox2": [387, 943, 182, 675], "obj1": "sky", "obj2": "train", "relationship": "in the front of"}}, {"filename1": "8600533099_41aa1c5f32_b.jpg", "filename2": "8870563447_28975c2d6f_b.jpg", "positive": {"bbox1": [6, 384, 3, 1021], "bbox2": [101, 623, 137, 923], "obj1": "sky", "obj2": "train", "relationship": "against"}, "negative": {"bbox1": [2, 175, 1, 587], "bbox2": [154, 561, 194, 730], "obj1": "sky", "obj2": "train", "relationship": "in the front of"}}, {"filename1": "8600533099_41aa1c5f32_b.jpg", "filename2": "8894536405_a7588985c0_b.jpg", "positive": {"bbox1": [6, 384, 3, 1021], "bbox2": [101, 623, 137, 923], "obj1": "sky", "obj2": "train", "relationship": "against"}, "negative": {"bbox1": [7, 189, 5, 1015], "bbox2": [212, 279, 312, 382], "obj1": "sky", "obj2": "train", "relationship": "under"}}, {"filename1": "8600533099_41aa1c5f32_b.jpg", "filename2": "8584252766_a17cd76297_b.jpg", "positive": {"bbox1": [6, 384, 3, 1021], "bbox2": [101, 623, 137, 923], "obj1": "sky", "obj2": "train", "relationship": "against"}, "negative": {"bbox1": [1, 377, 1, 1022], "bbox2": [80, 595, 291, 947], "obj1": "sky", "obj2": "train", "relationship": "below"}}, {"filename1": "8600533099_41aa1c5f32_b.jpg", "filename2": "8584252766_a17cd76297_b.jpg", "positive": {"bbox1": [6, 384, 3, 1021], "bbox2": [101, 623, 137, 923], "obj1": "sky", "obj2": "train", "relationship": "against"}, "negative": {"bbox1": [1, 377, 1, 1022], "bbox2": [80, 595, 291, 947], "obj1": "sky", "obj2": "train", "relationship": "under"}}, {"filename1": "8600533099_41aa1c5f32_b.jpg", "filename2": "8584252766_a17cd76297_b.jpg", "positive": {"bbox1": [6, 384, 3, 1021], "bbox2": [101, 623, 137, 923], "obj1": "sky", "obj2": "train", "relationship": "against"}, "negative": {"bbox1": [1, 377, 1, 1022], "bbox2": [80, 595, 291, 947], "obj1": "sky", "obj2": "train", "relationship": "beneath"}}, {"filename1": "8600533099_41aa1c5f32_b.jpg", "filename2": "5474433092_de31b21047_b.jpg", "positive": {"bbox1": [6, 384, 3, 1021], "bbox2": [101, 623, 137, 923], "obj1": "sky", "obj2": "train", "relationship": "against"}, "negative": {"bbox1": [17, 435, 8, 732], "bbox2": [456, 585, 16, 343], "obj1": "sky", "obj2": "train", "relationship": "under"}}, {"filename1": "8600533099_41aa1c5f32_b.jpg", "filename2": "5474433092_de31b21047_b.jpg", "positive": {"bbox1": [6, 384, 3, 1021], "bbox2": [101, 623, 137, 923], "obj1": "sky", "obj2": "train", "relationship": "against"}, "negative": {"bbox1": [17, 435, 8, 732], "bbox2": [456, 585, 16, 343], "obj1": "sky", "obj2": "train", "relationship": "beneath"}}, {"filename1": "8600533099_41aa1c5f32_b.jpg", "filename2": "5474433092_de31b21047_b.jpg", "positive": {"bbox1": [6, 384, 3, 1021], "bbox2": [101, 623, 137, 923], "obj1": "sky", "obj2": "train", "relationship": "against"}, "negative": {"bbox1": [17, 435, 8, 732], "bbox2": [456, 585, 16, 343], "obj1": "sky", "obj2": "train", "relationship": "below"}}, {"filename1": "8600533099_41aa1c5f32_b.jpg", "filename2": "9502991381_52cd6614f1_b.jpg", "positive": {"bbox1": [6, 384, 3, 1021], "bbox2": [101, 623, 137, 923], "obj1": "sky", "obj2": "train", "relationship": "against"}, "negative": {"bbox1": [2, 251, 1, 793], "bbox2": [240, 551, 328, 776], "obj1": "sky", "obj2": "train", "relationship": "below"}}, {"filename1": "8600533099_41aa1c5f32_b.jpg", "filename2": "9835756276_a5fd95029a_b.jpg", "positive": {"bbox1": [6, 384, 3, 1021], "bbox2": [101, 623, 137, 923], "obj1": "sky", "obj2": "train", "relationship": "against"}, "negative": {"bbox1": [2, 228, 3, 1017], "bbox2": [308, 525, 298, 533], "obj1": "sky", "obj2": "train", "relationship": "under"}}, {"filename1": "8600533099_41aa1c5f32_b.jpg", "filename2": "8593865300_475a359074_b.jpg", "positive": {"bbox1": [6, 384, 3, 1021], "bbox2": [101, 623, 137, 923], "obj1": "sky", "obj2": "train", "relationship": "against"}, "negative": {"bbox1": [2, 436, 1, 1024], "bbox2": [504, 765, 105, 296], "obj1": "sky", "obj2": "train", "relationship": "below"}}, {"filename1": "8600533099_41aa1c5f32_b.jpg", "filename2": "8593865300_475a359074_b.jpg", "positive": {"bbox1": [6, 384, 3, 1021], "bbox2": [101, 623, 137, 923], "obj1": "sky", "obj2": "train", "relationship": "against"}, "negative": {"bbox1": [2, 436, 1, 1024], "bbox2": [504, 765, 105, 296], "obj1": "sky", "obj2": "train", "relationship": "beneath"}}, {"filename1": "8600533099_41aa1c5f32_b.jpg", "filename2": "9055827429_eaebf6032b_b.jpg", "positive": {"bbox1": [6, 384, 3, 1021], "bbox2": [101, 623, 137, 923], "obj1": "sky", "obj2": "train", "relationship": "against"}, "negative": {"bbox1": [3, 257, 46, 837], "bbox2": [287, 884, 372, 673], "obj1": "sky", "obj2": "train", "relationship": "below"}}, {"filename1": "8600533099_41aa1c5f32_b.jpg", "filename2": "10036905043_1e7054fbc7_b.jpg", "positive": {"bbox1": [6, 384, 3, 1021], "bbox2": [101, 623, 137, 923], "obj1": "sky", "obj2": "train", "relationship": "against"}, "negative": {"bbox1": [52, 103, 102, 175], "bbox2": [333, 383, 546, 611], "obj1": "sky", "obj2": "train", "relationship": "beneath"}}, {"filename1": "8600533099_41aa1c5f32_b.jpg", "filename2": "10036905043_1e7054fbc7_b.jpg", "positive": {"bbox1": [6, 384, 3, 1021], "bbox2": [101, 623, 137, 923], "obj1": "sky", "obj2": "train", "relationship": "against"}, "negative": {"bbox1": [52, 103, 102, 175], "bbox2": [333, 383, 546, 611], "obj1": "sky", "obj2": "train", "relationship": "below"}}, {"filename1": "8600533099_41aa1c5f32_b.jpg", "filename2": "9371865550_c49586d719_b.jpg", "positive": {"bbox1": [6, 384, 3, 1021], "bbox2": [101, 623, 137, 923], "obj1": "sky", "obj2": "train", "relationship": "against"}, "negative": {"bbox1": [1, 228, 5, 1023], "bbox2": [110, 535, 177, 916], "obj1": "sky", "obj2": "train", "relationship": "below"}}, {"filename1": "8600533099_41aa1c5f32_b.jpg", "filename2": "9371865550_c49586d719_b.jpg", "positive": {"bbox1": [6, 384, 3, 1021], "bbox2": [101, 623, 137, 923], "obj1": "sky", "obj2": "train", "relationship": "against"}, "negative": {"bbox1": [1, 228, 5, 1023], "bbox2": [308, 344, 956, 1023], "obj1": "sky", "obj2": "train", "relationship": "below"}}, {"filename1": "8600533099_41aa1c5f32_b.jpg", "filename2": "8593865068_4e3933c1b3_b.jpg", "positive": {"bbox1": [6, 384, 3, 1021], "bbox2": [101, 623, 137, 923], "obj1": "sky", "obj2": "train", "relationship": "against"}, "negative": {"bbox1": [1, 289, 5, 1023], "bbox2": [533, 767, 1, 237], "obj1": "sky", "obj2": "train", "relationship": "under"}}, {"filename1": "8600533099_41aa1c5f32_b.jpg", "filename2": "9167356387_9e47583e84_b.jpg", "positive": {"bbox1": [6, 384, 3, 1021], "bbox2": [101, 623, 137, 923], "obj1": "sky", "obj2": "train", "relationship": "against"}, "negative": {"bbox1": [1, 199, 2, 1021], "bbox2": [141, 694, 5, 875], "obj1": "sky", "obj2": "train", "relationship": "under"}}, {"filename1": "8600533099_41aa1c5f32_b.jpg", "filename2": "4207484255_f02d00b2e8_b.jpg", "positive": {"bbox1": [6, 384, 3, 1021], "bbox2": [101, 623, 137, 923], "obj1": "sky", "obj2": "train", "relationship": "against"}, "negative": {"bbox1": [1, 381, 2, 1018], "bbox2": [383, 438, 466, 505], "obj1": "sky", "obj2": "train", "relationship": "under"}}, {"filename1": "8600533099_41aa1c5f32_b.jpg", "filename2": "4207484255_f02d00b2e8_b.jpg", "positive": {"bbox1": [6, 384, 3, 1021], "bbox2": [101, 623, 137, 923], "obj1": "sky", "obj2": "train", "relationship": "against"}, "negative": {"bbox1": [1, 381, 2, 1018], "bbox2": [383, 438, 466, 505], "obj1": "sky", "obj2": "train", "relationship": "in the front of"}}, {"filename1": "9369778570_3d439b78f2_b.jpg", "filename2": "8867242274_184644fee3_b.jpg", "positive": {"bbox1": [3, 304, 6, 1023], "bbox2": [29, 559, 3, 1023], "obj1": "sky", "obj2": "mountain", "relationship": "against"}, "negative": {"bbox1": [8, 283, 3, 1016], "bbox2": [288, 433, 1, 516], "obj1": "sky", "obj2": "mountain", "relationship": "under"}}, {"filename1": "9369778570_3d439b78f2_b.jpg", "filename2": "403669489_5dc6bd6b98_b.jpg", "positive": {"bbox1": [3, 304, 6, 1023], "bbox2": [29, 559, 3, 1023], "obj1": "sky", "obj2": "mountain", "relationship": "against"}, "negative": {"bbox1": [1, 452, 2, 1023], "bbox2": [402, 450, 4, 425], "obj1": "sky", "obj2": "mountain", "relationship": "below"}}, {"filename1": "9369778570_3d439b78f2_b.jpg", "filename2": "6936322480_4e76597d37_b.jpg", "positive": {"bbox1": [3, 304, 6, 1023], "bbox2": [29, 559, 3, 1023], "obj1": "sky", "obj2": "mountain", "relationship": "against"}, "negative": {"bbox1": [3, 228, 1, 743], "bbox2": [163, 354, 1, 743], "obj1": "sky", "obj2": "mountain", "relationship": "beneath"}}, {"filename1": "9369778570_3d439b78f2_b.jpg", "filename2": "3974583578_f4f86818b2_b.jpg", "positive": {"bbox1": [3, 304, 6, 1023], "bbox2": [29, 559, 3, 1023], "obj1": "sky", "obj2": "mountain", "relationship": "against"}, "negative": {"bbox1": [5, 270, 1, 1024], "bbox2": [20, 312, 3, 1023], "obj1": "sky", "obj2": "mountain", "relationship": "under"}}, {"filename1": "9369778570_3d439b78f2_b.jpg", "filename2": "430140395_3fd4a86d57_b.jpg", "positive": {"bbox1": [3, 304, 6, 1023], "bbox2": [29, 559, 3, 1023], "obj1": "sky", "obj2": "mountain", "relationship": "against"}, "negative": {"bbox1": [2, 544, 3, 1022], "bbox2": [379, 572, 659, 1022], "obj1": "sky", "obj2": "mountain", "relationship": "beneath"}}, {"filename1": "9369778570_3d439b78f2_b.jpg", "filename2": "5675614133_5c57f1cc4d_b.jpg", "positive": {"bbox1": [3, 304, 6, 1023], "bbox2": [29, 559, 3, 1023], "obj1": "sky", "obj2": "mountain", "relationship": "against"}, "negative": {"bbox1": [1, 252, 1, 717], "bbox2": [239, 357, 72, 718], "obj1": "sky", "obj2": "mountain", "relationship": "under"}}, {"filename1": "9369778570_3d439b78f2_b.jpg", "filename2": "5675614133_5c57f1cc4d_b.jpg", "positive": {"bbox1": [3, 304, 6, 1023], "bbox2": [29, 559, 3, 1023], "obj1": "sky", "obj2": "mountain", "relationship": "against"}, "negative": {"bbox1": [1, 252, 1, 717], "bbox2": [239, 357, 72, 718], "obj1": "sky", "obj2": "mountain", "relationship": "beneath"}}, {"filename1": "9369778570_3d439b78f2_b.jpg", "filename2": "5048236635_d0ca501b75_b.jpg", "positive": {"bbox1": [3, 304, 6, 1023], "bbox2": [29, 559, 3, 1023], "obj1": "sky", "obj2": "mountain", "relationship": "against"}, "negative": {"bbox1": [2, 166, 1, 1024], "bbox2": [105, 333, 1, 1021], "obj1": "sky", "obj2": "mountain", "relationship": "under"}}, {"filename1": "9369778570_3d439b78f2_b.jpg", "filename2": "393997640_333e47eb31_b.jpg", "positive": {"bbox1": [3, 304, 6, 1023], "bbox2": [29, 559, 3, 1023], "obj1": "sky", "obj2": "mountain", "relationship": "against"}, "negative": {"bbox1": [3, 406, 1, 1019], "bbox2": [213, 538, 3, 1022], "obj1": "sky", "obj2": "mountain", "relationship": "below"}}, {"filename1": "9369778570_3d439b78f2_b.jpg", "filename2": "6310541261_a9e476f029_b.jpg", "positive": {"bbox1": [3, 304, 6, 1023], "bbox2": [29, 559, 3, 1023], "obj1": "sky", "obj2": "mountain", "relationship": "against"}, "negative": {"bbox1": [6, 365, 6, 1020], "bbox2": [138, 430, 1, 1017], "obj1": "sky", "obj2": "mountain", "relationship": "below"}}, {"filename1": "9369778570_3d439b78f2_b.jpg", "filename2": "6310541261_a9e476f029_b.jpg", "positive": {"bbox1": [3, 304, 6, 1023], "bbox2": [29, 559, 3, 1023], "obj1": "sky", "obj2": "mountain", "relationship": "against"}, "negative": {"bbox1": [6, 365, 6, 1020], "bbox2": [266, 484, 633, 1022], "obj1": "sky", "obj2": "mountain", "relationship": "below"}}, {"filename1": "9369778570_3d439b78f2_b.jpg", "filename2": "8568940687_19cd0f890a_b.jpg", "positive": {"bbox1": [3, 304, 6, 1023], "bbox2": [29, 559, 3, 1023], "obj1": "sky", "obj2": "mountain", "relationship": "against"}, "negative": {"bbox1": [1, 259, 2, 1023], "bbox2": [203, 468, 1, 1024], "obj1": "sky", "obj2": "mountain", "relationship": "below"}}, {"filename1": "9369778570_3d439b78f2_b.jpg", "filename2": "9835756276_a5fd95029a_b.jpg", "positive": {"bbox1": [3, 304, 6, 1023], "bbox2": [29, 559, 3, 1023], "obj1": "sky", "obj2": "mountain", "relationship": "against"}, "negative": {"bbox1": [2, 228, 3, 1017], "bbox2": [221, 264, 647, 1016], "obj1": "sky", "obj2": "mountain", "relationship": "under"}}, {"filename1": "9369778570_3d439b78f2_b.jpg", "filename2": "58294144_2195ed36ed_b.jpg", "positive": {"bbox1": [3, 304, 6, 1023], "bbox2": [29, 559, 3, 1023], "obj1": "sky", "obj2": "mountain", "relationship": "against"}, "negative": {"bbox1": [2, 244, 3, 1021], "bbox2": [116, 417, 1, 1023], "obj1": "sky", "obj2": "mountain", "relationship": "in the front of"}}, {"filename1": "9369778570_3d439b78f2_b.jpg", "filename2": "6009273931_3d3be49fec_b.jpg", "positive": {"bbox1": [3, 304, 6, 1023], "bbox2": [29, 559, 3, 1023], "obj1": "sky", "obj2": "mountain", "relationship": "against"}, "negative": {"bbox1": [1, 133, 1, 1024], "bbox2": [73, 272, 19, 1013], "obj1": "sky", "obj2": "mountain", "relationship": "below"}}, {"filename1": "9369778570_3d439b78f2_b.jpg", "filename2": "3303215762_22de8a999f_b.jpg", "positive": {"bbox1": [3, 304, 6, 1023], "bbox2": [29, 559, 3, 1023], "obj1": "sky", "obj2": "mountain", "relationship": "against"}, "negative": {"bbox1": [6, 326, 4, 761], "bbox2": [261, 467, 466, 762], "obj1": "sky", "obj2": "mountain", "relationship": "under"}}, {"filename1": "9369778570_3d439b78f2_b.jpg", "filename2": "4409166698_5d7e7bee13_b.jpg", "positive": {"bbox1": [3, 304, 6, 1023], "bbox2": [29, 559, 3, 1023], "obj1": "sky", "obj2": "mountain", "relationship": "against"}, "negative": {"bbox1": [1, 302, 1, 1023], "bbox2": [129, 482, 1, 1024], "obj1": "sky", "obj2": "mountain", "relationship": "beneath"}}, {"filename1": "9369778570_3d439b78f2_b.jpg", "filename2": "6116946649_7be3d70d6c_b.jpg", "positive": {"bbox1": [3, 304, 6, 1023], "bbox2": [29, 559, 3, 1023], "obj1": "sky", "obj2": "mountain", "relationship": "against"}, "negative": {"bbox1": [185, 377, 2, 765], "bbox2": [226, 571, 6, 763], "obj1": "sky", "obj2": "mountain", "relationship": "under"}}, {"filename1": "9369778570_3d439b78f2_b.jpg", "filename2": "5057922927_526bfd8fc8_b.jpg", "positive": {"bbox1": [3, 304, 6, 1023], "bbox2": [29, 559, 3, 1023], "obj1": "sky", "obj2": "mountain", "relationship": "against"}, "negative": {"bbox1": [1, 227, 1, 709], "bbox2": [60, 379, 1, 371], "obj1": "sky", "obj2": "mountain", "relationship": "under"}}, {"filename1": "9369778570_3d439b78f2_b.jpg", "filename2": "8190993390_332a0c0b4f_b.jpg", "positive": {"bbox1": [3, 304, 6, 1023], "bbox2": [29, 559, 3, 1023], "obj1": "sky", "obj2": "mountain", "relationship": "against"}, "negative": {"bbox1": [1, 221, 1, 1022], "bbox2": [149, 252, 336, 1024], "obj1": "sky", "obj2": "mountain", "relationship": "under"}}, {"filename1": "9369778570_3d439b78f2_b.jpg", "filename2": "4626019950_7c03013b7a_o.jpg", "positive": {"bbox1": [3, 304, 6, 1023], "bbox2": [29, 559, 3, 1023], "obj1": "sky", "obj2": "mountain", "relationship": "against"}, "negative": {"bbox1": [7, 324, 1, 791], "bbox2": [210, 333, 1, 800], "obj1": "sky", "obj2": "mountain", "relationship": "under"}}, {"filename1": "9369778570_3d439b78f2_b.jpg", "filename2": "7049941075_7021a72e06_b.jpg", "positive": {"bbox1": [3, 304, 6, 1023], "bbox2": [29, 559, 3, 1023], "obj1": "sky", "obj2": "mountain", "relationship": "against"}, "negative": {"bbox1": [1, 99, 2, 1022], "bbox2": [1, 173, 265, 1022], "obj1": "sky", "obj2": "mountain", "relationship": "beneath"}}, {"filename1": "9369778570_3d439b78f2_b.jpg", "filename2": "7049941075_7021a72e06_b.jpg", "positive": {"bbox1": [3, 304, 6, 1023], "bbox2": [29, 559, 3, 1023], "obj1": "sky", "obj2": "mountain", "relationship": "against"}, "negative": {"bbox1": [1, 99, 2, 1022], "bbox2": [1, 173, 265, 1022], "obj1": "sky", "obj2": "mountain", "relationship": "below"}}, {"filename1": "9369778570_3d439b78f2_b.jpg", "filename2": "4887944579_3a20056dc8_b.jpg", "positive": {"bbox1": [3, 304, 6, 1023], "bbox2": [29, 559, 3, 1023], "obj1": "sky", "obj2": "mountain", "relationship": "against"}, "negative": {"bbox1": [1, 122, 1, 907], "bbox2": [43, 423, 1, 1020], "obj1": "sky", "obj2": "mountain", "relationship": "below"}}, {"filename1": "9369778570_3d439b78f2_b.jpg", "filename2": "4887944579_3a20056dc8_b.jpg", "positive": {"bbox1": [3, 304, 6, 1023], "bbox2": [29, 559, 3, 1023], "obj1": "sky", "obj2": "mountain", "relationship": "against"}, "negative": {"bbox1": [1, 122, 1, 907], "bbox2": [221, 761, 2, 1021], "obj1": "sky", "obj2": "mountain", "relationship": "below"}}, {"filename1": "9369778570_3d439b78f2_b.jpg", "filename2": "3054732003_703d14322c_b.jpg", "positive": {"bbox1": [3, 304, 6, 1023], "bbox2": [29, 559, 3, 1023], "obj1": "sky", "obj2": "mountain", "relationship": "against"}, "negative": {"bbox1": [3, 193, 2, 1023], "bbox2": [120, 321, 5, 1023], "obj1": "sky", "obj2": "mountain", "relationship": "below"}}, {"filename1": "9369778570_3d439b78f2_b.jpg", "filename2": "9328336020_e4d345fe73_b.jpg", "positive": {"bbox1": [3, 304, 6, 1023], "bbox2": [29, 559, 3, 1023], "obj1": "sky", "obj2": "mountain", "relationship": "against"}, "negative": {"bbox1": [6, 306, 5, 1023], "bbox2": [271, 324, 147, 800], "obj1": "sky", "obj2": "mountain", "relationship": "below"}}, {"filename1": "9369778570_3d439b78f2_b.jpg", "filename2": "8291598394_76f579b7e2_b.jpg", "positive": {"bbox1": [3, 304, 6, 1023], "bbox2": [29, 559, 3, 1023], "obj1": "sky", "obj2": "mountain", "relationship": "against"}, "negative": {"bbox1": [4, 250, 4, 1024], "bbox2": [219, 259, 3, 1024], "obj1": "sky", "obj2": "mountain", "relationship": "below"}}, {"filename1": "257099253_9161872c7b_b.jpg", "filename2": "3854398650_ea304160b1_b.jpg", "positive": {"bbox1": [1, 690, 4, 767], "bbox2": [302, 413, 180, 242], "obj1": "sky", "obj2": "kite", "relationship": "against"}, "negative": {"bbox1": [13, 578, 5, 1018], "bbox2": [284, 337, 644, 766], "obj1": "sky", "obj2": "kite", "relationship": "beneath"}}, {"filename1": "257099253_9161872c7b_b.jpg", "filename2": "4433556373_ddfabedff5_o.jpg", "positive": {"bbox1": [1, 690, 4, 767], "bbox2": [302, 413, 180, 242], "obj1": "sky", "obj2": "kite", "relationship": "against"}, "negative": {"bbox1": [3, 490, 1, 533], "bbox2": [42, 60, 419, 431], "obj1": "sky", "obj2": "kite", "relationship": "in"}}, {"filename1": "257099253_9161872c7b_b.jpg", "filename2": "4433556373_ddfabedff5_o.jpg", "positive": {"bbox1": [1, 690, 4, 767], "bbox2": [302, 413, 180, 242], "obj1": "sky", "obj2": "kite", "relationship": "against"}, "negative": {"bbox1": [3, 490, 1, 533], "bbox2": [42, 60, 419, 431], "obj1": "sky", "obj2": "kite", "relationship": "fly"}}, {"filename1": "257099253_9161872c7b_b.jpg", "filename2": "174733606_147c9f7504_b.jpg", "positive": {"bbox1": [1, 690, 4, 767], "bbox2": [302, 413, 180, 242], "obj1": "sky", "obj2": "kite", "relationship": "against"}, "negative": {"bbox1": [6, 601, 9, 1006], "bbox2": [172, 209, 507, 546], "obj1": "sky", "obj2": "kite", "relationship": "in"}}, {"filename1": "257099253_9161872c7b_b.jpg", "filename2": "174733606_147c9f7504_b.jpg", "positive": {"bbox1": [1, 690, 4, 767], "bbox2": [302, 413, 180, 242], "obj1": "sky", "obj2": "kite", "relationship": "against"}, "negative": {"bbox1": [6, 601, 9, 1006], "bbox2": [172, 209, 507, 546], "obj1": "sky", "obj2": "kite", "relationship": "under"}}, {"filename1": "257099253_9161872c7b_b.jpg", "filename2": "7875637244_5dc94bafd5_b.jpg", "positive": {"bbox1": [1, 690, 4, 767], "bbox2": [302, 413, 180, 242], "obj1": "sky", "obj2": "kite", "relationship": "against"}, "negative": {"bbox1": [4, 731, 5, 1019], "bbox2": [535, 585, 465, 527], "obj1": "sky", "obj2": "kite", "relationship": "in"}}, {"filename1": "257099253_9161872c7b_b.jpg", "filename2": "7875637244_5dc94bafd5_b.jpg", "positive": {"bbox1": [1, 690, 4, 767], "bbox2": [302, 413, 180, 242], "obj1": "sky", "obj2": "kite", "relationship": "against"}, "negative": {"bbox1": [4, 731, 5, 1019], "bbox2": [109, 201, 128, 293], "obj1": "sky", "obj2": "kite", "relationship": "in"}}, {"filename1": "257099253_9161872c7b_b.jpg", "filename2": "7875637244_5dc94bafd5_b.jpg", "positive": {"bbox1": [1, 690, 4, 767], "bbox2": [302, 413, 180, 242], "obj1": "sky", "obj2": "kite", "relationship": "against"}, "negative": {"bbox1": [4, 731, 5, 1019], "bbox2": [109, 201, 128, 293], "obj1": "sky", "obj2": "kite", "relationship": "beneath"}}, {"filename1": "257099253_9161872c7b_b.jpg", "filename2": "8642248228_d2187daf86_b.jpg", "positive": {"bbox1": [1, 690, 4, 767], "bbox2": [302, 413, 180, 242], "obj1": "sky", "obj2": "kite", "relationship": "against"}, "negative": {"bbox1": [1, 493, 1, 1020], "bbox2": [216, 390, 180, 493], "obj1": "sky", "obj2": "kite", "relationship": "under"}}, {"filename1": "257099253_9161872c7b_b.jpg", "filename2": "9759509291_143489b32a_b.jpg", "positive": {"bbox1": [1, 690, 4, 767], "bbox2": [302, 413, 180, 242], "obj1": "sky", "obj2": "kite", "relationship": "against"}, "negative": {"bbox1": [4, 595, 4, 1021], "bbox2": [81, 219, 364, 592], "obj1": "sky", "obj2": "kite", "relationship": "in"}}, {"filename1": "257099253_9161872c7b_b.jpg", "filename2": "9759509291_143489b32a_b.jpg", "positive": {"bbox1": [1, 690, 4, 767], "bbox2": [302, 413, 180, 242], "obj1": "sky", "obj2": "kite", "relationship": "against"}, "negative": {"bbox1": [4, 595, 4, 1021], "bbox2": [81, 219, 364, 592], "obj1": "sky", "obj2": "kite", "relationship": "fly"}}, {"filename1": "257099253_9161872c7b_b.jpg", "filename2": "2305513215_8fce34b9c2_b.jpg", "positive": {"bbox1": [1, 690, 4, 767], "bbox2": [302, 413, 180, 242], "obj1": "sky", "obj2": "kite", "relationship": "against"}, "negative": {"bbox1": [1, 437, 4, 1024], "bbox2": [86, 214, 346, 436], "obj1": "sky", "obj2": "kite", "relationship": "in"}}, {"filename1": "257099253_9161872c7b_b.jpg", "filename2": "194872763_0593c92057_b.jpg", "positive": {"bbox1": [1, 690, 4, 767], "bbox2": [302, 413, 180, 242], "obj1": "sky", "obj2": "kite", "relationship": "against"}, "negative": {"bbox1": [1, 790, 4, 681], "bbox2": [229, 282, 165, 215], "obj1": "sky", "obj2": "kite", "relationship": "near"}}, {"filename1": "257099253_9161872c7b_b.jpg", "filename2": "194872763_0593c92057_b.jpg", "positive": {"bbox1": [1, 690, 4, 767], "bbox2": [302, 413, 180, 242], "obj1": "sky", "obj2": "kite", "relationship": "against"}, "negative": {"bbox1": [1, 790, 4, 681], "bbox2": [229, 282, 165, 215], "obj1": "sky", "obj2": "kite", "relationship": "below"}}, {"filename1": "257099253_9161872c7b_b.jpg", "filename2": "3811173659_a214164189_o.jpg", "positive": {"bbox1": [1, 690, 4, 767], "bbox2": [302, 413, 180, 242], "obj1": "sky", "obj2": "kite", "relationship": "against"}, "negative": {"bbox1": [1, 566, 10, 1210], "bbox2": [181, 248, 819, 871], "obj1": "sky", "obj2": "kite", "relationship": "in"}}, {"filename1": "257099253_9161872c7b_b.jpg", "filename2": "3811173659_a214164189_o.jpg", "positive": {"bbox1": [1, 690, 4, 767], "bbox2": [302, 413, 180, 242], "obj1": "sky", "obj2": "kite", "relationship": "against"}, "negative": {"bbox1": [1, 566, 10, 1210], "bbox2": [181, 248, 819, 871], "obj1": "sky", "obj2": "kite", "relationship": "below"}}, {"filename1": "257099253_9161872c7b_b.jpg", "filename2": "3811173659_a214164189_o.jpg", "positive": {"bbox1": [1, 690, 4, 767], "bbox2": [302, 413, 180, 242], "obj1": "sky", "obj2": "kite", "relationship": "against"}, "negative": {"bbox1": [1, 566, 10, 1210], "bbox2": [181, 248, 819, 871], "obj1": "sky", "obj2": "kite", "relationship": "beneath"}}, {"filename1": "257099253_9161872c7b_b.jpg", "filename2": "3811173659_a214164189_o.jpg", "positive": {"bbox1": [1, 690, 4, 767], "bbox2": [302, 413, 180, 242], "obj1": "sky", "obj2": "kite", "relationship": "against"}, "negative": {"bbox1": [1, 566, 10, 1210], "bbox2": [181, 248, 819, 871], "obj1": "sky", "obj2": "kite", "relationship": "under"}}, {"filename1": "257099253_9161872c7b_b.jpg", "filename2": "655943072_b41d8cb0e8_b.jpg", "positive": {"bbox1": [1, 690, 4, 767], "bbox2": [302, 413, 180, 242], "obj1": "sky", "obj2": "kite", "relationship": "against"}, "negative": {"bbox1": [3, 704, 5, 758], "bbox2": [13, 689, 197, 767], "obj1": "sky", "obj2": "kite", "relationship": "in"}}, {"filename1": "257099253_9161872c7b_b.jpg", "filename2": "655943072_b41d8cb0e8_b.jpg", "positive": {"bbox1": [1, 690, 4, 767], "bbox2": [302, 413, 180, 242], "obj1": "sky", "obj2": "kite", "relationship": "against"}, "negative": {"bbox1": [3, 704, 5, 758], "bbox2": [13, 689, 197, 767], "obj1": "sky", "obj2": "kite", "relationship": "in"}}, {"filename1": "5161073556_6baf1865b3_b.jpg", "filename2": "5411889819_1c38b3d078_b.jpg", "positive": {"bbox1": [1, 729, 1, 1023], "bbox2": [215, 767, 41, 1023], "obj1": "sky", "obj2": "trees", "relationship": "against"}, "negative": {"bbox1": [2, 327, 2, 681], "bbox2": [1, 428, 445, 681], "obj1": "sky", "obj2": "trees", "relationship": "in the front of"}}, {"filename1": "5161073556_6baf1865b3_b.jpg", "filename2": "9404504695_f63fef1670_b.jpg", "positive": {"bbox1": [1, 729, 1, 1023], "bbox2": [215, 767, 41, 1023], "obj1": "sky", "obj2": "trees", "relationship": "against"}, "negative": {"bbox1": [5, 244, 45, 486], "bbox2": [1, 289, 2, 206], "obj1": "sky", "obj2": "trees", "relationship": "under"}}, {"filename1": "5161073556_6baf1865b3_b.jpg", "filename2": "9058051772_a91971ee76_b.jpg", "positive": {"bbox1": [1, 729, 1, 1023], "bbox2": [215, 767, 41, 1023], "obj1": "sky", "obj2": "trees", "relationship": "against"}, "negative": {"bbox1": [3, 366, 2, 1023], "bbox2": [127, 434, 659, 1022], "obj1": "sky", "obj2": "trees", "relationship": "in the front of"}}, {"filename1": "5161073556_6baf1865b3_b.jpg", "filename2": "3321412767_6eeebd8e70_b.jpg", "positive": {"bbox1": [1, 729, 1, 1023], "bbox2": [215, 767, 41, 1023], "obj1": "sky", "obj2": "trees", "relationship": "against"}, "negative": {"bbox1": [1, 429, 2, 738], "bbox2": [312, 427, 10, 738], "obj1": "sky", "obj2": "trees", "relationship": "in the front of"}}, {"filename1": "5161073556_6baf1865b3_b.jpg", "filename2": "9502991381_52cd6614f1_b.jpg", "positive": {"bbox1": [1, 729, 1, 1023], "bbox2": [215, 767, 41, 1023], "obj1": "sky", "obj2": "trees", "relationship": "against"}, "negative": {"bbox1": [2, 251, 1, 793], "bbox2": [1, 279, 587, 1024], "obj1": "sky", "obj2": "trees", "relationship": "below"}}, {"filename1": "5161073556_6baf1865b3_b.jpg", "filename2": "5604790754_8df74ef7b2_b.jpg", "positive": {"bbox1": [1, 729, 1, 1023], "bbox2": [215, 767, 41, 1023], "obj1": "sky", "obj2": "trees", "relationship": "against"}, "negative": {"bbox1": [1, 272, 3, 1022], "bbox2": [9, 431, 1, 1021], "obj1": "sky", "obj2": "trees", "relationship": "below"}}, {"filename1": "5161073556_6baf1865b3_b.jpg", "filename2": "5604790754_8df74ef7b2_b.jpg", "positive": {"bbox1": [1, 729, 1, 1023], "bbox2": [215, 767, 41, 1023], "obj1": "sky", "obj2": "trees", "relationship": "against"}, "negative": {"bbox1": [1, 117, 781, 1015], "bbox2": [9, 431, 1, 1021], "obj1": "sky", "obj2": "trees", "relationship": "below"}}, {"filename1": "5161073556_6baf1865b3_b.jpg", "filename2": "3744456424_73ffd5d890_b.jpg", "positive": {"bbox1": [1, 729, 1, 1023], "bbox2": [215, 767, 41, 1023], "obj1": "sky", "obj2": "trees", "relationship": "against"}, "negative": {"bbox1": [1, 334, 1, 1023], "bbox2": [4, 317, 18, 1023], "obj1": "sky", "obj2": "trees", "relationship": "in the front of"}}, {"filename1": "5161073556_6baf1865b3_b.jpg", "filename2": "9612276764_253ca7b6ba_o.jpg", "positive": {"bbox1": [1, 729, 1, 1023], "bbox2": [215, 767, 41, 1023], "obj1": "sky", "obj2": "trees", "relationship": "against"}, "negative": {"bbox1": [3, 311, 2, 601], "bbox2": [293, 348, 1, 610], "obj1": "sky", "obj2": "trees", "relationship": "under"}}, {"filename1": "5161073556_6baf1865b3_b.jpg", "filename2": "7624808688_072e6fa9fe_b.jpg", "positive": {"bbox1": [1, 729, 1, 1023], "bbox2": [215, 767, 41, 1023], "obj1": "sky", "obj2": "trees", "relationship": "against"}, "negative": {"bbox1": [4, 213, 2, 1023], "bbox2": [184, 246, 739, 1023], "obj1": "sky", "obj2": "trees", "relationship": "below"}}, {"filename1": "5161073556_6baf1865b3_b.jpg", "filename2": "9106657955_9eab8c674e_b.jpg", "positive": {"bbox1": [1, 729, 1, 1023], "bbox2": [215, 767, 41, 1023], "obj1": "sky", "obj2": "trees", "relationship": "against"}, "negative": {"bbox1": [3, 441, 1, 1023], "bbox2": [100, 434, 95, 807], "obj1": "sky", "obj2": "trees", "relationship": "below"}}, {"filename1": "5161073556_6baf1865b3_b.jpg", "filename2": "221876828_3ce54eee62_b.jpg", "positive": {"bbox1": [1, 729, 1, 1023], "bbox2": [215, 767, 41, 1023], "obj1": "sky", "obj2": "trees", "relationship": "against"}, "negative": {"bbox1": [1, 87, 118, 1023], "bbox2": [3, 177, 5, 1021], "obj1": "sky", "obj2": "trees", "relationship": "under"}}, {"filename1": "5161073556_6baf1865b3_b.jpg", "filename2": "4409166698_5d7e7bee13_b.jpg", "positive": {"bbox1": [1, 729, 1, 1023], "bbox2": [215, 767, 41, 1023], "obj1": "sky", "obj2": "trees", "relationship": "against"}, "negative": {"bbox1": [1, 302, 1, 1023], "bbox2": [421, 530, 337, 713], "obj1": "sky", "obj2": "trees", "relationship": "beneath"}}, {"filename1": "5161073556_6baf1865b3_b.jpg", "filename2": "5028235992_9869cd4710_b.jpg", "positive": {"bbox1": [1, 729, 1, 1023], "bbox2": [215, 767, 41, 1023], "obj1": "sky", "obj2": "trees", "relationship": "against"}, "negative": {"bbox1": [4, 361, 5, 1023], "bbox2": [157, 359, 66, 903], "obj1": "sky", "obj2": "trees", "relationship": "in the front of"}}, {"filename1": "5161073556_6baf1865b3_b.jpg", "filename2": "5055394969_d8b7c15547_b.jpg", "positive": {"bbox1": [1, 729, 1, 1023], "bbox2": [215, 767, 41, 1023], "obj1": "sky", "obj2": "trees", "relationship": "against"}, "negative": {"bbox1": [1, 417, 5, 1020], "bbox2": [355, 443, 47, 487], "obj1": "sky", "obj2": "trees", "relationship": "under"}}, {"filename1": "5161073556_6baf1865b3_b.jpg", "filename2": "5823074489_81671e5b8d_b.jpg", "positive": {"bbox1": [1, 729, 1, 1023], "bbox2": [215, 767, 41, 1023], "obj1": "sky", "obj2": "trees", "relationship": "against"}, "negative": {"bbox1": [1, 379, 1, 667], "bbox2": [343, 408, 226, 340], "obj1": "sky", "obj2": "trees", "relationship": "below"}}, {"filename1": "5161073556_6baf1865b3_b.jpg", "filename2": "9527663616_abf9b15054_b.jpg", "positive": {"bbox1": [1, 729, 1, 1023], "bbox2": [215, 767, 41, 1023], "obj1": "sky", "obj2": "trees", "relationship": "against"}, "negative": {"bbox1": [3, 267, 4, 1020], "bbox2": [250, 320, 6, 699], "obj1": "sky", "obj2": "trees", "relationship": "under"}}, {"filename1": "5161073556_6baf1865b3_b.jpg", "filename2": "2293686208_e0a4df2277_b.jpg", "positive": {"bbox1": [1, 729, 1, 1023], "bbox2": [215, 767, 41, 1023], "obj1": "sky", "obj2": "trees", "relationship": "against"}, "negative": {"bbox1": [1, 221, 4, 1024], "bbox2": [138, 258, 16, 202], "obj1": "sky", "obj2": "trees", "relationship": "by"}}, {"filename1": "5161073556_6baf1865b3_b.jpg", "filename2": "6922579202_34120ab9b5_b.jpg", "positive": {"bbox1": [1, 729, 1, 1023], "bbox2": [215, 767, 41, 1023], "obj1": "sky", "obj2": "trees", "relationship": "against"}, "negative": {"bbox1": [1, 124, 2, 1023], "bbox2": [2, 225, 1, 236], "obj1": "sky", "obj2": "trees", "relationship": "in the front of"}}, {"filename1": "5161073556_6baf1865b3_b.jpg", "filename2": "5355620374_fe9c865b1e_b.jpg", "positive": {"bbox1": [1, 729, 1, 1023], "bbox2": [215, 767, 41, 1023], "obj1": "sky", "obj2": "trees", "relationship": "against"}, "negative": {"bbox1": [1, 124, 1, 1021], "bbox2": [93, 303, 1, 1020], "obj1": "sky", "obj2": "trees", "relationship": "under"}}, {"filename1": "5161073556_6baf1865b3_b.jpg", "filename2": "8117448052_20a86e89cd_b.jpg", "positive": {"bbox1": [1, 729, 1, 1023], "bbox2": [215, 767, 41, 1023], "obj1": "sky", "obj2": "trees", "relationship": "against"}, "negative": {"bbox1": [3, 317, 298, 997], "bbox2": [4, 410, 2, 818], "obj1": "sky", "obj2": "trees", "relationship": "under"}}, {"filename1": "5161073556_6baf1865b3_b.jpg", "filename2": "4378764730_e312e54f9d_b.jpg", "positive": {"bbox1": [1, 729, 1, 1023], "bbox2": [215, 767, 41, 1023], "obj1": "sky", "obj2": "trees", "relationship": "against"}, "negative": {"bbox1": [3, 340, 1, 1022], "bbox2": [290, 640, 1, 1024], "obj1": "sky", "obj2": "trees", "relationship": "below"}}, {"filename1": "2541493200_4ff4767ebb_b.jpg", "filename2": "8216172261_c9787f8191_b.jpg", "positive": {"bbox1": [1, 342, 2, 1024], "bbox2": [226, 379, 415, 1020], "obj1": "sky", "obj2": "building", "relationship": "against"}, "negative": {"bbox1": [1, 442, 4, 1018], "bbox2": [133, 483, 147, 534], "obj1": "sky", "obj2": "building", "relationship": "under"}}, {"filename1": "2541493200_4ff4767ebb_b.jpg", "filename2": "7251798544_9e98b6fa49_b.jpg", "positive": {"bbox1": [1, 342, 2, 1024], "bbox2": [226, 379, 415, 1020], "obj1": "sky", "obj2": "building", "relationship": "against"}, "negative": {"bbox1": [3, 107, 5, 1023], "bbox2": [26, 155, 754, 931], "obj1": "sky", "obj2": "building", "relationship": "under"}}, {"filename1": "2541493200_4ff4767ebb_b.jpg", "filename2": "8843519334_2e429fe674_b.jpg", "positive": {"bbox1": [1, 342, 2, 1024], "bbox2": [226, 379, 415, 1020], "obj1": "sky", "obj2": "building", "relationship": "against"}, "negative": {"bbox1": [1, 390, 61, 1022], "bbox2": [241, 377, 628, 780], "obj1": "sky", "obj2": "building", "relationship": "in the front of"}}, {"filename1": "2541493200_4ff4767ebb_b.jpg", "filename2": "2929863596_f55bc72530_b.jpg", "positive": {"bbox1": [1, 342, 2, 1024], "bbox2": [226, 379, 415, 1020], "obj1": "sky", "obj2": "building", "relationship": "against"}, "negative": {"bbox1": [5, 234, 1, 1019], "bbox2": [1, 404, 153, 1022], "obj1": "sky", "obj2": "building", "relationship": "below"}}, {"filename1": "2541493200_4ff4767ebb_b.jpg", "filename2": "3303215762_22de8a999f_b.jpg", "positive": {"bbox1": [1, 342, 2, 1024], "bbox2": [226, 379, 415, 1020], "obj1": "sky", "obj2": "building", "relationship": "against"}, "negative": {"bbox1": [6, 326, 4, 761], "bbox2": [87, 457, 1, 498], "obj1": "sky", "obj2": "building", "relationship": "under"}}, {"filename1": "2541493200_4ff4767ebb_b.jpg", "filename2": "148612399_f6d4d891e7_b.jpg", "positive": {"bbox1": [1, 342, 2, 1024], "bbox2": [226, 379, 415, 1020], "obj1": "sky", "obj2": "building", "relationship": "against"}, "negative": {"bbox1": [3, 358, 350, 575], "bbox2": [176, 397, 445, 593], "obj1": "sky", "obj2": "building", "relationship": "next to"}}, {"filename1": "2541493200_4ff4767ebb_b.jpg", "filename2": "4942728226_fde93cd159_o.jpg", "positive": {"bbox1": [1, 342, 2, 1024], "bbox2": [226, 379, 415, 1020], "obj1": "sky", "obj2": "building", "relationship": "against"}, "negative": {"bbox1": [2, 70, 2, 639], "bbox2": [16, 62, 260, 490], "obj1": "sky", "obj2": "building", "relationship": "under"}}, {"filename1": "2541493200_4ff4767ebb_b.jpg", "filename2": "8176537916_a5e3008eba_b.jpg", "positive": {"bbox1": [1, 342, 2, 1024], "bbox2": [226, 379, 415, 1020], "obj1": "sky", "obj2": "building", "relationship": "against"}, "negative": {"bbox1": [3, 557, 3, 1022], "bbox2": [10, 692, 3, 930], "obj1": "sky", "obj2": "building", "relationship": "under"}}, {"filename1": "2541493200_4ff4767ebb_b.jpg", "filename2": "8176537916_a5e3008eba_b.jpg", "positive": {"bbox1": [1, 342, 2, 1024], "bbox2": [226, 379, 415, 1020], "obj1": "sky", "obj2": "building", "relationship": "against"}, "negative": {"bbox1": [3, 557, 3, 1022], "bbox2": [10, 692, 3, 930], "obj1": "sky", "obj2": "building", "relationship": "beneath"}}, {"filename1": "2541493200_4ff4767ebb_b.jpg", "filename2": "139715767_0b27a24c54_b.jpg", "positive": {"bbox1": [1, 342, 2, 1024], "bbox2": [226, 379, 415, 1020], "obj1": "sky", "obj2": "building", "relationship": "against"}, "negative": {"bbox1": [5, 210, 5, 764], "bbox2": [173, 279, 510, 754], "obj1": "sky", "obj2": "building", "relationship": "under"}}, {"filename1": "2541493200_4ff4767ebb_b.jpg", "filename2": "10036905043_1e7054fbc7_b.jpg", "positive": {"bbox1": [1, 342, 2, 1024], "bbox2": [226, 379, 415, 1020], "obj1": "sky", "obj2": "building", "relationship": "against"}, "negative": {"bbox1": [1, 268, 2, 1022], "bbox2": [77, 348, 2, 1024], "obj1": "sky", "obj2": "building", "relationship": "under"}}, {"filename1": "2541493200_4ff4767ebb_b.jpg", "filename2": "2477714696_25a351f983_b.jpg", "positive": {"bbox1": [1, 342, 2, 1024], "bbox2": [226, 379, 415, 1020], "obj1": "sky", "obj2": "building", "relationship": "against"}, "negative": {"bbox1": [11, 696, 9, 680], "bbox2": [44, 799, 101, 619], "obj1": "sky", "obj2": "building", "relationship": "under"}}, {"filename1": "2541493200_4ff4767ebb_b.jpg", "filename2": "6497679953_771067cff4_b.jpg", "positive": {"bbox1": [1, 342, 2, 1024], "bbox2": [226, 379, 415, 1020], "obj1": "sky", "obj2": "building", "relationship": "against"}, "negative": {"bbox1": [1, 364, 2, 1022], "bbox2": [238, 445, 101, 341], "obj1": "sky", "obj2": "building", "relationship": "below"}}, {"filename1": "2541493200_4ff4767ebb_b.jpg", "filename2": "8582568227_a0bbb5bec3_b.jpg", "positive": {"bbox1": [1, 342, 2, 1024], "bbox2": [226, 379, 415, 1020], "obj1": "sky", "obj2": "building", "relationship": "against"}, "negative": {"bbox1": [5, 371, 375, 1020], "bbox2": [6, 530, 1, 390], "obj1": "sky", "obj2": "building", "relationship": "by"}}, {"filename1": "2541493200_4ff4767ebb_b.jpg", "filename2": "8619157626_1eb937e053_b.jpg", "positive": {"bbox1": [1, 342, 2, 1024], "bbox2": [226, 379, 415, 1020], "obj1": "sky", "obj2": "building", "relationship": "against"}, "negative": {"bbox1": [3, 657, 4, 763], "bbox2": [279, 680, 509, 588], "obj1": "sky", "obj2": "building", "relationship": "beneath"}}, {"filename1": "2541493200_4ff4767ebb_b.jpg", "filename2": "5064006380_91f214e720_b.jpg", "positive": {"bbox1": [1, 342, 2, 1024], "bbox2": [226, 379, 415, 1020], "obj1": "sky", "obj2": "building", "relationship": "against"}, "negative": {"bbox1": [2, 653, 116, 1010], "bbox2": [377, 654, 413, 616], "obj1": "sky", "obj2": "building", "relationship": "below"}}, {"filename1": "2541493200_4ff4767ebb_b.jpg", "filename2": "5064006380_91f214e720_b.jpg", "positive": {"bbox1": [1, 342, 2, 1024], "bbox2": [226, 379, 415, 1020], "obj1": "sky", "obj2": "building", "relationship": "against"}, "negative": {"bbox1": [2, 653, 116, 1010], "bbox2": [367, 683, 421, 616], "obj1": "sky", "obj2": "building", "relationship": "under"}}, {"filename1": "2541493200_4ff4767ebb_b.jpg", "filename2": "2271010703_70ca4bb82d_b.jpg", "positive": {"bbox1": [1, 342, 2, 1024], "bbox2": [226, 379, 415, 1020], "obj1": "sky", "obj2": "building", "relationship": "against"}, "negative": {"bbox1": [1, 617, 2, 681], "bbox2": [100, 723, 37, 681], "obj1": "sky", "obj2": "building", "relationship": "in the front of"}}, {"filename1": "2541493200_4ff4767ebb_b.jpg", "filename2": "7367453990_6c12229820_b.jpg", "positive": {"bbox1": [1, 342, 2, 1024], "bbox2": [226, 379, 415, 1020], "obj1": "sky", "obj2": "building", "relationship": "against"}, "negative": {"bbox1": [1, 197, 1, 1024], "bbox2": [168, 217, 772, 819], "obj1": "sky", "obj2": "building", "relationship": "under"}}, {"filename1": "2541493200_4ff4767ebb_b.jpg", "filename2": "5270961363_e7d2fd79b1_b.jpg", "positive": {"bbox1": [1, 342, 2, 1024], "bbox2": [226, 379, 415, 1020], "obj1": "sky", "obj2": "building", "relationship": "against"}, "negative": {"bbox1": [1, 856, 1, 682], "bbox2": [91, 906, 200, 422], "obj1": "sky", "obj2": "building", "relationship": "in the front of"}}, {"filename1": "2541493200_4ff4767ebb_b.jpg", "filename2": "1480113496_0951939cc7_o.jpg", "positive": {"bbox1": [1, 342, 2, 1024], "bbox2": [226, 379, 415, 1020], "obj1": "sky", "obj2": "building", "relationship": "against"}, "negative": {"bbox1": [3, 952, 6, 1279], "bbox2": [751, 958, 743, 1278], "obj1": "sky", "obj2": "building", "relationship": "under"}}, {"filename1": "2541493200_4ff4767ebb_b.jpg", "filename2": "5122821013_b252c6e773_b.jpg", "positive": {"bbox1": [1, 342, 2, 1024], "bbox2": [226, 379, 415, 1020], "obj1": "sky", "obj2": "building", "relationship": "against"}, "negative": {"bbox1": [1, 218, 37, 1021], "bbox2": [77, 219, 313, 387], "obj1": "sky", "obj2": "building", "relationship": "under"}}, {"filename1": "2541493200_4ff4767ebb_b.jpg", "filename2": "4021441815_12cf45b67b_b.jpg", "positive": {"bbox1": [1, 342, 2, 1024], "bbox2": [226, 379, 415, 1020], "obj1": "sky", "obj2": "building", "relationship": "against"}, "negative": {"bbox1": [2, 116, 29, 681], "bbox2": [130, 466, 4, 527], "obj1": "sky", "obj2": "building", "relationship": "under"}}, {"filename1": "2541493200_4ff4767ebb_b.jpg", "filename2": "8238823803_dcf056c8cb_b.jpg", "positive": {"bbox1": [1, 342, 2, 1024], "bbox2": [226, 379, 415, 1020], "obj1": "sky", "obj2": "building", "relationship": "against"}, "negative": {"bbox1": [7, 697, 2, 768], "bbox2": [295, 686, 299, 458], "obj1": "sky", "obj2": "building", "relationship": "under"}}, {"filename1": "2541493200_4ff4767ebb_b.jpg", "filename2": "10057707565_bc954bd527_b.jpg", "positive": {"bbox1": [1, 342, 2, 1024], "bbox2": [226, 379, 415, 1020], "obj1": "sky", "obj2": "building", "relationship": "against"}, "negative": {"bbox1": [1, 378, 1, 916], "bbox2": [39, 408, 362, 604], "obj1": "sky", "obj2": "building", "relationship": "under"}}, {"filename1": "2541493200_4ff4767ebb_b.jpg", "filename2": "3366374028_7e3745e653_b.jpg", "positive": {"bbox1": [1, 342, 2, 1024], "bbox2": [226, 379, 415, 1020], "obj1": "sky", "obj2": "building", "relationship": "against"}, "negative": {"bbox1": [2, 258, 1, 767], "bbox2": [211, 442, 87, 768], "obj1": "sky", "obj2": "building", "relationship": "under"}}, {"filename1": "2541493200_4ff4767ebb_b.jpg", "filename2": "5342421768_f17b3c4792_b.jpg", "positive": {"bbox1": [1, 342, 2, 1024], "bbox2": [226, 379, 415, 1020], "obj1": "sky", "obj2": "building", "relationship": "against"}, "negative": {"bbox1": [4, 547, 2, 765], "bbox2": [244, 527, 7, 446], "obj1": "sky", "obj2": "building", "relationship": "under"}}, {"filename1": "2541493200_4ff4767ebb_b.jpg", "filename2": "5727563629_b0777f3a73_b.jpg", "positive": {"bbox1": [1, 342, 2, 1024], "bbox2": [226, 379, 415, 1020], "obj1": "sky", "obj2": "building", "relationship": "against"}, "negative": {"bbox1": [4, 905, 1, 683], "bbox2": [247, 882, 219, 457], "obj1": "sky", "obj2": "building", "relationship": "in the front of"}}, {"filename1": "2541493200_4ff4767ebb_b.jpg", "filename2": "4642418191_38340c3dfc_b.jpg", "positive": {"bbox1": [1, 342, 2, 1024], "bbox2": [226, 379, 415, 1020], "obj1": "sky", "obj2": "building", "relationship": "against"}, "negative": {"bbox1": [3, 670, 2, 731], "bbox2": [1, 983, 197, 521], "obj1": "sky", "obj2": "building", "relationship": "below"}}, {"filename1": "2541493200_4ff4767ebb_b.jpg", "filename2": "8983138560_77d023a1f7_b.jpg", "positive": {"bbox1": [1, 342, 2, 1024], "bbox2": [226, 379, 415, 1020], "obj1": "sky", "obj2": "building", "relationship": "against"}, "negative": {"bbox1": [1, 360, 3, 1022], "bbox2": [222, 380, 483, 748], "obj1": "sky", "obj2": "building", "relationship": "under"}}, {"filename1": "2541493200_4ff4767ebb_b.jpg", "filename2": "8593865068_4e3933c1b3_b.jpg", "positive": {"bbox1": [1, 342, 2, 1024], "bbox2": [226, 379, 415, 1020], "obj1": "sky", "obj2": "building", "relationship": "against"}, "negative": {"bbox1": [1, 289, 5, 1023], "bbox2": [244, 327, 4, 446], "obj1": "sky", "obj2": "building", "relationship": "under"}}, {"filename1": "2541493200_4ff4767ebb_b.jpg", "filename2": "5889938408_34b3e0b108_b.jpg", "positive": {"bbox1": [1, 342, 2, 1024], "bbox2": [226, 379, 415, 1020], "obj1": "sky", "obj2": "building", "relationship": "against"}, "negative": {"bbox1": [2, 407, 1, 799], "bbox2": [388, 463, 37, 176], "obj1": "sky", "obj2": "building", "relationship": "under"}}, {"filename1": "2541493200_4ff4767ebb_b.jpg", "filename2": "3481713952_01ba5e2b39_o.jpg", "positive": {"bbox1": [1, 342, 2, 1024], "bbox2": [226, 379, 415, 1020], "obj1": "sky", "obj2": "building", "relationship": "against"}, "negative": {"bbox1": [2, 104, 3, 799], "bbox2": [55, 127, 49, 290], "obj1": "sky", "obj2": "building", "relationship": "under"}}, {"filename1": "2541493200_4ff4767ebb_b.jpg", "filename2": "2226052191_65e1c5223b_b.jpg", "positive": {"bbox1": [1, 342, 2, 1024], "bbox2": [226, 379, 415, 1020], "obj1": "sky", "obj2": "building", "relationship": "against"}, "negative": {"bbox1": [1, 100, 19, 640], "bbox2": [55, 305, 2, 486], "obj1": "sky", "obj2": "building", "relationship": "under"}}, {"filename1": "2541493200_4ff4767ebb_b.jpg", "filename2": "5059772276_ba566e426f_b.jpg", "positive": {"bbox1": [1, 342, 2, 1024], "bbox2": [226, 379, 415, 1020], "obj1": "sky", "obj2": "building", "relationship": "against"}, "negative": {"bbox1": [1, 482, 1, 908], "bbox2": [75, 555, 106, 366], "obj1": "sky", "obj2": "building", "relationship": "below"}}, {"filename1": "2541493200_4ff4767ebb_b.jpg", "filename2": "5059772276_ba566e426f_b.jpg", "positive": {"bbox1": [1, 342, 2, 1024], "bbox2": [226, 379, 415, 1020], "obj1": "sky", "obj2": "building", "relationship": "against"}, "negative": {"bbox1": [1, 482, 1, 908], "bbox2": [75, 555, 106, 366], "obj1": "sky", "obj2": "building", "relationship": "beneath"}}, {"filename1": "2541493200_4ff4767ebb_b.jpg", "filename2": "5059772276_ba566e426f_b.jpg", "positive": {"bbox1": [1, 342, 2, 1024], "bbox2": [226, 379, 415, 1020], "obj1": "sky", "obj2": "building", "relationship": "against"}, "negative": {"bbox1": [1, 482, 1, 908], "bbox2": [75, 555, 106, 366], "obj1": "sky", "obj2": "building", "relationship": "under"}}, {"filename1": "2541493200_4ff4767ebb_b.jpg", "filename2": "2754987744_d6b6c62545_b.jpg", "positive": {"bbox1": [1, 342, 2, 1024], "bbox2": [226, 379, 415, 1020], "obj1": "sky", "obj2": "building", "relationship": "against"}, "negative": {"bbox1": [4, 308, 1, 1024], "bbox2": [263, 332, 119, 1022], "obj1": "sky", "obj2": "building", "relationship": "under"}}, {"filename1": "2541493200_4ff4767ebb_b.jpg", "filename2": "3580941967_a33d14ae6d_b.jpg", "positive": {"bbox1": [1, 342, 2, 1024], "bbox2": [226, 379, 415, 1020], "obj1": "sky", "obj2": "building", "relationship": "against"}, "negative": {"bbox1": [62, 134, 130, 624], "bbox2": [144, 402, 230, 400], "obj1": "sky", "obj2": "building", "relationship": "under"}}, {"filename1": "2541493200_4ff4767ebb_b.jpg", "filename2": "4635848452_796850ce91_b.jpg", "positive": {"bbox1": [1, 342, 2, 1024], "bbox2": [226, 379, 415, 1020], "obj1": "sky", "obj2": "building", "relationship": "against"}, "negative": {"bbox1": [5, 657, 1, 555], "bbox2": [3, 831, 507, 766], "obj1": "sky", "obj2": "building", "relationship": "next to"}}, {"filename1": "4379384908_8db5e2ac4b_b.jpg", "filename2": "3303215762_22de8a999f_b.jpg", "positive": {"bbox1": [1, 250, 3, 1022], "bbox2": [3, 200, 679, 1023], "obj1": "sky", "obj2": "mountain", "relationship": "against"}, "negative": {"bbox1": [6, 326, 4, 761], "bbox2": [261, 467, 466, 762], "obj1": "sky", "obj2": "mountain", "relationship": "under"}}, {"filename1": "4379384908_8db5e2ac4b_b.jpg", "filename2": "4409166698_5d7e7bee13_b.jpg", "positive": {"bbox1": [1, 250, 3, 1022], "bbox2": [3, 200, 679, 1023], "obj1": "sky", "obj2": "mountain", "relationship": "against"}, "negative": {"bbox1": [1, 302, 1, 1023], "bbox2": [129, 482, 1, 1024], "obj1": "sky", "obj2": "mountain", "relationship": "beneath"}}, {"filename1": "4379384908_8db5e2ac4b_b.jpg", "filename2": "6116946649_7be3d70d6c_b.jpg", "positive": {"bbox1": [1, 250, 3, 1022], "bbox2": [3, 200, 679, 1023], "obj1": "sky", "obj2": "mountain", "relationship": "against"}, "negative": {"bbox1": [185, 377, 2, 765], "bbox2": [226, 571, 6, 763], "obj1": "sky", "obj2": "mountain", "relationship": "under"}}, {"filename1": "4379384908_8db5e2ac4b_b.jpg", "filename2": "5057922927_526bfd8fc8_b.jpg", "positive": {"bbox1": [1, 250, 3, 1022], "bbox2": [3, 200, 679, 1023], "obj1": "sky", "obj2": "mountain", "relationship": "against"}, "negative": {"bbox1": [1, 227, 1, 709], "bbox2": [60, 379, 1, 371], "obj1": "sky", "obj2": "mountain", "relationship": "under"}}, {"filename1": "4379384908_8db5e2ac4b_b.jpg", "filename2": "8190993390_332a0c0b4f_b.jpg", "positive": {"bbox1": [1, 250, 3, 1022], "bbox2": [3, 200, 679, 1023], "obj1": "sky", "obj2": "mountain", "relationship": "against"}, "negative": {"bbox1": [1, 221, 1, 1022], "bbox2": [149, 252, 336, 1024], "obj1": "sky", "obj2": "mountain", "relationship": "under"}}, {"filename1": "4379384908_8db5e2ac4b_b.jpg", "filename2": "4626019950_7c03013b7a_o.jpg", "positive": {"bbox1": [1, 250, 3, 1022], "bbox2": [3, 200, 679, 1023], "obj1": "sky", "obj2": "mountain", "relationship": "against"}, "negative": {"bbox1": [7, 324, 1, 791], "bbox2": [210, 333, 1, 800], "obj1": "sky", "obj2": "mountain", "relationship": "under"}}, {"filename1": "4379384908_8db5e2ac4b_b.jpg", "filename2": "7049941075_7021a72e06_b.jpg", "positive": {"bbox1": [1, 250, 3, 1022], "bbox2": [3, 200, 679, 1023], "obj1": "sky", "obj2": "mountain", "relationship": "against"}, "negative": {"bbox1": [1, 99, 2, 1022], "bbox2": [1, 173, 265, 1022], "obj1": "sky", "obj2": "mountain", "relationship": "beneath"}}, {"filename1": "4379384908_8db5e2ac4b_b.jpg", "filename2": "7049941075_7021a72e06_b.jpg", "positive": {"bbox1": [1, 250, 3, 1022], "bbox2": [3, 200, 679, 1023], "obj1": "sky", "obj2": "mountain", "relationship": "against"}, "negative": {"bbox1": [1, 99, 2, 1022], "bbox2": [1, 173, 265, 1022], "obj1": "sky", "obj2": "mountain", "relationship": "below"}}, {"filename1": "4379384908_8db5e2ac4b_b.jpg", "filename2": "4887944579_3a20056dc8_b.jpg", "positive": {"bbox1": [1, 250, 3, 1022], "bbox2": [3, 200, 679, 1023], "obj1": "sky", "obj2": "mountain", "relationship": "against"}, "negative": {"bbox1": [1, 122, 1, 907], "bbox2": [43, 423, 1, 1020], "obj1": "sky", "obj2": "mountain", "relationship": "below"}}, {"filename1": "4379384908_8db5e2ac4b_b.jpg", "filename2": "4887944579_3a20056dc8_b.jpg", "positive": {"bbox1": [1, 250, 3, 1022], "bbox2": [3, 200, 679, 1023], "obj1": "sky", "obj2": "mountain", "relationship": "against"}, "negative": {"bbox1": [1, 122, 1, 907], "bbox2": [221, 761, 2, 1021], "obj1": "sky", "obj2": "mountain", "relationship": "below"}}, {"filename1": "4379384908_8db5e2ac4b_b.jpg", "filename2": "3054732003_703d14322c_b.jpg", "positive": {"bbox1": [1, 250, 3, 1022], "bbox2": [3, 200, 679, 1023], "obj1": "sky", "obj2": "mountain", "relationship": "against"}, "negative": {"bbox1": [3, 193, 2, 1023], "bbox2": [120, 321, 5, 1023], "obj1": "sky", "obj2": "mountain", "relationship": "below"}}, {"filename1": "4379384908_8db5e2ac4b_b.jpg", "filename2": "9328336020_e4d345fe73_b.jpg", "positive": {"bbox1": [1, 250, 3, 1022], "bbox2": [3, 200, 679, 1023], "obj1": "sky", "obj2": "mountain", "relationship": "against"}, "negative": {"bbox1": [6, 306, 5, 1023], "bbox2": [271, 324, 147, 800], "obj1": "sky", "obj2": "mountain", "relationship": "below"}}, {"filename1": "4379384908_8db5e2ac4b_b.jpg", "filename2": "8291598394_76f579b7e2_b.jpg", "positive": {"bbox1": [1, 250, 3, 1022], "bbox2": [3, 200, 679, 1023], "obj1": "sky", "obj2": "mountain", "relationship": "against"}, "negative": {"bbox1": [4, 250, 4, 1024], "bbox2": [219, 259, 3, 1024], "obj1": "sky", "obj2": "mountain", "relationship": "below"}}, {"filename1": "4167423873_35fd75157c_b.jpg", "filename2": "6054335817_cda0e0e9f6_b.jpg", "positive": {"bbox1": [1, 289, 2, 365], "bbox2": [5, 671, 176, 1024], "obj1": "sky", "obj2": "umbrella", "relationship": "against"}, "negative": {"bbox1": [2, 267, 1, 1024], "bbox2": [222, 243, 796, 869], "obj1": "sky", "obj2": "umbrella", "relationship": "under"}}, {"filename1": "4167423873_35fd75157c_b.jpg", "filename2": "6006963922_ac961c83f8_b.jpg", "positive": {"bbox1": [1, 289, 2, 365], "bbox2": [5, 671, 176, 1024], "obj1": "sky", "obj2": "umbrella", "relationship": "against"}, "negative": {"bbox1": [3, 123, 3, 1022], "bbox2": [251, 479, 448, 973], "obj1": "sky", "obj2": "umbrella", "relationship": "below"}}]}