{"predicate": "attach to", "examples": [{"filename1": "5438909944_a667bfb07c_b.jpg", "filename2": "778431470_1e6dd58099_o.jpg", "positive": {"bbox1": [28, 1006, 9, 412], "bbox2": [478, 547, 362, 477], "obj1": "building", "obj2": "clock", "relationship": "attach to"}, "negative": {"bbox1": [270, 594, 76, 745], "bbox2": [265, 352, 543, 629], "obj1": "building", "obj2": "clock", "relationship": "over"}}, {"filename1": "5438909944_a667bfb07c_b.jpg", "filename2": "383923578_96dfb2aeb8_o.jpg", "positive": {"bbox1": [28, 1006, 9, 412], "bbox2": [478, 547, 362, 477], "obj1": "building", "obj2": "clock", "relationship": "attach to"}, "negative": {"bbox1": [132, 434, 110, 246], "bbox2": [153, 270, 111, 222], "obj1": "building", "obj2": "clock", "relationship": "on"}}, {"filename1": "5438909944_a667bfb07c_b.jpg", "filename2": "9438045523_2e832236ab_b.jpg", "positive": {"bbox1": [28, 1006, 9, 412], "bbox2": [478, 547, 362, 477], "obj1": "building", "obj2": "clock", "relationship": "attach to"}, "negative": {"bbox1": [511, 732, 333, 662], "bbox2": [24, 454, 326, 588], "obj1": "building", "obj2": "clock", "relationship": "in the front of"}}, {"filename1": "5438909944_a667bfb07c_b.jpg", "filename2": "8583799163_a56a8b6d34_b.jpg", "positive": {"bbox1": [28, 1006, 9, 412], "bbox2": [478, 547, 362, 477], "obj1": "building", "obj2": "clock", "relationship": "attach to"}, "negative": {"bbox1": [18, 528, 1, 792], "bbox2": [179, 224, 249, 289], "obj1": "building", "obj2": "clock", "relationship": "on"}}, {"filename1": "5438909944_a667bfb07c_b.jpg", "filename2": "739335222_ba38e974fb_b.jpg", "positive": {"bbox1": [28, 1006, 9, 412], "bbox2": [478, 547, 362, 477], "obj1": "building", "obj2": "clock", "relationship": "attach to"}, "negative": {"bbox1": [40, 569, 29, 1023], "bbox2": [118, 184, 556, 609], "obj1": "building", "obj2": "clock", "relationship": "on"}}, {"filename1": "5438909944_a667bfb07c_b.jpg", "filename2": "739335222_ba38e974fb_b.jpg", "positive": {"bbox1": [28, 1006, 9, 412], "bbox2": [478, 547, 362, 477], "obj1": "building", "obj2": "clock", "relationship": "attach to"}, "negative": {"bbox1": [32, 570, 30, 1021], "bbox2": [118, 184, 556, 609], "obj1": "building", "obj2": "clock", "relationship": "on"}}, {"filename1": "5438909944_a667bfb07c_b.jpg", "filename2": "6910005930_192261f242_b.jpg", "positive": {"bbox1": [28, 1006, 9, 412], "bbox2": [478, 547, 362, 477], "obj1": "building", "obj2": "clock", "relationship": "attach to"}, "negative": {"bbox1": [2, 682, 604, 938], "bbox2": [279, 525, 228, 477], "obj1": "building", "obj2": "clock", "relationship": "in the front of"}}, {"filename1": "5438909944_a667bfb07c_b.jpg", "filename2": "9345467423_de81c400d7_b.jpg", "positive": {"bbox1": [28, 1006, 9, 412], "bbox2": [478, 547, 362, 477], "obj1": "building", "obj2": "clock", "relationship": "attach to"}, "negative": {"bbox1": [610, 1021, 1, 768], "bbox2": [372, 521, 323, 455], "obj1": "building", "obj2": "clock", "relationship": "above"}}, {"filename1": "5438909944_a667bfb07c_b.jpg", "filename2": "6924307422_c9ce62893d_b.jpg", "positive": {"bbox1": [28, 1006, 9, 412], "bbox2": [478, 547, 362, 477], "obj1": "building", "obj2": "clock", "relationship": "attach to"}, "negative": {"bbox1": [51, 764, 75, 904], "bbox2": [567, 675, 488, 597], "obj1": "building", "obj2": "clock", "relationship": "on"}}, {"filename1": "5438909944_a667bfb07c_b.jpg", "filename2": "8905821431_efa1754087_b.jpg", "positive": {"bbox1": [28, 1006, 9, 412], "bbox2": [478, 547, 362, 477], "obj1": "building", "obj2": "clock", "relationship": "attach to"}, "negative": {"bbox1": [59, 351, 203, 510], "bbox2": [279, 317, 238, 272], "obj1": "building", "obj2": "clock", "relationship": "on"}}, {"filename1": "5438909944_a667bfb07c_b.jpg", "filename2": "8271894715_b27086a2a4_b.jpg", "positive": {"bbox1": [28, 1006, 9, 412], "bbox2": [478, 547, 362, 477], "obj1": "building", "obj2": "clock", "relationship": "attach to"}, "negative": {"bbox1": [170, 707, 2, 641], "bbox2": [377, 439, 297, 349], "obj1": "building", "obj2": "clock", "relationship": "on"}}, {"filename1": "5438909944_a667bfb07c_b.jpg", "filename2": "237250439_8367d9e703_b.jpg", "positive": {"bbox1": [28, 1006, 9, 412], "bbox2": [478, 547, 362, 477], "obj1": "building", "obj2": "clock", "relationship": "attach to"}, "negative": {"bbox1": [105, 978, 200, 567], "bbox2": [526, 571, 291, 342], "obj1": "building", "obj2": "clock", "relationship": "on"}}, {"filename1": "5438909944_a667bfb07c_b.jpg", "filename2": "7483795534_b824f0025c_b.jpg", "positive": {"bbox1": [28, 1006, 9, 412], "bbox2": [478, 547, 362, 477], "obj1": "building", "obj2": "clock", "relationship": "attach to"}, "negative": {"bbox1": [34, 838, 53, 766], "bbox2": [136, 185, 311, 361], "obj1": "building", "obj2": "clock", "relationship": "on"}}, {"filename1": "5438909944_a667bfb07c_b.jpg", "filename2": "6225578706_25d3693e3b_b.jpg", "positive": {"bbox1": [28, 1006, 9, 412], "bbox2": [478, 547, 362, 477], "obj1": "building", "obj2": "clock", "relationship": "attach to"}, "negative": {"bbox1": [1, 1024, 303, 767], "bbox2": [25, 267, 363, 590], "obj1": "building", "obj2": "clock", "relationship": "on"}}, {"filename1": "5438909944_a667bfb07c_b.jpg", "filename2": "5850770343_d363047c4d_b.jpg", "positive": {"bbox1": [28, 1006, 9, 412], "bbox2": [478, 547, 362, 477], "obj1": "building", "obj2": "clock", "relationship": "attach to"}, "negative": {"bbox1": [528, 781, 48, 620], "bbox2": [204, 249, 435, 480], "obj1": "building", "obj2": "clock", "relationship": "above"}}, {"filename1": "5438909944_a667bfb07c_b.jpg", "filename2": "7659882108_36734ff491_b.jpg", "positive": {"bbox1": [28, 1006, 9, 412], "bbox2": [478, 547, 362, 477], "obj1": "building", "obj2": "clock", "relationship": "attach to"}, "negative": {"bbox1": [44, 657, 397, 943], "bbox2": [227, 355, 679, 804], "obj1": "building", "obj2": "clock", "relationship": "on"}}, {"filename1": "5438909944_a667bfb07c_b.jpg", "filename2": "3678622376_85ac2f5665_b.jpg", "positive": {"bbox1": [28, 1006, 9, 412], "bbox2": [478, 547, 362, 477], "obj1": "building", "obj2": "clock", "relationship": "attach to"}, "negative": {"bbox1": [197, 683, 31, 1021], "bbox2": [316, 333, 197, 210], "obj1": "building", "obj2": "clock", "relationship": "on"}}, {"filename1": "5438909944_a667bfb07c_b.jpg", "filename2": "3880764331_cd8965048a_b.jpg", "positive": {"bbox1": [28, 1006, 9, 412], "bbox2": [478, 547, 362, 477], "obj1": "building", "obj2": "clock", "relationship": "attach to"}, "negative": {"bbox1": [299, 866, 92, 742], "bbox2": [411, 475, 373, 425], "obj1": "building", "obj2": "clock", "relationship": "on"}}, {"filename1": "5438909944_a667bfb07c_b.jpg", "filename2": "8709924584_66c1ae3a43_b.jpg", "positive": {"bbox1": [28, 1006, 9, 412], "bbox2": [478, 547, 362, 477], "obj1": "building", "obj2": "clock", "relationship": "attach to"}, "negative": {"bbox1": [51, 602, 421, 599], "bbox2": [153, 184, 486, 532], "obj1": "building", "obj2": "clock", "relationship": "on"}}, {"filename1": "5438909944_a667bfb07c_b.jpg", "filename2": "7195531926_92c045ce78_b.jpg", "positive": {"bbox1": [28, 1006, 9, 412], "bbox2": [478, 547, 362, 477], "obj1": "building", "obj2": "clock", "relationship": "attach to"}, "negative": {"bbox1": [13, 708, 299, 556], "bbox2": [359, 392, 385, 422], "obj1": "building", "obj2": "clock", "relationship": "on"}}, {"filename1": "5438909944_a667bfb07c_b.jpg", "filename2": "4719738880_0a29f1527f_b.jpg", "positive": {"bbox1": [28, 1006, 9, 412], "bbox2": [478, 547, 362, 477], "obj1": "building", "obj2": "clock", "relationship": "attach to"}, "negative": {"bbox1": [1, 383, 4, 309], "bbox2": [137, 205, 202, 251], "obj1": "building", "obj2": "clock", "relationship": "on"}}, {"filename1": "5438909944_a667bfb07c_b.jpg", "filename2": "7122511447_7276173c8e_b.jpg", "positive": {"bbox1": [28, 1006, 9, 412], "bbox2": [478, 547, 362, 477], "obj1": "building", "obj2": "clock", "relationship": "attach to"}, "negative": {"bbox1": [95, 986, 108, 679], "bbox2": [420, 486, 198, 265], "obj1": "building", "obj2": "clock", "relationship": "on"}}, {"filename1": "5438909944_a667bfb07c_b.jpg", "filename2": "7122511447_7276173c8e_b.jpg", "positive": {"bbox1": [28, 1006, 9, 412], "bbox2": [478, 547, 362, 477], "obj1": "building", "obj2": "clock", "relationship": "attach to"}, "negative": {"bbox1": [60, 954, 124, 634], "bbox2": [420, 486, 198, 265], "obj1": "building", "obj2": "clock", "relationship": "on"}}, {"filename1": "5438909944_a667bfb07c_b.jpg", "filename2": "9022905277_b7434eaed0_b.jpg", "positive": {"bbox1": [28, 1006, 9, 412], "bbox2": [478, 547, 362, 477], "obj1": "building", "obj2": "clock", "relationship": "attach to"}, "negative": {"bbox1": [34, 991, 1, 645], "bbox2": [358, 410, 306, 364], "obj1": "building", "obj2": "clock", "relationship": "on"}}, {"filename1": "5438909944_a667bfb07c_b.jpg", "filename2": "9022905277_b7434eaed0_b.jpg", "positive": {"bbox1": [28, 1006, 9, 412], "bbox2": [478, 547, 362, 477], "obj1": "building", "obj2": "clock", "relationship": "attach to"}, "negative": {"bbox1": [45, 971, 25, 644], "bbox2": [358, 410, 306, 364], "obj1": "building", "obj2": "clock", "relationship": "on"}}, {"filename1": "5438909944_a667bfb07c_b.jpg", "filename2": "5624823129_2d8d9e1d29_b.jpg", "positive": {"bbox1": [28, 1006, 9, 412], "bbox2": [478, 547, 362, 477], "obj1": "building", "obj2": "clock", "relationship": "attach to"}, "negative": {"bbox1": [3, 549, 19, 742], "bbox2": [409, 450, 416, 449], "obj1": "building", "obj2": "clock", "relationship": "in the front of"}}, {"filename1": "5438909944_a667bfb07c_b.jpg", "filename2": "10147453325_118722886c_b.jpg", "positive": {"bbox1": [28, 1006, 9, 412], "bbox2": [478, 547, 362, 477], "obj1": "building", "obj2": "clock", "relationship": "attach to"}, "negative": {"bbox1": [70, 857, 1, 480], "bbox2": [234, 280, 230, 262], "obj1": "building", "obj2": "clock", "relationship": "on"}}, {"filename1": "5438909944_a667bfb07c_b.jpg", "filename2": "10119542383_50cf004132_b.jpg", "positive": {"bbox1": [28, 1006, 9, 412], "bbox2": [478, 547, 362, 477], "obj1": "building", "obj2": "clock", "relationship": "attach to"}, "negative": {"bbox1": [86, 659, 155, 725], "bbox2": [255, 327, 445, 510], "obj1": "building", "obj2": "clock", "relationship": "on"}}, {"filename1": "5438909944_a667bfb07c_b.jpg", "filename2": "5870356720_1369aacf2b_b.jpg", "positive": {"bbox1": [28, 1006, 9, 412], "bbox2": [478, 547, 362, 477], "obj1": "building", "obj2": "clock", "relationship": "attach to"}, "negative": {"bbox1": [250, 500, 74, 890], "bbox2": [360, 405, 502, 547], "obj1": "building", "obj2": "clock", "relationship": "on"}}, {"filename1": "5438909944_a667bfb07c_b.jpg", "filename2": "851770348_06759b2d05_b.jpg", "positive": {"bbox1": [28, 1006, 9, 412], "bbox2": [478, 547, 362, 477], "obj1": "building", "obj2": "clock", "relationship": "attach to"}, "negative": {"bbox1": [69, 765, 1, 882], "bbox2": [329, 380, 577, 657], "obj1": "building", "obj2": "clock", "relationship": "on"}}, {"filename1": "5438909944_a667bfb07c_b.jpg", "filename2": "7958656436_afa0831586_b.jpg", "positive": {"bbox1": [28, 1006, 9, 412], "bbox2": [478, 547, 362, 477], "obj1": "building", "obj2": "clock", "relationship": "attach to"}, "negative": {"bbox1": [67, 947, 1, 484], "bbox2": [270, 362, 381, 451], "obj1": "building", "obj2": "clock", "relationship": "on"}}, {"filename1": "5438909944_a667bfb07c_b.jpg", "filename2": "8511176011_216b8626b0_b.jpg", "positive": {"bbox1": [28, 1006, 9, 412], "bbox2": [478, 547, 362, 477], "obj1": "building", "obj2": "clock", "relationship": "attach to"}, "negative": {"bbox1": [644, 835, 152, 290], "bbox2": [265, 332, 315, 389], "obj1": "building", "obj2": "clock", "relationship": "above"}}, {"filename1": "5438909944_a667bfb07c_b.jpg", "filename2": "331753017_d9791f7fb2_o.jpg", "positive": {"bbox1": [28, 1006, 9, 412], "bbox2": [478, 547, 362, 477], "obj1": "building", "obj2": "clock", "relationship": "attach to"}, "negative": {"bbox1": [36, 616, 381, 752], "bbox2": [302, 340, 523, 562], "obj1": "building", "obj2": "clock", "relationship": "on"}}, {"filename1": "5438909944_a667bfb07c_b.jpg", "filename2": "331753017_d9791f7fb2_o.jpg", "positive": {"bbox1": [28, 1006, 9, 412], "bbox2": [478, 547, 362, 477], "obj1": "building", "obj2": "clock", "relationship": "attach to"}, "negative": {"bbox1": [36, 616, 381, 752], "bbox2": [302, 340, 523, 562], "obj1": "building", "obj2": "clock", "relationship": "on"}}, {"filename1": "5438909944_a667bfb07c_b.jpg", "filename2": "8176537916_a5e3008eba_b.jpg", "positive": {"bbox1": [28, 1006, 9, 412], "bbox2": [478, 547, 362, 477], "obj1": "building", "obj2": "clock", "relationship": "attach to"}, "negative": {"bbox1": [10, 692, 3, 930], "bbox2": [334, 368, 333, 358], "obj1": "building", "obj2": "clock", "relationship": "on"}}, {"filename1": "5438909944_a667bfb07c_b.jpg", "filename2": "8619157626_1eb937e053_b.jpg", "positive": {"bbox1": [28, 1006, 9, 412], "bbox2": [478, 547, 362, 477], "obj1": "building", "obj2": "clock", "relationship": "attach to"}, "negative": {"bbox1": [279, 680, 509, 588], "bbox2": [420, 462, 509, 591], "obj1": "building", "obj2": "clock", "relationship": "on"}}, {"filename1": "5438909944_a667bfb07c_b.jpg", "filename2": "5727563629_b0777f3a73_b.jpg", "positive": {"bbox1": [28, 1006, 9, 412], "bbox2": [478, 547, 362, 477], "obj1": "building", "obj2": "clock", "relationship": "attach to"}, "negative": {"bbox1": [247, 882, 219, 457], "bbox2": [501, 559, 330, 385], "obj1": "building", "obj2": "clock", "relationship": "on"}}, {"filename1": "5438909944_a667bfb07c_b.jpg", "filename2": "6732759807_4583b60355_b.jpg", "positive": {"bbox1": [28, 1006, 9, 412], "bbox2": [478, 547, 362, 477], "obj1": "building", "obj2": "clock", "relationship": "attach to"}, "negative": {"bbox1": [65, 682, 1, 1023], "bbox2": [74, 160, 463, 559], "obj1": "building", "obj2": "clock", "relationship": "on"}}, {"filename1": "778431470_1e6dd58099_o.jpg", "filename2": "8701002472_f6d300500b_b.jpg", "positive": {"bbox1": [270, 594, 76, 745], "bbox2": [52, 486, 522, 717], "obj1": "building", "obj2": "tower", "relationship": "attach to"}, "negative": {"bbox1": [364, 857, 7, 763], "bbox2": [357, 587, 333, 452], "obj1": "building", "obj2": "tower", "relationship": "on"}}, {"filename1": "778431470_1e6dd58099_o.jpg", "filename2": "9414988919_1ae1612288_o.jpg", "positive": {"bbox1": [270, 594, 76, 745], "bbox2": [52, 486, 522, 717], "obj1": "building", "obj2": "tower", "relationship": "attach to"}, "negative": {"bbox1": [177, 339, 327, 360], "bbox2": [238, 343, 368, 394], "obj1": "building", "obj2": "tower", "relationship": "next to"}}, {"filename1": "778431470_1e6dd58099_o.jpg", "filename2": "2274699389_b912eafb26_b.jpg", "positive": {"bbox1": [270, 594, 76, 745], "bbox2": [52, 486, 522, 717], "obj1": "building", "obj2": "tower", "relationship": "attach to"}, "negative": {"bbox1": [88, 845, 67, 658], "bbox2": [87, 493, 149, 302], "obj1": "building", "obj2": "tower", "relationship": "on"}}, {"filename1": "778431470_1e6dd58099_o.jpg", "filename2": "6933046610_c151eb99a6_b.jpg", "positive": {"bbox1": [270, 594, 76, 745], "bbox2": [52, 486, 522, 717], "obj1": "building", "obj2": "tower", "relationship": "attach to"}, "negative": {"bbox1": [30, 971, 8, 485], "bbox2": [15, 476, 216, 380], "obj1": "building", "obj2": "tower", "relationship": "above"}}, {"filename1": "778431470_1e6dd58099_o.jpg", "filename2": "6924307422_c9ce62893d_b.jpg", "positive": {"bbox1": [270, 594, 76, 745], "bbox2": [52, 486, 522, 717], "obj1": "building", "obj2": "tower", "relationship": "attach to"}, "negative": {"bbox1": [51, 764, 75, 904], "bbox2": [51, 692, 399, 649], "obj1": "building", "obj2": "tower", "relationship": "on"}}, {"filename1": "778431470_1e6dd58099_o.jpg", "filename2": "8061982122_1856f3707e_b.jpg", "positive": {"bbox1": [270, 594, 76, 745], "bbox2": [52, 486, 522, 717], "obj1": "building", "obj2": "tower", "relationship": "attach to"}, "negative": {"bbox1": [254, 713, 9, 191], "bbox2": [4, 733, 194, 339], "obj1": "building", "obj2": "tower", "relationship": "taller than"}}, {"filename1": "778431470_1e6dd58099_o.jpg", "filename2": "6575049869_4dd37bf31f_b.jpg", "positive": {"bbox1": [270, 594, 76, 745], "bbox2": [52, 486, 522, 717], "obj1": "building", "obj2": "tower", "relationship": "attach to"}, "negative": {"bbox1": [680, 954, 13, 386], "bbox2": [391, 590, 526, 585], "obj1": "building", "obj2": "tower", "relationship": "near"}}, {"filename1": "778431470_1e6dd58099_o.jpg", "filename2": "2411401463_2f60063fdf_b.jpg", "positive": {"bbox1": [270, 594, 76, 745], "bbox2": [52, 486, 522, 717], "obj1": "building", "obj2": "tower", "relationship": "attach to"}, "negative": {"bbox1": [36, 516, 273, 814], "bbox2": [41, 522, 479, 607], "obj1": "building", "obj2": "tower", "relationship": "taller than"}}, {"filename1": "778431470_1e6dd58099_o.jpg", "filename2": "5424065497_4df32c5bd1_b.jpg", "positive": {"bbox1": [270, 594, 76, 745], "bbox2": [52, 486, 522, 717], "obj1": "building", "obj2": "tower", "relationship": "attach to"}, "negative": {"bbox1": [196, 404, 268, 1022], "bbox2": [94, 245, 666, 697], "obj1": "building", "obj2": "tower", "relationship": "on"}}, {"filename1": "778431470_1e6dd58099_o.jpg", "filename2": "6992077968_ca242be857_b.jpg", "positive": {"bbox1": [270, 594, 76, 745], "bbox2": [52, 486, 522, 717], "obj1": "building", "obj2": "tower", "relationship": "attach to"}, "negative": {"bbox1": [460, 551, 216, 636], "bbox2": [66, 473, 463, 594], "obj1": "building", "obj2": "tower", "relationship": "above"}}, {"filename1": "778431470_1e6dd58099_o.jpg", "filename2": "341609224_8e9be1ecd9_b.jpg", "positive": {"bbox1": [270, 594, 76, 745], "bbox2": [52, 486, 522, 717], "obj1": "building", "obj2": "tower", "relationship": "attach to"}, "negative": {"bbox1": [31, 472, 154, 1022], "bbox2": [25, 267, 266, 390], "obj1": "building", "obj2": "tower", "relationship": "on"}}, {"filename1": "778431470_1e6dd58099_o.jpg", "filename2": "341609224_8e9be1ecd9_b.jpg", "positive": {"bbox1": [270, 594, 76, 745], "bbox2": [52, 486, 522, 717], "obj1": "building", "obj2": "tower", "relationship": "attach to"}, "negative": {"bbox1": [140, 441, 152, 457], "bbox2": [138, 432, 168, 213], "obj1": "building", "obj2": "tower", "relationship": "on"}}, {"filename1": "778431470_1e6dd58099_o.jpg", "filename2": "8271894715_b27086a2a4_b.jpg", "positive": {"bbox1": [270, 594, 76, 745], "bbox2": [52, 486, 522, 717], "obj1": "building", "obj2": "tower", "relationship": "attach to"}, "negative": {"bbox1": [170, 707, 2, 641], "bbox2": [200, 470, 246, 400], "obj1": "building", "obj2": "tower", "relationship": "on the top of"}}, {"filename1": "778431470_1e6dd58099_o.jpg", "filename2": "7749688588_8803133bfc_b.jpg", "positive": {"bbox1": [270, 594, 76, 745], "bbox2": [52, 486, 522, 717], "obj1": "building", "obj2": "tower", "relationship": "attach to"}, "negative": {"bbox1": [598, 985, 436, 545], "bbox2": [21, 985, 151, 507], "obj1": "building", "obj2": "tower", "relationship": "next to"}}, {"filename1": "778431470_1e6dd58099_o.jpg", "filename2": "5850770343_d363047c4d_b.jpg", "positive": {"bbox1": [270, 594, 76, 745], "bbox2": [52, 486, 522, 717], "obj1": "building", "obj2": "tower", "relationship": "attach to"}, "negative": {"bbox1": [528, 781, 48, 620], "bbox2": [58, 587, 365, 521], "obj1": "building", "obj2": "tower", "relationship": "behind"}}, {"filename1": "778431470_1e6dd58099_o.jpg", "filename2": "9598312981_0af6aaf49c_b.jpg", "positive": {"bbox1": [270, 594, 76, 745], "bbox2": [52, 486, 522, 717], "obj1": "building", "obj2": "tower", "relationship": "attach to"}, "negative": {"bbox1": [297, 423, 584, 1017], "bbox2": [70, 342, 878, 953], "obj1": "building", "obj2": "tower", "relationship": "above"}}, {"filename1": "778431470_1e6dd58099_o.jpg", "filename2": "5756648582_afb1475267_b.jpg", "positive": {"bbox1": [270, 594, 76, 745], "bbox2": [52, 486, 522, 717], "obj1": "building", "obj2": "tower", "relationship": "attach to"}, "negative": {"bbox1": [32, 425, 250, 837], "bbox2": [30, 396, 251, 350], "obj1": "building", "obj2": "tower", "relationship": "on the top of"}}, {"filename1": "778431470_1e6dd58099_o.jpg", "filename2": "1681852402_c832132ae6_o.jpg", "positive": {"bbox1": [270, 594, 76, 745], "bbox2": [52, 486, 522, 717], "obj1": "building", "obj2": "tower", "relationship": "attach to"}, "negative": {"bbox1": [61, 821, 101, 468], "bbox2": [43, 386, 265, 433], "obj1": "building", "obj2": "tower", "relationship": "above"}}, {"filename1": "778431470_1e6dd58099_o.jpg", "filename2": "8254453084_944209de6b_b.jpg", "positive": {"bbox1": [270, 594, 76, 745], "bbox2": [52, 486, 522, 717], "obj1": "building", "obj2": "tower", "relationship": "attach to"}, "negative": {"bbox1": [541, 890, 489, 760], "bbox2": [7, 944, 292, 543], "obj1": "building", "obj2": "tower", "relationship": "next to"}}, {"filename1": "778431470_1e6dd58099_o.jpg", "filename2": "10300024456_8b0bffef3c_b.jpg", "positive": {"bbox1": [270, 594, 76, 745], "bbox2": [52, 486, 522, 717], "obj1": "building", "obj2": "tower", "relationship": "attach to"}, "negative": {"bbox1": [159, 854, 182, 577], "bbox2": [161, 512, 306, 441], "obj1": "building", "obj2": "tower", "relationship": "on"}}, {"filename1": "778431470_1e6dd58099_o.jpg", "filename2": "7238699884_6ab55752d5_b.jpg", "positive": {"bbox1": [270, 594, 76, 745], "bbox2": [52, 486, 522, 717], "obj1": "building", "obj2": "tower", "relationship": "attach to"}, "negative": {"bbox1": [24, 866, 96, 767], "bbox2": [22, 516, 305, 505], "obj1": "building", "obj2": "tower", "relationship": "on the top of"}}, {"filename1": "778431470_1e6dd58099_o.jpg", "filename2": "851770348_06759b2d05_b.jpg", "positive": {"bbox1": [270, 594, 76, 745], "bbox2": [52, 486, 522, 717], "obj1": "building", "obj2": "tower", "relationship": "attach to"}, "negative": {"bbox1": [69, 765, 1, 882], "bbox2": [71, 765, 491, 778], "obj1": "building", "obj2": "tower", "relationship": "on"}}, {"filename1": "778431470_1e6dd58099_o.jpg", "filename2": "851770348_06759b2d05_b.jpg", "positive": {"bbox1": [270, 594, 76, 745], "bbox2": [52, 486, 522, 717], "obj1": "building", "obj2": "tower", "relationship": "attach to"}, "negative": {"bbox1": [69, 765, 1, 882], "bbox2": [71, 765, 491, 778], "obj1": "building", "obj2": "tower", "relationship": "next to"}}, {"filename1": "778431470_1e6dd58099_o.jpg", "filename2": "7958656436_afa0831586_b.jpg", "positive": {"bbox1": [270, 594, 76, 745], "bbox2": [52, 486, 522, 717], "obj1": "building", "obj2": "tower", "relationship": "attach to"}, "negative": {"bbox1": [67, 947, 1, 484], "bbox2": [45, 716, 234, 483], "obj1": "building", "obj2": "tower", "relationship": "on"}}, {"filename1": "778431470_1e6dd58099_o.jpg", "filename2": "213302785_4d9451fdce_b.jpg", "positive": {"bbox1": [270, 594, 76, 745], "bbox2": [52, 486, 522, 717], "obj1": "building", "obj2": "tower", "relationship": "attach to"}, "negative": {"bbox1": [5, 883, 72, 852], "bbox2": [1, 453, 128, 288], "obj1": "building", "obj2": "tower", "relationship": "above"}}, {"filename1": "778431470_1e6dd58099_o.jpg", "filename2": "12233612_7f26134262_b.jpg", "positive": {"bbox1": [270, 594, 76, 745], "bbox2": [52, 486, 522, 717], "obj1": "building", "obj2": "tower", "relationship": "attach to"}, "negative": {"bbox1": [310, 609, 1, 1019], "bbox2": [1, 337, 187, 359], "obj1": "building", "obj2": "tower", "relationship": "on"}}, {"filename1": "778431470_1e6dd58099_o.jpg", "filename2": "5270961363_e7d2fd79b1_b.jpg", "positive": {"bbox1": [270, 594, 76, 745], "bbox2": [52, 486, 522, 717], "obj1": "building", "obj2": "tower", "relationship": "attach to"}, "negative": {"bbox1": [91, 906, 200, 422], "bbox2": [85, 294, 274, 404], "obj1": "building", "obj2": "tower", "relationship": "on the top of"}}, {"filename1": "778431470_1e6dd58099_o.jpg", "filename2": "5270961363_e7d2fd79b1_b.jpg", "positive": {"bbox1": [270, 594, 76, 745], "bbox2": [52, 486, 522, 717], "obj1": "building", "obj2": "tower", "relationship": "attach to"}, "negative": {"bbox1": [860, 1023, 222, 448], "bbox2": [85, 294, 274, 404], "obj1": "building", "obj2": "tower", "relationship": "above"}}, {"filename1": "778431470_1e6dd58099_o.jpg", "filename2": "5644841292_6e33bb5a2d_b.jpg", "positive": {"bbox1": [270, 594, 76, 745], "bbox2": [52, 486, 522, 717], "obj1": "building", "obj2": "tower", "relationship": "attach to"}, "negative": {"bbox1": [323, 673, 381, 766], "bbox2": [79, 537, 374, 475], "obj1": "building", "obj2": "tower", "relationship": "behind"}}, {"filename1": "778431470_1e6dd58099_o.jpg", "filename2": "7460069662_135e7e7c5f_b.jpg", "positive": {"bbox1": [270, 594, 76, 745], "bbox2": [52, 486, 522, 717], "obj1": "building", "obj2": "tower", "relationship": "attach to"}, "negative": {"bbox1": [43, 601, 240, 803], "bbox2": [43, 297, 417, 549], "obj1": "building", "obj2": "tower", "relationship": "on"}}, {"filename1": "778431470_1e6dd58099_o.jpg", "filename2": "7460069662_135e7e7c5f_b.jpg", "positive": {"bbox1": [270, 594, 76, 745], "bbox2": [52, 486, 522, 717], "obj1": "building", "obj2": "tower", "relationship": "attach to"}, "negative": {"bbox1": [43, 601, 240, 803], "bbox2": [43, 297, 417, 549], "obj1": "building", "obj2": "tower", "relationship": "on the top of"}}, {"filename1": "778431470_1e6dd58099_o.jpg", "filename2": "5891538354_113af61738_b.jpg", "positive": {"bbox1": [270, 594, 76, 745], "bbox2": [52, 486, 522, 717], "obj1": "building", "obj2": "tower", "relationship": "attach to"}, "negative": {"bbox1": [493, 719, 5, 208], "bbox2": [257, 714, 203, 275], "obj1": "building", "obj2": "tower", "relationship": "near"}}, {"filename1": "778431470_1e6dd58099_o.jpg", "filename2": "8360964090_52034c2a2c_o.jpg", "positive": {"bbox1": [270, 594, 76, 745], "bbox2": [52, 486, 522, 717], "obj1": "building", "obj2": "tower", "relationship": "attach to"}, "negative": {"bbox1": [1, 427, 9, 585], "bbox2": [3, 258, 471, 560], "obj1": "building", "obj2": "tower", "relationship": "on"}}, {"filename1": "778431470_1e6dd58099_o.jpg", "filename2": "7622250392_38003fd8ea_b.jpg", "positive": {"bbox1": [270, 594, 76, 745], "bbox2": [52, 486, 522, 717], "obj1": "building", "obj2": "tower", "relationship": "attach to"}, "negative": {"bbox1": [185, 850, 3, 619], "bbox2": [182, 457, 279, 355], "obj1": "building", "obj2": "tower", "relationship": "on the top of"}}, {"filename1": "8206728578_75a1d2f7ed_b.jpg", "filename2": "21080172_d6abfaa184_o.jpg", "positive": {"bbox1": [141, 280, 901, 972], "bbox2": [507, 558, 119, 155], "obj1": "kite", "obj2": "person", "relationship": "attach to"}, "negative": {"bbox1": [87, 164, 287, 365], "bbox2": [539, 702, 221, 298], "obj1": "kite", "obj2": "person", "relationship": "below"}}, {"filename1": "8206728578_75a1d2f7ed_b.jpg", "filename2": "21080172_d6abfaa184_o.jpg", "positive": {"bbox1": [141, 280, 901, 972], "bbox2": [507, 558, 119, 155], "obj1": "kite", "obj2": "person", "relationship": "attach to"}, "negative": {"bbox1": [87, 164, 287, 365], "bbox2": [539, 702, 221, 298], "obj1": "kite", "obj2": "person", "relationship": "below"}}, {"filename1": "8206728578_75a1d2f7ed_b.jpg", "filename2": "21080172_d6abfaa184_o.jpg", "positive": {"bbox1": [141, 280, 901, 972], "bbox2": [507, 558, 119, 155], "obj1": "kite", "obj2": "person", "relationship": "attach to"}, "negative": {"bbox1": [87, 164, 287, 365], "bbox2": [539, 702, 221, 298], "obj1": "kite", "obj2": "person", "relationship": "look"}}, {"filename1": "8206728578_75a1d2f7ed_b.jpg", "filename2": "6684668915_6301c466d5_b.jpg", "positive": {"bbox1": [141, 280, 901, 972], "bbox2": [507, 558, 119, 155], "obj1": "kite", "obj2": "person", "relationship": "attach to"}, "negative": {"bbox1": [397, 616, 632, 915], "bbox2": [303, 690, 622, 767], "obj1": "kite", "obj2": "person", "relationship": "hold"}}, {"filename1": "8206728578_75a1d2f7ed_b.jpg", "filename2": "7721123202_91089fcbb9_o.jpg", "positive": {"bbox1": [141, 280, 901, 972], "bbox2": [507, 558, 119, 155], "obj1": "kite", "obj2": "person", "relationship": "attach to"}, "negative": {"bbox1": [128, 141, 470, 490], "bbox2": [543, 587, 120, 140], "obj1": "kite", "obj2": "person", "relationship": "with"}}, {"filename1": "8206728578_75a1d2f7ed_b.jpg", "filename2": "7721123202_91089fcbb9_o.jpg", "positive": {"bbox1": [141, 280, 901, 972], "bbox2": [507, 558, 119, 155], "obj1": "kite", "obj2": "person", "relationship": "attach to"}, "negative": {"bbox1": [128, 141, 470, 490], "bbox2": [543, 587, 120, 140], "obj1": "kite", "obj2": "person", "relationship": "fly"}}, {"filename1": "8206728578_75a1d2f7ed_b.jpg", "filename2": "98752825_6a59fd30ec_b.jpg", "positive": {"bbox1": [141, 280, 901, 972], "bbox2": [507, 558, 119, 155], "obj1": "kite", "obj2": "person", "relationship": "attach to"}, "negative": {"bbox1": [316, 637, 229, 831], "bbox2": [200, 552, 444, 774], "obj1": "kite", "obj2": "person", "relationship": "has"}}, {"filename1": "8206728578_75a1d2f7ed_b.jpg", "filename2": "98752825_6a59fd30ec_b.jpg", "positive": {"bbox1": [141, 280, 901, 972], "bbox2": [507, 558, 119, 155], "obj1": "kite", "obj2": "person", "relationship": "attach to"}, "negative": {"bbox1": [316, 637, 229, 831], "bbox2": [200, 552, 444, 774], "obj1": "kite", "obj2": "person", "relationship": "hold"}}, {"filename1": "8206728578_75a1d2f7ed_b.jpg", "filename2": "248100894_27d190374e_b.jpg", "positive": {"bbox1": [141, 280, 901, 972], "bbox2": [507, 558, 119, 155], "obj1": "kite", "obj2": "person", "relationship": "attach to"}, "negative": {"bbox1": [743, 861, 418, 588], "bbox2": [803, 880, 276, 310], "obj1": "kite", "obj2": "person", "relationship": "fly"}}, {"filename1": "8206728578_75a1d2f7ed_b.jpg", "filename2": "4268681866_8ce0d50503_o.jpg", "positive": {"bbox1": [141, 280, 901, 972], "bbox2": [507, 558, 119, 155], "obj1": "kite", "obj2": "person", "relationship": "attach to"}, "negative": {"bbox1": [215, 389, 274, 715], "bbox2": [13, 576, 306, 509], "obj1": "kite", "obj2": "person", "relationship": "behind"}}, {"filename1": "8206728578_75a1d2f7ed_b.jpg", "filename2": "523628458_fabab83cbc_o.jpg", "positive": {"bbox1": [141, 280, 901, 972], "bbox2": [507, 558, 119, 155], "obj1": "kite", "obj2": "person", "relationship": "attach to"}, "negative": {"bbox1": [251, 556, 949, 1277], "bbox2": [390, 892, 46, 196], "obj1": "kite", "obj2": "person", "relationship": "fly"}}, {"filename1": "8206728578_75a1d2f7ed_b.jpg", "filename2": "3399252741_f9646c2711_b.jpg", "positive": {"bbox1": [141, 280, 901, 972], "bbox2": [507, 558, 119, 155], "obj1": "kite", "obj2": "person", "relationship": "attach to"}, "negative": {"bbox1": [335, 584, 94, 291], "bbox2": [383, 653, 256, 416], "obj1": "kite", "obj2": "person", "relationship": "look"}}, {"filename1": "8206728578_75a1d2f7ed_b.jpg", "filename2": "3399252741_f9646c2711_b.jpg", "positive": {"bbox1": [141, 280, 901, 972], "bbox2": [507, 558, 119, 155], "obj1": "kite", "obj2": "person", "relationship": "attach to"}, "negative": {"bbox1": [335, 584, 94, 291], "bbox2": [340, 938, 558, 766], "obj1": "kite", "obj2": "person", "relationship": "fly"}}, {"filename1": "8206728578_75a1d2f7ed_b.jpg", "filename2": "257099253_9161872c7b_b.jpg", "positive": {"bbox1": [141, 280, 901, 972], "bbox2": [507, 558, 119, 155], "obj1": "kite", "obj2": "person", "relationship": "attach to"}, "negative": {"bbox1": [302, 413, 180, 242], "bbox2": [704, 738, 710, 748], "obj1": "kite", "obj2": "person", "relationship": "fly"}}, {"filename1": "8206728578_75a1d2f7ed_b.jpg", "filename2": "3524120106_02fce9c97a_b.jpg", "positive": {"bbox1": [141, 280, 901, 972], "bbox2": [507, 558, 119, 155], "obj1": "kite", "obj2": "person", "relationship": "attach to"}, "negative": {"bbox1": [149, 219, 556, 592], "bbox2": [320, 491, 273, 370], "obj1": "kite", "obj2": "person", "relationship": "fly"}}, {"filename1": "8206728578_75a1d2f7ed_b.jpg", "filename2": "3524120106_02fce9c97a_b.jpg", "positive": {"bbox1": [141, 280, 901, 972], "bbox2": [507, 558, 119, 155], "obj1": "kite", "obj2": "person", "relationship": "attach to"}, "negative": {"bbox1": [149, 219, 556, 592], "bbox2": [393, 443, 695, 726], "obj1": "kite", "obj2": "person", "relationship": "under"}}, {"filename1": "8206728578_75a1d2f7ed_b.jpg", "filename2": "7152546589_51fa6f2b2c_b.jpg", "positive": {"bbox1": [141, 280, 901, 972], "bbox2": [507, 558, 119, 155], "obj1": "kite", "obj2": "person", "relationship": "attach to"}, "negative": {"bbox1": [59, 579, 329, 661], "bbox2": [85, 122, 372, 390], "obj1": "kite", "obj2": "person", "relationship": "under"}}, {"filename1": "8206728578_75a1d2f7ed_b.jpg", "filename2": "7152546589_51fa6f2b2c_b.jpg", "positive": {"bbox1": [141, 280, 901, 972], "bbox2": [507, 558, 119, 155], "obj1": "kite", "obj2": "person", "relationship": "attach to"}, "negative": {"bbox1": [59, 579, 329, 661], "bbox2": [85, 122, 372, 390], "obj1": "kite", "obj2": "person", "relationship": "watch"}}, {"filename1": "8206728578_75a1d2f7ed_b.jpg", "filename2": "4433556373_ddfabedff5_o.jpg", "positive": {"bbox1": [141, 280, 901, 972], "bbox2": [507, 558, 119, 155], "obj1": "kite", "obj2": "person", "relationship": "attach to"}, "negative": {"bbox1": [445, 498, 241, 334], "bbox2": [462, 800, 258, 511], "obj1": "kite", "obj2": "person", "relationship": "fly"}}, {"filename1": "8206728578_75a1d2f7ed_b.jpg", "filename2": "5267114933_94a1cabde2_b.jpg", "positive": {"bbox1": [141, 280, 901, 972], "bbox2": [507, 558, 119, 155], "obj1": "kite", "obj2": "person", "relationship": "attach to"}, "negative": {"bbox1": [311, 493, 476, 631], "bbox2": [430, 768, 446, 608], "obj1": "kite", "obj2": "person", "relationship": "under"}}, {"filename1": "8206728578_75a1d2f7ed_b.jpg", "filename2": "3395657247_d6374c8149_b.jpg", "positive": {"bbox1": [141, 280, 901, 972], "bbox2": [507, 558, 119, 155], "obj1": "kite", "obj2": "person", "relationship": "attach to"}, "negative": {"bbox1": [248, 325, 479, 544], "bbox2": [197, 511, 154, 288], "obj1": "kite", "obj2": "person", "relationship": "hold"}}, {"filename1": "8206728578_75a1d2f7ed_b.jpg", "filename2": "174733606_147c9f7504_b.jpg", "positive": {"bbox1": [141, 280, 901, 972], "bbox2": [507, 558, 119, 155], "obj1": "kite", "obj2": "person", "relationship": "attach to"}, "negative": {"bbox1": [172, 209, 507, 546], "bbox2": [122, 736, 547, 886], "obj1": "kite", "obj2": "person", "relationship": "fly"}}, {"filename1": "8206728578_75a1d2f7ed_b.jpg", "filename2": "96962166_b98a28206a_o.jpg", "positive": {"bbox1": [141, 280, 901, 972], "bbox2": [507, 558, 119, 155], "obj1": "kite", "obj2": "person", "relationship": "attach to"}, "negative": {"bbox1": [59, 480, 30, 567], "bbox2": [193, 470, 196, 367], "obj1": "kite", "obj2": "person", "relationship": "fly"}}, {"filename1": "8206728578_75a1d2f7ed_b.jpg", "filename2": "96962166_b98a28206a_o.jpg", "positive": {"bbox1": [141, 280, 901, 972], "bbox2": [507, 558, 119, 155], "obj1": "kite", "obj2": "person", "relationship": "attach to"}, "negative": {"bbox1": [59, 480, 30, 567], "bbox2": [193, 470, 196, 367], "obj1": "kite", "obj2": "person", "relationship": "below"}}, {"filename1": "8206728578_75a1d2f7ed_b.jpg", "filename2": "96962166_b98a28206a_o.jpg", "positive": {"bbox1": [141, 280, 901, 972], "bbox2": [507, 558, 119, 155], "obj1": "kite", "obj2": "person", "relationship": "attach to"}, "negative": {"bbox1": [59, 480, 30, 567], "bbox2": [193, 470, 196, 367], "obj1": "kite", "obj2": "person", "relationship": "hold"}}, {"filename1": "8206728578_75a1d2f7ed_b.jpg", "filename2": "4433860306_64fd032fe7_b.jpg", "positive": {"bbox1": [141, 280, 901, 972], "bbox2": [507, 558, 119, 155], "obj1": "kite", "obj2": "person", "relationship": "attach to"}, "negative": {"bbox1": [179, 303, 542, 649], "bbox2": [166, 313, 410, 498], "obj1": "kite", "obj2": "person", "relationship": "on the left of"}}, {"filename1": "8206728578_75a1d2f7ed_b.jpg", "filename2": "4433860306_64fd032fe7_b.jpg", "positive": {"bbox1": [141, 280, 901, 972], "bbox2": [507, 558, 119, 155], "obj1": "kite", "obj2": "person", "relationship": "attach to"}, "negative": {"bbox1": [245, 618, 231, 658], "bbox2": [223, 608, 606, 737], "obj1": "kite", "obj2": "person", "relationship": "hold"}}, {"filename1": "8206728578_75a1d2f7ed_b.jpg", "filename2": "360450155_a00b8d55f2_b.jpg", "positive": {"bbox1": [141, 280, 901, 972], "bbox2": [507, 558, 119, 155], "obj1": "kite", "obj2": "person", "relationship": "attach to"}, "negative": {"bbox1": [472, 632, 613, 797], "bbox2": [380, 694, 645, 773], "obj1": "kite", "obj2": "person", "relationship": "hold"}}, {"filename1": "8206728578_75a1d2f7ed_b.jpg", "filename2": "360450155_a00b8d55f2_b.jpg", "positive": {"bbox1": [141, 280, 901, 972], "bbox2": [507, 558, 119, 155], "obj1": "kite", "obj2": "person", "relationship": "attach to"}, "negative": {"bbox1": [353, 507, 1, 152], "bbox2": [246, 681, 2, 178], "obj1": "kite", "obj2": "person", "relationship": "hold"}}, {"filename1": "8206728578_75a1d2f7ed_b.jpg", "filename2": "360450155_a00b8d55f2_b.jpg", "positive": {"bbox1": [141, 280, 901, 972], "bbox2": [507, 558, 119, 155], "obj1": "kite", "obj2": "person", "relationship": "attach to"}, "negative": {"bbox1": [272, 441, 760, 976], "bbox2": [220, 681, 838, 965], "obj1": "kite", "obj2": "person", "relationship": "hold"}}, {"filename1": "8206728578_75a1d2f7ed_b.jpg", "filename2": "360450155_a00b8d55f2_b.jpg", "positive": {"bbox1": [141, 280, 901, 972], "bbox2": [507, 558, 119, 155], "obj1": "kite", "obj2": "person", "relationship": "attach to"}, "negative": {"bbox1": [17, 157, 423, 575], "bbox2": [110, 641, 405, 590], "obj1": "kite", "obj2": "person", "relationship": "hold"}}, {"filename1": "8206728578_75a1d2f7ed_b.jpg", "filename2": "194872763_0593c92057_b.jpg", "positive": {"bbox1": [141, 280, 901, 972], "bbox2": [507, 558, 119, 155], "obj1": "kite", "obj2": "person", "relationship": "attach to"}, "negative": {"bbox1": [229, 282, 165, 215], "bbox2": [649, 884, 315, 420], "obj1": "kite", "obj2": "person", "relationship": "fly"}}, {"filename1": "8206728578_75a1d2f7ed_b.jpg", "filename2": "194872763_0593c92057_b.jpg", "positive": {"bbox1": [141, 280, 901, 972], "bbox2": [507, 558, 119, 155], "obj1": "kite", "obj2": "person", "relationship": "attach to"}, "negative": {"bbox1": [156, 185, 490, 521], "bbox2": [654, 814, 535, 632], "obj1": "kite", "obj2": "person", "relationship": "fly"}}, {"filename1": "8206728578_75a1d2f7ed_b.jpg", "filename2": "2344877974_328ae71769_b.jpg", "positive": {"bbox1": [141, 280, 901, 972], "bbox2": [507, 558, 119, 155], "obj1": "kite", "obj2": "person", "relationship": "attach to"}, "negative": {"bbox1": [49, 97, 609, 826], "bbox2": [322, 680, 495, 668], "obj1": "kite", "obj2": "person", "relationship": "below"}}, {"filename1": "8206728578_75a1d2f7ed_b.jpg", "filename2": "2344877974_328ae71769_b.jpg", "positive": {"bbox1": [141, 280, 901, 972], "bbox2": [507, 558, 119, 155], "obj1": "kite", "obj2": "person", "relationship": "attach to"}, "negative": {"bbox1": [49, 97, 609, 826], "bbox2": [257, 433, 524, 632], "obj1": "kite", "obj2": "person", "relationship": "below"}}, {"filename1": "8206728578_75a1d2f7ed_b.jpg", "filename2": "655943072_b41d8cb0e8_b.jpg", "positive": {"bbox1": [141, 280, 901, 972], "bbox2": [507, 558, 119, 155], "obj1": "kite", "obj2": "person", "relationship": "attach to"}, "negative": {"bbox1": [13, 689, 197, 767], "bbox2": [676, 896, 116, 209], "obj1": "kite", "obj2": "person", "relationship": "hold"}}, {"filename1": "8206728578_75a1d2f7ed_b.jpg", "filename2": "655943072_b41d8cb0e8_b.jpg", "positive": {"bbox1": [141, 280, 901, 972], "bbox2": [507, 558, 119, 155], "obj1": "kite", "obj2": "person", "relationship": "attach to"}, "negative": {"bbox1": [13, 689, 197, 767], "bbox2": [676, 896, 116, 209], "obj1": "kite", "obj2": "person", "relationship": "hold"}}, {"filename1": "8206728578_75a1d2f7ed_b.jpg", "filename2": "6665990339_d9ce91180b_b.jpg", "positive": {"bbox1": [141, 280, 901, 972], "bbox2": [507, 558, 119, 155], "obj1": "kite", "obj2": "person", "relationship": "attach to"}, "negative": {"bbox1": [107, 190, 519, 610], "bbox2": [329, 363, 213, 226], "obj1": "kite", "obj2": "person", "relationship": "under"}}, {"filename1": "8206728578_75a1d2f7ed_b.jpg", "filename2": "5086731538_ece3200089_b.jpg", "positive": {"bbox1": [141, 280, 901, 972], "bbox2": [507, 558, 119, 155], "obj1": "kite", "obj2": "person", "relationship": "attach to"}, "negative": {"bbox1": [399, 449, 517, 546], "bbox2": [589, 634, 521, 556], "obj1": "kite", "obj2": "person", "relationship": "fly"}}, {"filename1": "9282375036_2fab66f7fb_b.jpg", "filename2": "2732795843_3a3f06a4f2_b.jpg", "positive": {"bbox1": [153, 656, 176, 521], "bbox2": [457, 548, 312, 414], "obj1": "tower", "obj2": "clock", "relationship": "attach to"}, "negative": {"bbox1": [346, 765, 418, 555], "bbox2": [483, 512, 485, 524], "obj1": "tower", "obj2": "clock", "relationship": "on"}}, {"filename1": "9282375036_2fab66f7fb_b.jpg", "filename2": "7177546048_1cce817e9c_b.jpg", "positive": {"bbox1": [153, 656, 176, 521], "bbox2": [457, 548, 312, 414], "obj1": "tower", "obj2": "clock", "relationship": "attach to"}, "negative": {"bbox1": [1, 641, 528, 636], "bbox2": [233, 292, 555, 615], "obj1": "tower", "obj2": "clock", "relationship": "on"}}, {"filename1": "9282375036_2fab66f7fb_b.jpg", "filename2": "12233612_7f26134262_b.jpg", "positive": {"bbox1": [153, 656, 176, 521], "bbox2": [457, 548, 312, 414], "obj1": "tower", "obj2": "clock", "relationship": "attach to"}, "negative": {"bbox1": [1, 337, 187, 359], "bbox2": [19, 125, 215, 318], "obj1": "tower", "obj2": "clock", "relationship": "on"}}, {"filename1": "9282375036_2fab66f7fb_b.jpg", "filename2": "8191984745_85008771cd_b.jpg", "positive": {"bbox1": [153, 656, 176, 521], "bbox2": [457, 548, 312, 414], "obj1": "tower", "obj2": "clock", "relationship": "attach to"}, "negative": {"bbox1": [5, 645, 752, 917], "bbox2": [192, 251, 791, 844], "obj1": "tower", "obj2": "clock", "relationship": "on"}}, {"filename1": "9282375036_2fab66f7fb_b.jpg", "filename2": "8619157626_1eb937e053_b.jpg", "positive": {"bbox1": [153, 656, 176, 521], "bbox2": [457, 548, 312, 414], "obj1": "tower", "obj2": "clock", "relationship": "attach to"}, "negative": {"bbox1": [258, 695, 520, 600], "bbox2": [420, 462, 509, 591], "obj1": "tower", "obj2": "clock", "relationship": "inside"}}, {"filename1": "9282375036_2fab66f7fb_b.jpg", "filename2": "9763666406_2ccafb1192_b.jpg", "positive": {"bbox1": [153, 656, 176, 521], "bbox2": [457, 548, 312, 414], "obj1": "tower", "obj2": "clock", "relationship": "attach to"}, "negative": {"bbox1": [68, 874, 133, 476], "bbox2": [178, 237, 220, 299], "obj1": "tower", "obj2": "clock", "relationship": "on"}}, {"filename1": "9282375036_2fab66f7fb_b.jpg", "filename2": "5644841292_6e33bb5a2d_b.jpg", "positive": {"bbox1": [153, 656, 176, 521], "bbox2": [457, 548, 312, 414], "obj1": "tower", "obj2": "clock", "relationship": "attach to"}, "negative": {"bbox1": [79, 537, 374, 475], "bbox2": [161, 196, 404, 447], "obj1": "tower", "obj2": "clock", "relationship": "on"}}, {"filename1": "9282375036_2fab66f7fb_b.jpg", "filename2": "7460069662_135e7e7c5f_b.jpg", "positive": {"bbox1": [153, 656, 176, 521], "bbox2": [457, 548, 312, 414], "obj1": "tower", "obj2": "clock", "relationship": "attach to"}, "negative": {"bbox1": [43, 297, 417, 549], "bbox2": [210, 274, 423, 457], "obj1": "tower", "obj2": "clock", "relationship": "on"}}, {"filename1": "9282375036_2fab66f7fb_b.jpg", "filename2": "7942510014_57f58c61f0_b.jpg", "positive": {"bbox1": [153, 656, 176, 521], "bbox2": [457, 548, 312, 414], "obj1": "tower", "obj2": "clock", "relationship": "attach to"}, "negative": {"bbox1": [192, 763, 312, 475], "bbox2": [442, 502, 344, 390], "obj1": "tower", "obj2": "clock", "relationship": "on"}}, {"filename1": "9282375036_2fab66f7fb_b.jpg", "filename2": "7942510014_57f58c61f0_b.jpg", "positive": {"bbox1": [153, 656, 176, 521], "bbox2": [457, 548, 312, 414], "obj1": "tower", "obj2": "clock", "relationship": "attach to"}, "negative": {"bbox1": [192, 763, 312, 475], "bbox2": [442, 502, 344, 390], "obj1": "tower", "obj2": "clock", "relationship": "near"}}, {"filename1": "9282375036_2fab66f7fb_b.jpg", "filename2": "8340678534_4a18952ba6_b.jpg", "positive": {"bbox1": [153, 656, 176, 521], "bbox2": [457, 548, 312, 414], "obj1": "tower", "obj2": "clock", "relationship": "attach to"}, "negative": {"bbox1": [159, 484, 249, 413], "bbox2": [222, 271, 319, 364], "obj1": "tower", "obj2": "clock", "relationship": "on"}}, {"filename1": "9282375036_2fab66f7fb_b.jpg", "filename2": "8340678534_4a18952ba6_b.jpg", "positive": {"bbox1": [153, 656, 176, 521], "bbox2": [457, 548, 312, 414], "obj1": "tower", "obj2": "clock", "relationship": "attach to"}, "negative": {"bbox1": [159, 484, 249, 413], "bbox2": [222, 271, 319, 364], "obj1": "tower", "obj2": "clock", "relationship": "on"}}, {"filename1": "9282375036_2fab66f7fb_b.jpg", "filename2": "5451022449_f832152616_b.jpg", "positive": {"bbox1": [153, 656, 176, 521], "bbox2": [457, 548, 312, 414], "obj1": "tower", "obj2": "clock", "relationship": "attach to"}, "negative": {"bbox1": [85, 658, 245, 376], "bbox2": [486, 535, 291, 335], "obj1": "tower", "obj2": "clock", "relationship": "on"}}, {"filename1": "9282375036_2fab66f7fb_b.jpg", "filename2": "484546277_66c9296701_o.jpg", "positive": {"bbox1": [153, 656, 176, 521], "bbox2": [457, 548, 312, 414], "obj1": "tower", "obj2": "clock", "relationship": "attach to"}, "negative": {"bbox1": [12, 480, 104, 232], "bbox2": [157, 188, 179, 207], "obj1": "tower", "obj2": "clock", "relationship": "on"}}, {"filename1": "9282375036_2fab66f7fb_b.jpg", "filename2": "5891538354_113af61738_b.jpg", "positive": {"bbox1": [153, 656, 176, 521], "bbox2": [457, 548, 312, 414], "obj1": "tower", "obj2": "clock", "relationship": "attach to"}, "negative": {"bbox1": [257, 714, 203, 275], "bbox2": [420, 465, 212, 261], "obj1": "tower", "obj2": "clock", "relationship": "on"}}, {"filename1": "9282375036_2fab66f7fb_b.jpg", "filename2": "5891538354_113af61738_b.jpg", "positive": {"bbox1": [153, 656, 176, 521], "bbox2": [457, 548, 312, 414], "obj1": "tower", "obj2": "clock", "relationship": "attach to"}, "negative": {"bbox1": [257, 714, 203, 275], "bbox2": [420, 465, 212, 261], "obj1": "tower", "obj2": "clock", "relationship": "in"}}, {"filename1": "9282375036_2fab66f7fb_b.jpg", "filename2": "6758869169_cb1d2306e5_b.jpg", "positive": {"bbox1": [153, 656, 176, 521], "bbox2": [457, 548, 312, 414], "obj1": "tower", "obj2": "clock", "relationship": "attach to"}, "negative": {"bbox1": [245, 673, 310, 392], "bbox2": [399, 436, 324, 363], "obj1": "tower", "obj2": "clock", "relationship": "on"}}, {"filename1": "9282375036_2fab66f7fb_b.jpg", "filename2": "6961119400_dfcb58a41d_b.jpg", "positive": {"bbox1": [153, 656, 176, 521], "bbox2": [457, 548, 312, 414], "obj1": "tower", "obj2": "clock", "relationship": "attach to"}, "negative": {"bbox1": [74, 1021, 127, 560], "bbox2": [225, 288, 374, 430], "obj1": "tower", "obj2": "clock", "relationship": "on"}}, {"filename1": "9282375036_2fab66f7fb_b.jpg", "filename2": "6961119400_dfcb58a41d_b.jpg", "positive": {"bbox1": [153, 656, 176, 521], "bbox2": [457, 548, 312, 414], "obj1": "tower", "obj2": "clock", "relationship": "attach to"}, "negative": {"bbox1": [74, 1021, 127, 560], "bbox2": [239, 298, 215, 249], "obj1": "tower", "obj2": "clock", "relationship": "on"}}, {"filename1": "9282375036_2fab66f7fb_b.jpg", "filename2": "9619130106_c27b3b7323_b.jpg", "positive": {"bbox1": [153, 656, 176, 521], "bbox2": [457, 548, 312, 414], "obj1": "tower", "obj2": "clock", "relationship": "attach to"}, "negative": {"bbox1": [9, 574, 521, 634], "bbox2": [217, 283, 537, 635], "obj1": "tower", "obj2": "clock", "relationship": "on"}}, {"filename1": "5891538354_113af61738_b.jpg", "filename2": "8360964090_52034c2a2c_o.jpg", "positive": {"bbox1": [493, 719, 5, 208], "bbox2": [257, 714, 203, 275], "obj1": "building", "obj2": "tower", "relationship": "attach to"}, "negative": {"bbox1": [1, 427, 9, 585], "bbox2": [3, 258, 471, 560], "obj1": "building", "obj2": "tower", "relationship": "on"}}, {"filename1": "5891538354_113af61738_b.jpg", "filename2": "7622250392_38003fd8ea_b.jpg", "positive": {"bbox1": [493, 719, 5, 208], "bbox2": [257, 714, 203, 275], "obj1": "building", "obj2": "tower", "relationship": "attach to"}, "negative": {"bbox1": [185, 850, 3, 619], "bbox2": [182, 457, 279, 355], "obj1": "building", "obj2": "tower", "relationship": "on the top of"}}]}