{"predicate": "beneath", "examples": [{"filename1": "7388591186_2d5a0444ee_b.jpg", "filename2": "2871156541_940bfed74c_b.jpg", "positive": {"bbox1": [4, 285, 1, 1023], "bbox2": [151, 482, 185, 1000], "obj1": "sky", "obj2": "plane", "relationship": "beneath"}, "negative": {"bbox1": [2, 404, 5, 1021], "bbox2": [193, 274, 200, 433], "obj1": "sky", "obj2": "plane", "relationship": "on the top of"}}, {"filename1": "7388591186_2d5a0444ee_b.jpg", "filename2": "7324855586_202b86f0b8_b.jpg", "positive": {"bbox1": [4, 285, 1, 1023], "bbox2": [151, 482, 185, 1000], "obj1": "sky", "obj2": "plane", "relationship": "beneath"}, "negative": {"bbox1": [4, 222, 1, 1021], "bbox2": [162, 713, 120, 890], "obj1": "sky", "obj2": "plane", "relationship": "under"}}, {"filename1": "7388591186_2d5a0444ee_b.jpg", "filename2": "8543118233_3471866b11_b.jpg", "positive": {"bbox1": [4, 285, 1, 1023], "bbox2": [151, 482, 185, 1000], "obj1": "sky", "obj2": "plane", "relationship": "beneath"}, "negative": {"bbox1": [2, 322, 1, 1020], "bbox2": [201, 478, 64, 961], "obj1": "sky", "obj2": "plane", "relationship": "below"}}, {"filename1": "7388591186_2d5a0444ee_b.jpg", "filename2": "7780270338_bf3848f868_b.jpg", "positive": {"bbox1": [4, 285, 1, 1023], "bbox2": [151, 482, 185, 1000], "obj1": "sky", "obj2": "plane", "relationship": "beneath"}, "negative": {"bbox1": [3, 358, 1, 1024], "bbox2": [199, 392, 111, 906], "obj1": "sky", "obj2": "plane", "relationship": "in"}}, {"filename1": "7388591186_2d5a0444ee_b.jpg", "filename2": "7859898986_c9c19304a3_b.jpg", "positive": {"bbox1": [4, 285, 1, 1023], "bbox2": [151, 482, 185, 1000], "obj1": "sky", "obj2": "plane", "relationship": "beneath"}, "negative": {"bbox1": [1, 522, 1, 1022], "bbox2": [134, 155, 888, 937], "obj1": "sky", "obj2": "plane", "relationship": "in"}}, {"filename1": "7388591186_2d5a0444ee_b.jpg", "filename2": "433042041_b4cf07be68_b.jpg", "positive": {"bbox1": [4, 285, 1, 1023], "bbox2": [151, 482, 185, 1000], "obj1": "sky", "obj2": "plane", "relationship": "beneath"}, "negative": {"bbox1": [34, 192, 68, 970], "bbox2": [209, 499, 225, 948], "obj1": "sky", "obj2": "plane", "relationship": "under"}}, {"filename1": "7388591186_2d5a0444ee_b.jpg", "filename2": "403669489_5dc6bd6b98_b.jpg", "positive": {"bbox1": [4, 285, 1, 1023], "bbox2": [151, 482, 185, 1000], "obj1": "sky", "obj2": "plane", "relationship": "beneath"}, "negative": {"bbox1": [1, 452, 2, 1023], "bbox2": [240, 295, 189, 320], "obj1": "sky", "obj2": "plane", "relationship": "fly"}}, {"filename1": "7388591186_2d5a0444ee_b.jpg", "filename2": "403669489_5dc6bd6b98_b.jpg", "positive": {"bbox1": [4, 285, 1, 1023], "bbox2": [151, 482, 185, 1000], "obj1": "sky", "obj2": "plane", "relationship": "beneath"}, "negative": {"bbox1": [1, 452, 2, 1023], "bbox2": [240, 295, 189, 320], "obj1": "sky", "obj2": "plane", "relationship": "in"}}, {"filename1": "7388591186_2d5a0444ee_b.jpg", "filename2": "7324668442_ac6c37fef2_b.jpg", "positive": {"bbox1": [4, 285, 1, 1023], "bbox2": [151, 482, 185, 1000], "obj1": "sky", "obj2": "plane", "relationship": "beneath"}, "negative": {"bbox1": [1, 69, 1, 1023], "bbox2": [146, 465, 106, 966], "obj1": "sky", "obj2": "plane", "relationship": "below"}}, {"filename1": "7388591186_2d5a0444ee_b.jpg", "filename2": "8424889969_f84a9d27f4_b.jpg", "positive": {"bbox1": [4, 285, 1, 1023], "bbox2": [151, 482, 185, 1000], "obj1": "sky", "obj2": "plane", "relationship": "beneath"}, "negative": {"bbox1": [3, 405, 1, 1022], "bbox2": [251, 414, 501, 1021], "obj1": "sky", "obj2": "plane", "relationship": "under"}}, {"filename1": "7388591186_2d5a0444ee_b.jpg", "filename2": "8614640980_b9d549c11e_b.jpg", "positive": {"bbox1": [4, 285, 1, 1023], "bbox2": [151, 482, 185, 1000], "obj1": "sky", "obj2": "plane", "relationship": "beneath"}, "negative": {"bbox1": [1, 378, 2, 1020], "bbox2": [328, 348, 503, 537], "obj1": "sky", "obj2": "plane", "relationship": "in"}}, {"filename1": "7388591186_2d5a0444ee_b.jpg", "filename2": "8614640980_b9d549c11e_b.jpg", "positive": {"bbox1": [4, 285, 1, 1023], "bbox2": [151, 482, 185, 1000], "obj1": "sky", "obj2": "plane", "relationship": "beneath"}, "negative": {"bbox1": [1, 378, 2, 1020], "bbox2": [328, 348, 503, 537], "obj1": "sky", "obj2": "plane", "relationship": "fly"}}, {"filename1": "7388591186_2d5a0444ee_b.jpg", "filename2": "8190993390_332a0c0b4f_b.jpg", "positive": {"bbox1": [4, 285, 1, 1023], "bbox2": [151, 482, 185, 1000], "obj1": "sky", "obj2": "plane", "relationship": "beneath"}, "negative": {"bbox1": [1, 221, 1, 1022], "bbox2": [154, 272, 3, 338], "obj1": "sky", "obj2": "plane", "relationship": "under"}}, {"filename1": "7388591186_2d5a0444ee_b.jpg", "filename2": "5355620374_fe9c865b1e_b.jpg", "positive": {"bbox1": [4, 285, 1, 1023], "bbox2": [151, 482, 185, 1000], "obj1": "sky", "obj2": "plane", "relationship": "beneath"}, "negative": {"bbox1": [1, 124, 1, 1021], "bbox2": [191, 454, 119, 970], "obj1": "sky", "obj2": "plane", "relationship": "under"}}, {"filename1": "7388591186_2d5a0444ee_b.jpg", "filename2": "7978572446_9bd4642118_b.jpg", "positive": {"bbox1": [4, 285, 1, 1023], "bbox2": [151, 482, 185, 1000], "obj1": "sky", "obj2": "plane", "relationship": "beneath"}, "negative": {"bbox1": [2, 166, 1, 1024], "bbox2": [125, 603, 258, 1022], "obj1": "sky", "obj2": "plane", "relationship": "under"}}, {"filename1": "7388591186_2d5a0444ee_b.jpg", "filename2": "5020994428_19a76da154_b.jpg", "positive": {"bbox1": [4, 285, 1, 1023], "bbox2": [151, 482, 185, 1000], "obj1": "sky", "obj2": "plane", "relationship": "beneath"}, "negative": {"bbox1": [1, 312, 1, 1024], "bbox2": [72, 474, 5, 1020], "obj1": "sky", "obj2": "plane", "relationship": "under"}}, {"filename1": "6067410702_b7393a7fc1_b.jpg", "filename2": "7324855586_202b86f0b8_b.jpg", "positive": {"bbox1": [1, 424, 1, 1019], "bbox2": [241, 470, 126, 707], "obj1": "sky", "obj2": "plane", "relationship": "beneath"}, "negative": {"bbox1": [4, 222, 1, 1021], "bbox2": [162, 713, 120, 890], "obj1": "sky", "obj2": "plane", "relationship": "under"}}, {"filename1": "6067410702_b7393a7fc1_b.jpg", "filename2": "8543118233_3471866b11_b.jpg", "positive": {"bbox1": [1, 424, 1, 1019], "bbox2": [241, 470, 126, 707], "obj1": "sky", "obj2": "plane", "relationship": "beneath"}, "negative": {"bbox1": [2, 322, 1, 1020], "bbox2": [201, 478, 64, 961], "obj1": "sky", "obj2": "plane", "relationship": "below"}}, {"filename1": "6067410702_b7393a7fc1_b.jpg", "filename2": "7780270338_bf3848f868_b.jpg", "positive": {"bbox1": [1, 424, 1, 1019], "bbox2": [241, 470, 126, 707], "obj1": "sky", "obj2": "plane", "relationship": "beneath"}, "negative": {"bbox1": [3, 358, 1, 1024], "bbox2": [199, 392, 111, 906], "obj1": "sky", "obj2": "plane", "relationship": "in"}}, {"filename1": "6067410702_b7393a7fc1_b.jpg", "filename2": "7859898986_c9c19304a3_b.jpg", "positive": {"bbox1": [1, 424, 1, 1019], "bbox2": [241, 470, 126, 707], "obj1": "sky", "obj2": "plane", "relationship": "beneath"}, "negative": {"bbox1": [1, 522, 1, 1022], "bbox2": [134, 155, 888, 937], "obj1": "sky", "obj2": "plane", "relationship": "in"}}, {"filename1": "6067410702_b7393a7fc1_b.jpg", "filename2": "433042041_b4cf07be68_b.jpg", "positive": {"bbox1": [1, 424, 1, 1019], "bbox2": [241, 470, 126, 707], "obj1": "sky", "obj2": "plane", "relationship": "beneath"}, "negative": {"bbox1": [34, 192, 68, 970], "bbox2": [209, 499, 225, 948], "obj1": "sky", "obj2": "plane", "relationship": "under"}}, {"filename1": "6067410702_b7393a7fc1_b.jpg", "filename2": "403669489_5dc6bd6b98_b.jpg", "positive": {"bbox1": [1, 424, 1, 1019], "bbox2": [241, 470, 126, 707], "obj1": "sky", "obj2": "plane", "relationship": "beneath"}, "negative": {"bbox1": [1, 452, 2, 1023], "bbox2": [240, 295, 189, 320], "obj1": "sky", "obj2": "plane", "relationship": "fly"}}, {"filename1": "6067410702_b7393a7fc1_b.jpg", "filename2": "403669489_5dc6bd6b98_b.jpg", "positive": {"bbox1": [1, 424, 1, 1019], "bbox2": [241, 470, 126, 707], "obj1": "sky", "obj2": "plane", "relationship": "beneath"}, "negative": {"bbox1": [1, 452, 2, 1023], "bbox2": [240, 295, 189, 320], "obj1": "sky", "obj2": "plane", "relationship": "in"}}, {"filename1": "6067410702_b7393a7fc1_b.jpg", "filename2": "7324668442_ac6c37fef2_b.jpg", "positive": {"bbox1": [1, 424, 1, 1019], "bbox2": [241, 470, 126, 707], "obj1": "sky", "obj2": "plane", "relationship": "beneath"}, "negative": {"bbox1": [1, 69, 1, 1023], "bbox2": [146, 465, 106, 966], "obj1": "sky", "obj2": "plane", "relationship": "below"}}, {"filename1": "6067410702_b7393a7fc1_b.jpg", "filename2": "8424889969_f84a9d27f4_b.jpg", "positive": {"bbox1": [1, 424, 1, 1019], "bbox2": [241, 470, 126, 707], "obj1": "sky", "obj2": "plane", "relationship": "beneath"}, "negative": {"bbox1": [3, 405, 1, 1022], "bbox2": [251, 414, 501, 1021], "obj1": "sky", "obj2": "plane", "relationship": "under"}}, {"filename1": "6067410702_b7393a7fc1_b.jpg", "filename2": "8614640980_b9d549c11e_b.jpg", "positive": {"bbox1": [1, 424, 1, 1019], "bbox2": [241, 470, 126, 707], "obj1": "sky", "obj2": "plane", "relationship": "beneath"}, "negative": {"bbox1": [1, 378, 2, 1020], "bbox2": [328, 348, 503, 537], "obj1": "sky", "obj2": "plane", "relationship": "in"}}, {"filename1": "6067410702_b7393a7fc1_b.jpg", "filename2": "8614640980_b9d549c11e_b.jpg", "positive": {"bbox1": [1, 424, 1, 1019], "bbox2": [241, 470, 126, 707], "obj1": "sky", "obj2": "plane", "relationship": "beneath"}, "negative": {"bbox1": [1, 378, 2, 1020], "bbox2": [328, 348, 503, 537], "obj1": "sky", "obj2": "plane", "relationship": "fly"}}, {"filename1": "6067410702_b7393a7fc1_b.jpg", "filename2": "8190993390_332a0c0b4f_b.jpg", "positive": {"bbox1": [1, 424, 1, 1019], "bbox2": [241, 470, 126, 707], "obj1": "sky", "obj2": "plane", "relationship": "beneath"}, "negative": {"bbox1": [1, 221, 1, 1022], "bbox2": [154, 272, 3, 338], "obj1": "sky", "obj2": "plane", "relationship": "under"}}, {"filename1": "6067410702_b7393a7fc1_b.jpg", "filename2": "5355620374_fe9c865b1e_b.jpg", "positive": {"bbox1": [1, 424, 1, 1019], "bbox2": [241, 470, 126, 707], "obj1": "sky", "obj2": "plane", "relationship": "beneath"}, "negative": {"bbox1": [1, 124, 1, 1021], "bbox2": [191, 454, 119, 970], "obj1": "sky", "obj2": "plane", "relationship": "under"}}, {"filename1": "6067410702_b7393a7fc1_b.jpg", "filename2": "7978572446_9bd4642118_b.jpg", "positive": {"bbox1": [1, 424, 1, 1019], "bbox2": [241, 470, 126, 707], "obj1": "sky", "obj2": "plane", "relationship": "beneath"}, "negative": {"bbox1": [2, 166, 1, 1024], "bbox2": [125, 603, 258, 1022], "obj1": "sky", "obj2": "plane", "relationship": "under"}}, {"filename1": "6067410702_b7393a7fc1_b.jpg", "filename2": "5020994428_19a76da154_b.jpg", "positive": {"bbox1": [1, 424, 1, 1019], "bbox2": [241, 470, 126, 707], "obj1": "sky", "obj2": "plane", "relationship": "beneath"}, "negative": {"bbox1": [1, 312, 1, 1024], "bbox2": [72, 474, 5, 1020], "obj1": "sky", "obj2": "plane", "relationship": "under"}}, {"filename1": "369841217_a066a9e80d_b.jpg", "filename2": "2548639145_8eacd6afd7_b.jpg", "positive": {"bbox1": [238, 513, 49, 320], "bbox2": [384, 768, 1, 1024], "obj1": "laptop", "obj2": "desk", "relationship": "beneath"}, "negative": {"bbox1": [486, 670, 445, 713], "bbox2": [450, 767, 111, 831], "obj1": "laptop", "obj2": "desk", "relationship": "under"}}, {"filename1": "369841217_a066a9e80d_b.jpg", "filename2": "14104516_947fb0cfbb_o.jpg", "positive": {"bbox1": [238, 513, 49, 320], "bbox2": [384, 768, 1, 1024], "obj1": "laptop", "obj2": "desk", "relationship": "beneath"}, "negative": {"bbox1": [172, 472, 1, 257], "bbox2": [246, 479, 1, 635], "obj1": "laptop", "obj2": "desk", "relationship": "under"}}, {"filename1": "369841217_a066a9e80d_b.jpg", "filename2": "6054587784_5fbe53f082_b.jpg", "positive": {"bbox1": [238, 513, 49, 320], "bbox2": [384, 768, 1, 1024], "obj1": "laptop", "obj2": "desk", "relationship": "beneath"}, "negative": {"bbox1": [61, 296, 248, 609], "bbox2": [209, 593, 2, 770], "obj1": "laptop", "obj2": "desk", "relationship": "has"}}, {"filename1": "369841217_a066a9e80d_b.jpg", "filename2": "487238866_a3ae169439_b.jpg", "positive": {"bbox1": [238, 513, 49, 320], "bbox2": [384, 768, 1, 1024], "obj1": "laptop", "obj2": "desk", "relationship": "beneath"}, "negative": {"bbox1": [386, 579, 145, 365], "bbox2": [430, 734, 36, 1023], "obj1": "laptop", "obj2": "desk", "relationship": "under"}}, {"filename1": "369841217_a066a9e80d_b.jpg", "filename2": "224583830_1585e31a13_b.jpg", "positive": {"bbox1": [238, 513, 49, 320], "bbox2": [384, 768, 1, 1024], "obj1": "laptop", "obj2": "desk", "relationship": "beneath"}, "negative": {"bbox1": [345, 408, 392, 484], "bbox2": [305, 457, 240, 750], "obj1": "laptop", "obj2": "desk", "relationship": "has"}}, {"filename1": "369841217_a066a9e80d_b.jpg", "filename2": "3506326353_44fbe5483c_b.jpg", "positive": {"bbox1": [238, 513, 49, 320], "bbox2": [384, 768, 1, 1024], "obj1": "laptop", "obj2": "desk", "relationship": "beneath"}, "negative": {"bbox1": [49, 524, 265, 847], "bbox2": [393, 766, 3, 1021], "obj1": "laptop", "obj2": "desk", "relationship": "under"}}, {"filename1": "5938991832_a8837a9003_b.jpg", "filename2": "6040061976_946329c5bf_b.jpg", "positive": {"bbox1": [148, 501, 33, 1013], "bbox2": [415, 478, 303, 479], "obj1": "airplane", "obj2": "engine", "relationship": "beneath"}, "negative": {"bbox1": [20, 477, 5, 880], "bbox2": [275, 374, 318, 405], "obj1": "airplane", "obj2": "engine", "relationship": "on"}}, {"filename1": "5938991832_a8837a9003_b.jpg", "filename2": "6040061976_946329c5bf_b.jpg", "positive": {"bbox1": [148, 501, 33, 1013], "bbox2": [415, 478, 303, 479], "obj1": "airplane", "obj2": "engine", "relationship": "beneath"}, "negative": {"bbox1": [20, 477, 5, 880], "bbox2": [275, 374, 318, 405], "obj1": "airplane", "obj2": "engine", "relationship": "on the left of"}}, {"filename1": "5938991832_a8837a9003_b.jpg", "filename2": "5255030835_2bae721d1c_b.jpg", "positive": {"bbox1": [148, 501, 33, 1013], "bbox2": [415, 478, 303, 479], "obj1": "airplane", "obj2": "engine", "relationship": "beneath"}, "negative": {"bbox1": [305, 406, 642, 869], "bbox2": [372, 386, 700, 752], "obj1": "airplane", "obj2": "engine", "relationship": "attach to"}}, {"filename1": "5938991832_a8837a9003_b.jpg", "filename2": "2942138232_303a1ab65b_o.jpg", "positive": {"bbox1": [148, 501, 33, 1013], "bbox2": [415, 478, 303, 479], "obj1": "airplane", "obj2": "engine", "relationship": "beneath"}, "negative": {"bbox1": [163, 362, 64, 786], "bbox2": [282, 329, 503, 647], "obj1": "airplane", "obj2": "engine", "relationship": "on"}}, {"filename1": "8393039807_eaaa038662_b.jpg", "filename2": "7788233622_837b71cc25_b.jpg", "positive": {"bbox1": [63, 217, 1, 658], "bbox2": [126, 520, 303, 633], "obj1": "counter", "obj2": "oven", "relationship": "beneath"}, "negative": {"bbox1": [232, 564, 8, 1023], "bbox2": [102, 378, 524, 804], "obj1": "counter", "obj2": "oven", "relationship": "behind"}}, {"filename1": "8565333467_8793cf8ccc_b.jpg", "filename2": "3846832420_d81e084882_o.jpg", "positive": {"bbox1": [365, 444, 587, 636], "bbox2": [417, 765, 1, 849], "obj1": "vase", "obj2": "table", "relationship": "beneath"}, "negative": {"bbox1": [282, 362, 109, 183], "bbox2": [307, 408, 69, 304], "obj1": "vase", "obj2": "table", "relationship": "has"}}, {"filename1": "8565333467_8793cf8ccc_b.jpg", "filename2": "3846832420_d81e084882_o.jpg", "positive": {"bbox1": [365, 444, 587, 636], "bbox2": [417, 765, 1, 849], "obj1": "vase", "obj2": "table", "relationship": "beneath"}, "negative": {"bbox1": [282, 362, 109, 183], "bbox2": [307, 408, 69, 304], "obj1": "vase", "obj2": "table", "relationship": "below"}}, {"filename1": "8565333467_8793cf8ccc_b.jpg", "filename2": "3846832420_d81e084882_o.jpg", "positive": {"bbox1": [365, 444, 587, 636], "bbox2": [417, 765, 1, 849], "obj1": "vase", "obj2": "table", "relationship": "beneath"}, "negative": {"bbox1": [282, 362, 109, 183], "bbox2": [307, 408, 69, 304], "obj1": "vase", "obj2": "table", "relationship": "contain"}}, {"filename1": "8565333467_8793cf8ccc_b.jpg", "filename2": "2647081153_5fb3779f59_b.jpg", "positive": {"bbox1": [365, 444, 587, 636], "bbox2": [417, 765, 1, 849], "obj1": "vase", "obj2": "table", "relationship": "beneath"}, "negative": {"bbox1": [514, 889, 74, 256], "bbox2": [529, 1022, 1, 732], "obj1": "vase", "obj2": "table", "relationship": "has"}}, {"filename1": "8565333467_8793cf8ccc_b.jpg", "filename2": "9252306255_a212342c6e_b.jpg", "positive": {"bbox1": [365, 444, 587, 636], "bbox2": [417, 765, 1, 849], "obj1": "vase", "obj2": "table", "relationship": "beneath"}, "negative": {"bbox1": [406, 486, 727, 781], "bbox2": [362, 687, 478, 936], "obj1": "vase", "obj2": "table", "relationship": "under"}}, {"filename1": "8565333467_8793cf8ccc_b.jpg", "filename2": "9252306255_a212342c6e_b.jpg", "positive": {"bbox1": [365, 444, 587, 636], "bbox2": [417, 765, 1, 849], "obj1": "vase", "obj2": "table", "relationship": "beneath"}, "negative": {"bbox1": [406, 486, 727, 781], "bbox2": [362, 687, 478, 936], "obj1": "vase", "obj2": "table", "relationship": "below"}}, {"filename1": "8565333467_8793cf8ccc_b.jpg", "filename2": "4625274192_c9f66750f0_o.jpg", "positive": {"bbox1": [365, 444, 587, 636], "bbox2": [417, 765, 1, 849], "obj1": "vase", "obj2": "table", "relationship": "beneath"}, "negative": {"bbox1": [183, 233, 837, 863], "bbox2": [205, 393, 748, 933], "obj1": "vase", "obj2": "table", "relationship": "under"}}, {"filename1": "3974583578_f4f86818b2_b.jpg", "filename2": "290810440_b299210c0c_b.jpg", "positive": {"bbox1": [5, 270, 1, 1024], "bbox2": [348, 418, 418, 527], "obj1": "sky", "obj2": "person", "relationship": "beneath"}, "negative": {"bbox1": [1, 601, 1, 1015], "bbox2": [582, 652, 323, 348], "obj1": "sky", "obj2": "person", "relationship": "below"}}, {"filename1": "3974583578_f4f86818b2_b.jpg", "filename2": "3084608623_255ae4e221_o.jpg", "positive": {"bbox1": [5, 270, 1, 1024], "bbox2": [348, 418, 418, 527], "obj1": "sky", "obj2": "person", "relationship": "beneath"}, "negative": {"bbox1": [1, 521, 3, 510], "bbox2": [776, 930, 420, 483], "obj1": "sky", "obj2": "person", "relationship": "under"}}, {"filename1": "3974583578_f4f86818b2_b.jpg", "filename2": "8861013591_8db0b3b0db_b.jpg", "positive": {"bbox1": [5, 270, 1, 1024], "bbox2": [348, 418, 418, 527], "obj1": "sky", "obj2": "person", "relationship": "beneath"}, "negative": {"bbox1": [5, 548, 7, 678], "bbox2": [91, 682, 57, 428], "obj1": "sky", "obj2": "person", "relationship": "under"}}, {"filename1": "3974583578_f4f86818b2_b.jpg", "filename2": "8127117860_a0d783289a_b.jpg", "positive": {"bbox1": [5, 270, 1, 1024], "bbox2": [348, 418, 418, 527], "obj1": "sky", "obj2": "person", "relationship": "beneath"}, "negative": {"bbox1": [3, 168, 8, 636], "bbox2": [162, 907, 257, 504], "obj1": "sky", "obj2": "person", "relationship": "under"}}, {"filename1": "3974583578_f4f86818b2_b.jpg", "filename2": "8424889969_f84a9d27f4_b.jpg", "positive": {"bbox1": [5, 270, 1, 1024], "bbox2": [348, 418, 418, 527], "obj1": "sky", "obj2": "person", "relationship": "beneath"}, "negative": {"bbox1": [3, 405, 1, 1022], "bbox2": [256, 601, 403, 561], "obj1": "sky", "obj2": "person", "relationship": "under"}}, {"filename1": "3974583578_f4f86818b2_b.jpg", "filename2": "3524120106_02fce9c97a_b.jpg", "positive": {"bbox1": [5, 270, 1, 1024], "bbox2": [348, 418, 418, 527], "obj1": "sky", "obj2": "person", "relationship": "beneath"}, "negative": {"bbox1": [2, 342, 2, 1023], "bbox2": [393, 443, 695, 726], "obj1": "sky", "obj2": "person", "relationship": "under"}}, {"filename1": "3974583578_f4f86818b2_b.jpg", "filename2": "2960549748_06ec060635_b.jpg", "positive": {"bbox1": [5, 270, 1, 1024], "bbox2": [348, 418, 418, 527], "obj1": "sky", "obj2": "person", "relationship": "beneath"}, "negative": {"bbox1": [6, 561, 2, 681], "bbox2": [278, 579, 291, 564], "obj1": "sky", "obj2": "person", "relationship": "below"}}, {"filename1": "3974583578_f4f86818b2_b.jpg", "filename2": "5913627144_fc88f00400_b.jpg", "positive": {"bbox1": [5, 270, 1, 1024], "bbox2": [348, 418, 418, 527], "obj1": "sky", "obj2": "person", "relationship": "beneath"}, "negative": {"bbox1": [1, 395, 3, 1022], "bbox2": [396, 571, 622, 725], "obj1": "sky", "obj2": "person", "relationship": "under"}}, {"filename1": "3974583578_f4f86818b2_b.jpg", "filename2": "3487468080_b3025f3be9_o.jpg", "positive": {"bbox1": [5, 270, 1, 1024], "bbox2": [348, 418, 418, 527], "obj1": "sky", "obj2": "person", "relationship": "beneath"}, "negative": {"bbox1": [7, 537, 1, 797], "bbox2": [608, 864, 26, 119], "obj1": "sky", "obj2": "person", "relationship": "under"}}, {"filename1": "3974583578_f4f86818b2_b.jpg", "filename2": "511119850_7e5cbdeb44_b.jpg", "positive": {"bbox1": [5, 270, 1, 1024], "bbox2": [348, 418, 418, 527], "obj1": "sky", "obj2": "person", "relationship": "beneath"}, "negative": {"bbox1": [2, 209, 220, 796], "bbox2": [367, 766, 390, 539], "obj1": "sky", "obj2": "person", "relationship": "under"}}, {"filename1": "3974583578_f4f86818b2_b.jpg", "filename2": "1348163097_6d49676ae8_o.jpg", "positive": {"bbox1": [5, 270, 1, 1024], "bbox2": [348, 418, 418, 527], "obj1": "sky", "obj2": "person", "relationship": "beneath"}, "negative": {"bbox1": [1, 264, 2, 539], "bbox2": [318, 449, 131, 175], "obj1": "sky", "obj2": "person", "relationship": "below"}}, {"filename1": "3974583578_f4f86818b2_b.jpg", "filename2": "2749003094_33e04079be_b.jpg", "positive": {"bbox1": [5, 270, 1, 1024], "bbox2": [348, 418, 418, 527], "obj1": "sky", "obj2": "person", "relationship": "beneath"}, "negative": {"bbox1": [3, 332, 5, 1021], "bbox2": [63, 682, 22, 353], "obj1": "sky", "obj2": "person", "relationship": "below"}}, {"filename1": "3974583578_f4f86818b2_b.jpg", "filename2": "2209058081_00d0e3fb92_b.jpg", "positive": {"bbox1": [5, 270, 1, 1024], "bbox2": [348, 418, 418, 527], "obj1": "sky", "obj2": "person", "relationship": "beneath"}, "negative": {"bbox1": [3, 675, 4, 651], "bbox2": [704, 766, 579, 607], "obj1": "sky", "obj2": "person", "relationship": "under"}}, {"filename1": "3974583578_f4f86818b2_b.jpg", "filename2": "5604790754_8df74ef7b2_b.jpg", "positive": {"bbox1": [5, 270, 1, 1024], "bbox2": [348, 418, 418, 527], "obj1": "sky", "obj2": "person", "relationship": "beneath"}, "negative": {"bbox1": [1, 272, 3, 1022], "bbox2": [363, 480, 408, 467], "obj1": "sky", "obj2": "person", "relationship": "below"}}, {"filename1": "3974583578_f4f86818b2_b.jpg", "filename2": "5462007065_b94d86008a_b.jpg", "positive": {"bbox1": [5, 270, 1, 1024], "bbox2": [348, 418, 418, 527], "obj1": "sky", "obj2": "person", "relationship": "beneath"}, "negative": {"bbox1": [6, 300, 1, 1023], "bbox2": [225, 488, 475, 600], "obj1": "sky", "obj2": "person", "relationship": "under"}}, {"filename1": "3974583578_f4f86818b2_b.jpg", "filename2": "5462007065_b94d86008a_b.jpg", "positive": {"bbox1": [5, 270, 1, 1024], "bbox2": [348, 418, 418, 527], "obj1": "sky", "obj2": "person", "relationship": "beneath"}, "negative": {"bbox1": [6, 300, 1, 1023], "bbox2": [221, 551, 632, 768], "obj1": "sky", "obj2": "person", "relationship": "under"}}, {"filename1": "3974583578_f4f86818b2_b.jpg", "filename2": "937037599_b50e75635e_o.jpg", "positive": {"bbox1": [5, 270, 1, 1024], "bbox2": [348, 418, 418, 527], "obj1": "sky", "obj2": "person", "relationship": "beneath"}, "negative": {"bbox1": [1, 291, 4, 795], "bbox2": [354, 599, 64, 218], "obj1": "sky", "obj2": "person", "relationship": "below"}}, {"filename1": "3974583578_f4f86818b2_b.jpg", "filename2": "2929863596_f55bc72530_b.jpg", "positive": {"bbox1": [5, 270, 1, 1024], "bbox2": [348, 418, 418, 527], "obj1": "sky", "obj2": "person", "relationship": "beneath"}, "negative": {"bbox1": [5, 234, 1, 1019], "bbox2": [344, 766, 359, 745], "obj1": "sky", "obj2": "person", "relationship": "below"}}, {"filename1": "3974583578_f4f86818b2_b.jpg", "filename2": "3303215762_22de8a999f_b.jpg", "positive": {"bbox1": [5, 270, 1, 1024], "bbox2": [348, 418, 418, 527], "obj1": "sky", "obj2": "person", "relationship": "beneath"}, "negative": {"bbox1": [6, 326, 4, 761], "bbox2": [539, 993, 106, 495], "obj1": "sky", "obj2": "person", "relationship": "under"}}, {"filename1": "3974583578_f4f86818b2_b.jpg", "filename2": "3303215762_22de8a999f_b.jpg", "positive": {"bbox1": [5, 270, 1, 1024], "bbox2": [348, 418, 418, 527], "obj1": "sky", "obj2": "person", "relationship": "beneath"}, "negative": {"bbox1": [6, 326, 4, 761], "bbox2": [417, 542, 234, 327], "obj1": "sky", "obj2": "person", "relationship": "under"}}, {"filename1": "3974583578_f4f86818b2_b.jpg", "filename2": "4442233134_f6415463a8_b.jpg", "positive": {"bbox1": [5, 270, 1, 1024], "bbox2": [348, 418, 418, 527], "obj1": "sky", "obj2": "person", "relationship": "beneath"}, "negative": {"bbox1": [3, 663, 1, 683], "bbox2": [844, 896, 570, 619], "obj1": "sky", "obj2": "person", "relationship": "under"}}, {"filename1": "3974583578_f4f86818b2_b.jpg", "filename2": "174733606_147c9f7504_b.jpg", "positive": {"bbox1": [5, 270, 1, 1024], "bbox2": [348, 418, 418, 527], "obj1": "sky", "obj2": "person", "relationship": "beneath"}, "negative": {"bbox1": [6, 601, 9, 1006], "bbox2": [122, 736, 547, 886], "obj1": "sky", "obj2": "person", "relationship": "in the front of"}}, {"filename1": "3974583578_f4f86818b2_b.jpg", "filename2": "4398594823_ba8ca59ea9_b.jpg", "positive": {"bbox1": [5, 270, 1, 1024], "bbox2": [348, 418, 418, 527], "obj1": "sky", "obj2": "person", "relationship": "beneath"}, "negative": {"bbox1": [3, 309, 5, 1023], "bbox2": [517, 578, 10, 39], "obj1": "sky", "obj2": "person", "relationship": "under"}}, {"filename1": "3974583578_f4f86818b2_b.jpg", "filename2": "6031529101_f18925c7ed_b.jpg", "positive": {"bbox1": [5, 270, 1, 1024], "bbox2": [348, 418, 418, 527], "obj1": "sky", "obj2": "person", "relationship": "beneath"}, "negative": {"bbox1": [121, 259, 464, 829], "bbox2": [532, 602, 678, 824], "obj1": "sky", "obj2": "person", "relationship": "below"}}, {"filename1": "3974583578_f4f86818b2_b.jpg", "filename2": "6031529101_f18925c7ed_b.jpg", "positive": {"bbox1": [5, 270, 1, 1024], "bbox2": [348, 418, 418, 527], "obj1": "sky", "obj2": "person", "relationship": "beneath"}, "negative": {"bbox1": [1, 463, 9, 1018], "bbox2": [532, 602, 678, 824], "obj1": "sky", "obj2": "person", "relationship": "below"}}, {"filename1": "3974583578_f4f86818b2_b.jpg", "filename2": "8380975902_772f093f8e_b.jpg", "positive": {"bbox1": [5, 270, 1, 1024], "bbox2": [348, 418, 418, 527], "obj1": "sky", "obj2": "person", "relationship": "beneath"}, "negative": {"bbox1": [1, 336, 2, 1020], "bbox2": [290, 442, 987, 1022], "obj1": "sky", "obj2": "person", "relationship": "under"}}, {"filename1": "3974583578_f4f86818b2_b.jpg", "filename2": "6943082428_fe830e3bc7_b.jpg", "positive": {"bbox1": [5, 270, 1, 1024], "bbox2": [348, 418, 418, 527], "obj1": "sky", "obj2": "person", "relationship": "beneath"}, "negative": {"bbox1": [4, 488, 4, 1024], "bbox2": [282, 525, 487, 586], "obj1": "sky", "obj2": "person", "relationship": "under"}}, {"filename1": "3974583578_f4f86818b2_b.jpg", "filename2": "6180837721_d606e27dac_b.jpg", "positive": {"bbox1": [5, 270, 1, 1024], "bbox2": [348, 418, 418, 527], "obj1": "sky", "obj2": "person", "relationship": "beneath"}, "negative": {"bbox1": [4, 187, 616, 1020], "bbox2": [369, 558, 341, 453], "obj1": "sky", "obj2": "person", "relationship": "under"}}, {"filename1": "3974583578_f4f86818b2_b.jpg", "filename2": "7166124583_289e18421c_b.jpg", "positive": {"bbox1": [5, 270, 1, 1024], "bbox2": [348, 418, 418, 527], "obj1": "sky", "obj2": "person", "relationship": "beneath"}, "negative": {"bbox1": [1, 170, 2, 730], "bbox2": [197, 687, 77, 268], "obj1": "sky", "obj2": "person", "relationship": "under"}}, {"filename1": "3974583578_f4f86818b2_b.jpg", "filename2": "7166124583_289e18421c_b.jpg", "positive": {"bbox1": [5, 270, 1, 1024], "bbox2": [348, 418, 418, 527], "obj1": "sky", "obj2": "person", "relationship": "beneath"}, "negative": {"bbox1": [1, 170, 2, 730], "bbox2": [190, 697, 470, 652], "obj1": "sky", "obj2": "person", "relationship": "under"}}, {"filename1": "3974583578_f4f86818b2_b.jpg", "filename2": "4710046133_8b51e03337_b.jpg", "positive": {"bbox1": [5, 270, 1, 1024], "bbox2": [348, 418, 418, 527], "obj1": "sky", "obj2": "person", "relationship": "beneath"}, "negative": {"bbox1": [1, 350, 3, 1010], "bbox2": [473, 513, 68, 115], "obj1": "sky", "obj2": "person", "relationship": "under"}}, {"filename1": "3974583578_f4f86818b2_b.jpg", "filename2": "9759509291_143489b32a_b.jpg", "positive": {"bbox1": [5, 270, 1, 1024], "bbox2": [348, 418, 418, 527], "obj1": "sky", "obj2": "person", "relationship": "beneath"}, "negative": {"bbox1": [4, 595, 4, 1021], "bbox2": [590, 634, 273, 306], "obj1": "sky", "obj2": "person", "relationship": "under"}}, {"filename1": "3974583578_f4f86818b2_b.jpg", "filename2": "4627594647_316b903a3d_o.jpg", "positive": {"bbox1": [5, 270, 1, 1024], "bbox2": [348, 418, 418, 527], "obj1": "sky", "obj2": "person", "relationship": "beneath"}, "negative": {"bbox1": [18, 334, 12, 899], "bbox2": [278, 305, 653, 670], "obj1": "sky", "obj2": "person", "relationship": "under"}}, {"filename1": "3974583578_f4f86818b2_b.jpg", "filename2": "5025235280_4da3271679_b.jpg", "positive": {"bbox1": [5, 270, 1, 1024], "bbox2": [348, 418, 418, 527], "obj1": "sky", "obj2": "person", "relationship": "beneath"}, "negative": {"bbox1": [1, 131, 1, 698], "bbox2": [79, 700, 163, 870], "obj1": "sky", "obj2": "person", "relationship": "under"}}, {"filename1": "3974583578_f4f86818b2_b.jpg", "filename2": "360450155_a00b8d55f2_b.jpg", "positive": {"bbox1": [5, 270, 1, 1024], "bbox2": [348, 418, 418, 527], "obj1": "sky", "obj2": "person", "relationship": "beneath"}, "negative": {"bbox1": [1, 105, 5, 1020], "bbox2": [187, 677, 519, 652], "obj1": "sky", "obj2": "person", "relationship": "below"}}, {"filename1": "3974583578_f4f86818b2_b.jpg", "filename2": "10057707565_bc954bd527_b.jpg", "positive": {"bbox1": [5, 270, 1, 1024], "bbox2": [348, 418, 418, 527], "obj1": "sky", "obj2": "person", "relationship": "beneath"}, "negative": {"bbox1": [1, 378, 1, 916], "bbox2": [368, 516, 121, 181], "obj1": "sky", "obj2": "person", "relationship": "under"}}, {"filename1": "3974583578_f4f86818b2_b.jpg", "filename2": "6316210614_110e38455c_b.jpg", "positive": {"bbox1": [5, 270, 1, 1024], "bbox2": [348, 418, 418, 527], "obj1": "sky", "obj2": "person", "relationship": "beneath"}, "negative": {"bbox1": [4, 336, 1, 1024], "bbox2": [274, 510, 835, 940], "obj1": "sky", "obj2": "person", "relationship": "under"}}, {"filename1": "3974583578_f4f86818b2_b.jpg", "filename2": "4300402234_f7cf289336_o.jpg", "positive": {"bbox1": [5, 270, 1, 1024], "bbox2": [348, 418, 418, 527], "obj1": "sky", "obj2": "person", "relationship": "beneath"}, "negative": {"bbox1": [3, 199, 2, 1022], "bbox2": [428, 714, 786, 894], "obj1": "sky", "obj2": "person", "relationship": "below"}}, {"filename1": "3974583578_f4f86818b2_b.jpg", "filename2": "296827070_2f1403f52b_o.jpg", "positive": {"bbox1": [5, 270, 1, 1024], "bbox2": [348, 418, 418, 527], "obj1": "sky", "obj2": "person", "relationship": "beneath"}, "negative": {"bbox1": [12, 656, 354, 664], "bbox2": [813, 1072, 670, 749], "obj1": "sky", "obj2": "person", "relationship": "below"}}, {"filename1": "3974583578_f4f86818b2_b.jpg", "filename2": "5451022449_f832152616_b.jpg", "positive": {"bbox1": [5, 270, 1, 1024], "bbox2": [348, 418, 418, 527], "obj1": "sky", "obj2": "person", "relationship": "beneath"}, "negative": {"bbox1": [1, 588, 24, 680], "bbox2": [788, 1024, 34, 186], "obj1": "sky", "obj2": "person", "relationship": "below"}}, {"filename1": "3974583578_f4f86818b2_b.jpg", "filename2": "194872763_0593c92057_b.jpg", "positive": {"bbox1": [5, 270, 1, 1024], "bbox2": [348, 418, 418, 527], "obj1": "sky", "obj2": "person", "relationship": "beneath"}, "negative": {"bbox1": [1, 790, 4, 681], "bbox2": [649, 884, 315, 420], "obj1": "sky", "obj2": "person", "relationship": "below"}}, {"filename1": "3974583578_f4f86818b2_b.jpg", "filename2": "6845881628_f1624bd500_b.jpg", "positive": {"bbox1": [5, 270, 1, 1024], "bbox2": [348, 418, 418, 527], "obj1": "sky", "obj2": "person", "relationship": "beneath"}, "negative": {"bbox1": [6, 318, 68, 1023], "bbox2": [348, 602, 699, 765], "obj1": "sky", "obj2": "person", "relationship": "under"}}, {"filename1": "3974583578_f4f86818b2_b.jpg", "filename2": "2344877974_328ae71769_b.jpg", "positive": {"bbox1": [5, 270, 1, 1024], "bbox2": [348, 418, 418, 527], "obj1": "sky", "obj2": "person", "relationship": "beneath"}, "negative": {"bbox1": [3, 393, 3, 1022], "bbox2": [322, 680, 495, 668], "obj1": "sky", "obj2": "person", "relationship": "below"}}, {"filename1": "3974583578_f4f86818b2_b.jpg", "filename2": "2344877974_328ae71769_b.jpg", "positive": {"bbox1": [5, 270, 1, 1024], "bbox2": [348, 418, 418, 527], "obj1": "sky", "obj2": "person", "relationship": "beneath"}, "negative": {"bbox1": [3, 393, 3, 1022], "bbox2": [322, 680, 495, 668], "obj1": "sky", "obj2": "person", "relationship": "under"}}, {"filename1": "3974583578_f4f86818b2_b.jpg", "filename2": "2344877974_328ae71769_b.jpg", "positive": {"bbox1": [5, 270, 1, 1024], "bbox2": [348, 418, 418, 527], "obj1": "sky", "obj2": "person", "relationship": "beneath"}, "negative": {"bbox1": [3, 393, 3, 1022], "bbox2": [257, 433, 524, 632], "obj1": "sky", "obj2": "person", "relationship": "under"}}, {"filename1": "3974583578_f4f86818b2_b.jpg", "filename2": "2344877974_328ae71769_b.jpg", "positive": {"bbox1": [5, 270, 1, 1024], "bbox2": [348, 418, 418, 527], "obj1": "sky", "obj2": "person", "relationship": "beneath"}, "negative": {"bbox1": [3, 393, 3, 1022], "bbox2": [298, 435, 397, 485], "obj1": "sky", "obj2": "person", "relationship": "below"}}, {"filename1": "3974583578_f4f86818b2_b.jpg", "filename2": "4819348413_fc24d271ac_b.jpg", "positive": {"bbox1": [5, 270, 1, 1024], "bbox2": [348, 418, 418, 527], "obj1": "sky", "obj2": "person", "relationship": "beneath"}, "negative": {"bbox1": [1, 233, 1, 1014], "bbox2": [464, 758, 588, 879], "obj1": "sky", "obj2": "person", "relationship": "below"}}, {"filename1": "3974583578_f4f86818b2_b.jpg", "filename2": "4819348413_fc24d271ac_b.jpg", "positive": {"bbox1": [5, 270, 1, 1024], "bbox2": [348, 418, 418, 527], "obj1": "sky", "obj2": "person", "relationship": "beneath"}, "negative": {"bbox1": [1, 233, 1, 1014], "bbox2": [464, 758, 588, 879], "obj1": "sky", "obj2": "person", "relationship": "below"}}, {"filename1": "3974583578_f4f86818b2_b.jpg", "filename2": "4819348413_fc24d271ac_b.jpg", "positive": {"bbox1": [5, 270, 1, 1024], "bbox2": [348, 418, 418, 527], "obj1": "sky", "obj2": "person", "relationship": "beneath"}, "negative": {"bbox1": [1, 233, 1, 1014], "bbox2": [419, 759, 258, 449], "obj1": "sky", "obj2": "person", "relationship": "below"}}, {"filename1": "3974583578_f4f86818b2_b.jpg", "filename2": "4819348413_fc24d271ac_b.jpg", "positive": {"bbox1": [5, 270, 1, 1024], "bbox2": [348, 418, 418, 527], "obj1": "sky", "obj2": "person", "relationship": "beneath"}, "negative": {"bbox1": [1, 233, 1, 1014], "bbox2": [419, 759, 258, 449], "obj1": "sky", "obj2": "person", "relationship": "below"}}, {"filename1": "3974583578_f4f86818b2_b.jpg", "filename2": "4819348413_fc24d271ac_b.jpg", "positive": {"bbox1": [5, 270, 1, 1024], "bbox2": [348, 418, 418, 527], "obj1": "sky", "obj2": "person", "relationship": "beneath"}, "negative": {"bbox1": [1, 233, 1, 1014], "bbox2": [419, 536, 252, 322], "obj1": "sky", "obj2": "person", "relationship": "below"}}, {"filename1": "3974583578_f4f86818b2_b.jpg", "filename2": "6157309791_c66e93a6d1_b.jpg", "positive": {"bbox1": [5, 270, 1, 1024], "bbox2": [348, 418, 418, 527], "obj1": "sky", "obj2": "person", "relationship": "beneath"}, "negative": {"bbox1": [35, 157, 113, 899], "bbox2": [114, 766, 1, 181], "obj1": "sky", "obj2": "person", "relationship": "under"}}, {"filename1": "3974583578_f4f86818b2_b.jpg", "filename2": "8360964090_52034c2a2c_o.jpg", "positive": {"bbox1": [5, 270, 1, 1024], "bbox2": [348, 418, 418, 527], "obj1": "sky", "obj2": "person", "relationship": "beneath"}, "negative": {"bbox1": [3, 365, 4, 638], "bbox2": [432, 478, 340, 466], "obj1": "sky", "obj2": "person", "relationship": "under"}}, {"filename1": "3974583578_f4f86818b2_b.jpg", "filename2": "8360964090_52034c2a2c_o.jpg", "positive": {"bbox1": [5, 270, 1, 1024], "bbox2": [348, 418, 418, 527], "obj1": "sky", "obj2": "person", "relationship": "beneath"}, "negative": {"bbox1": [3, 365, 4, 638], "bbox2": [401, 476, 40, 116], "obj1": "sky", "obj2": "person", "relationship": "under"}}, {"filename1": "3974583578_f4f86818b2_b.jpg", "filename2": "6352669672_be64bd9687_b.jpg", "positive": {"bbox1": [5, 270, 1, 1024], "bbox2": [348, 418, 418, 527], "obj1": "sky", "obj2": "person", "relationship": "beneath"}, "negative": {"bbox1": [2, 198, 500, 752], "bbox2": [254, 423, 471, 515], "obj1": "sky", "obj2": "person", "relationship": "under"}}, {"filename1": "3974583578_f4f86818b2_b.jpg", "filename2": "3935351389_3ed0a86f2c_b.jpg", "positive": {"bbox1": [5, 270, 1, 1024], "bbox2": [348, 418, 418, 527], "obj1": "sky", "obj2": "person", "relationship": "beneath"}, "negative": {"bbox1": [2, 285, 1, 1021], "bbox2": [334, 638, 477, 578], "obj1": "sky", "obj2": "person", "relationship": "below"}}, {"filename1": "3974583578_f4f86818b2_b.jpg", "filename2": "9548187683_9e025e1ea4_b.jpg", "positive": {"bbox1": [5, 270, 1, 1024], "bbox2": [348, 418, 418, 527], "obj1": "sky", "obj2": "person", "relationship": "beneath"}, "negative": {"bbox1": [1, 480, 1, 1020], "bbox2": [544, 617, 91, 122], "obj1": "sky", "obj2": "person", "relationship": "under"}}, {"filename1": "3974583578_f4f86818b2_b.jpg", "filename2": "5469623415_a3abea8b8e_b.jpg", "positive": {"bbox1": [5, 270, 1, 1024], "bbox2": [348, 418, 418, 527], "obj1": "sky", "obj2": "person", "relationship": "beneath"}, "negative": {"bbox1": [7, 340, 4, 1002], "bbox2": [483, 598, 841, 918], "obj1": "sky", "obj2": "person", "relationship": "under"}}, {"filename1": "3974583578_f4f86818b2_b.jpg", "filename2": "5020994428_19a76da154_b.jpg", "positive": {"bbox1": [5, 270, 1, 1024], "bbox2": [348, 418, 418, 527], "obj1": "sky", "obj2": "person", "relationship": "beneath"}, "negative": {"bbox1": [1, 312, 1, 1024], "bbox2": [285, 707, 172, 351], "obj1": "sky", "obj2": "person", "relationship": "under"}}, {"filename1": "4632619505_df6cd387ee_o.jpg", "filename2": "8659862867_d7c900b7e8_b.jpg", "positive": {"bbox1": [1, 538, 2, 1278], "bbox2": [552, 955, 1, 1274], "obj1": "sky", "obj2": "street", "relationship": "beneath"}, "negative": {"bbox1": [1, 284, 2, 1022], "bbox2": [331, 680, 1, 1021], "obj1": "sky", "obj2": "street", "relationship": "under"}}, {"filename1": "4632619505_df6cd387ee_o.jpg", "filename2": "8693104124_6a3f019c4f_o.jpg", "positive": {"bbox1": [1, 538, 2, 1278], "bbox2": [552, 955, 1, 1274], "obj1": "sky", "obj2": "street", "relationship": "beneath"}, "negative": {"bbox1": [1, 291, 1, 612], "bbox2": [524, 611, 10, 604], "obj1": "sky", "obj2": "street", "relationship": "under"}}, {"filename1": "4632619505_df6cd387ee_o.jpg", "filename2": "8693104124_6a3f019c4f_o.jpg", "positive": {"bbox1": [1, 538, 2, 1278], "bbox2": [552, 955, 1, 1274], "obj1": "sky", "obj2": "street", "relationship": "beneath"}, "negative": {"bbox1": [1, 291, 1, 612], "bbox2": [524, 611, 10, 604], "obj1": "sky", "obj2": "street", "relationship": "below"}}, {"filename1": "4632619505_df6cd387ee_o.jpg", "filename2": "5445855071_cf20f4cc7f_b.jpg", "positive": {"bbox1": [1, 538, 2, 1278], "bbox2": [552, 955, 1, 1274], "obj1": "sky", "obj2": "street", "relationship": "beneath"}, "negative": {"bbox1": [6, 252, 8, 1024], "bbox2": [398, 764, 3, 1022], "obj1": "sky", "obj2": "street", "relationship": "under"}}, {"filename1": "4632619505_df6cd387ee_o.jpg", "filename2": "9677515089_b77141d2e7_b.jpg", "positive": {"bbox1": [1, 538, 2, 1278], "bbox2": [552, 955, 1, 1274], "obj1": "sky", "obj2": "street", "relationship": "beneath"}, "negative": {"bbox1": [3, 357, 1, 1022], "bbox2": [434, 675, 2, 779], "obj1": "sky", "obj2": "street", "relationship": "under"}}, {"filename1": "4632619505_df6cd387ee_o.jpg", "filename2": "9404504695_f63fef1670_b.jpg", "positive": {"bbox1": [1, 538, 2, 1278], "bbox2": [552, 955, 1, 1274], "obj1": "sky", "obj2": "street", "relationship": "beneath"}, "negative": {"bbox1": [5, 244, 45, 486], "bbox2": [399, 651, 5, 485], "obj1": "sky", "obj2": "street", "relationship": "under"}}, {"filename1": "4632619505_df6cd387ee_o.jpg", "filename2": "4102498978_29b80ea652_b.jpg", "positive": {"bbox1": [1, 538, 2, 1278], "bbox2": [552, 955, 1, 1274], "obj1": "sky", "obj2": "street", "relationship": "beneath"}, "negative": {"bbox1": [3, 499, 3, 1022], "bbox2": [577, 765, 1, 377], "obj1": "sky", "obj2": "street", "relationship": "under"}}, {"filename1": "4632619505_df6cd387ee_o.jpg", "filename2": "8216172261_c9787f8191_b.jpg", "positive": {"bbox1": [1, 538, 2, 1278], "bbox2": [552, 955, 1, 1274], "obj1": "sky", "obj2": "street", "relationship": "beneath"}, "negative": {"bbox1": [1, 442, 4, 1018], "bbox2": [479, 637, 1, 1022], "obj1": "sky", "obj2": "street", "relationship": "under"}}, {"filename1": "4632619505_df6cd387ee_o.jpg", "filename2": "6484425539_d356f87d72_b.jpg", "positive": {"bbox1": [1, 538, 2, 1278], "bbox2": [552, 955, 1, 1274], "obj1": "sky", "obj2": "street", "relationship": "beneath"}, "negative": {"bbox1": [3, 387, 1, 1023], "bbox2": [560, 664, 1, 1024], "obj1": "sky", "obj2": "street", "relationship": "below"}}, {"filename1": "4632619505_df6cd387ee_o.jpg", "filename2": "5547013860_96f562f144_b.jpg", "positive": {"bbox1": [1, 538, 2, 1278], "bbox2": [552, 955, 1, 1274], "obj1": "sky", "obj2": "street", "relationship": "beneath"}, "negative": {"bbox1": [4, 268, 3, 1023], "bbox2": [292, 667, 3, 1017], "obj1": "sky", "obj2": "street", "relationship": "below"}}, {"filename1": "4632619505_df6cd387ee_o.jpg", "filename2": "3990733951_956a08d4f0_o.jpg", "positive": {"bbox1": [1, 538, 2, 1278], "bbox2": [552, 955, 1, 1274], "obj1": "sky", "obj2": "street", "relationship": "beneath"}, "negative": {"bbox1": [6, 287, 2, 1022], "bbox2": [351, 766, 3, 1023], "obj1": "sky", "obj2": "street", "relationship": "under"}}, {"filename1": "4632619505_df6cd387ee_o.jpg", "filename2": "6497679953_771067cff4_b.jpg", "positive": {"bbox1": [1, 538, 2, 1278], "bbox2": [552, 955, 1, 1274], "obj1": "sky", "obj2": "street", "relationship": "beneath"}, "negative": {"bbox1": [1, 364, 2, 1022], "bbox2": [401, 682, 2, 930], "obj1": "sky", "obj2": "street", "relationship": "under"}}, {"filename1": "4632619505_df6cd387ee_o.jpg", "filename2": "9427606795_c715bf4c11_b.jpg", "positive": {"bbox1": [1, 538, 2, 1278], "bbox2": [552, 955, 1, 1274], "obj1": "sky", "obj2": "street", "relationship": "beneath"}, "negative": {"bbox1": [1, 263, 2, 597], "bbox2": [378, 1018, 3, 762], "obj1": "sky", "obj2": "street", "relationship": "under"}}, {"filename1": "4632619505_df6cd387ee_o.jpg", "filename2": "8153712679_011e2d340c_b.jpg", "positive": {"bbox1": [1, 538, 2, 1278], "bbox2": [552, 955, 1, 1274], "obj1": "sky", "obj2": "street", "relationship": "beneath"}, "negative": {"bbox1": [1, 420, 401, 1022], "bbox2": [449, 767, 1, 992], "obj1": "sky", "obj2": "street", "relationship": "below"}}, {"filename1": "4632619505_df6cd387ee_o.jpg", "filename2": "8153712679_011e2d340c_b.jpg", "positive": {"bbox1": [1, 538, 2, 1278], "bbox2": [552, 955, 1, 1274], "obj1": "sky", "obj2": "street", "relationship": "beneath"}, "negative": {"bbox1": [1, 420, 401, 1022], "bbox2": [449, 767, 1, 992], "obj1": "sky", "obj2": "street", "relationship": "under"}}, {"filename1": "4632619505_df6cd387ee_o.jpg", "filename2": "6758869169_cb1d2306e5_b.jpg", "positive": {"bbox1": [1, 538, 2, 1278], "bbox2": [552, 955, 1, 1274], "obj1": "sky", "obj2": "street", "relationship": "beneath"}, "negative": {"bbox1": [2, 450, 1, 682], "bbox2": [591, 1023, 31, 501], "obj1": "sky", "obj2": "street", "relationship": "below"}}, {"filename1": "4632619505_df6cd387ee_o.jpg", "filename2": "216280522_4604f79bd0_b.jpg", "positive": {"bbox1": [1, 538, 2, 1278], "bbox2": [552, 955, 1, 1274], "obj1": "sky", "obj2": "street", "relationship": "beneath"}, "negative": {"bbox1": [3, 340, 1, 1024], "bbox2": [340, 423, 1, 1022], "obj1": "sky", "obj2": "street", "relationship": "below"}}, {"filename1": "4632619505_df6cd387ee_o.jpg", "filename2": "6732759807_4583b60355_b.jpg", "positive": {"bbox1": [1, 538, 2, 1278], "bbox2": [552, 955, 1, 1274], "obj1": "sky", "obj2": "street", "relationship": "beneath"}, "negative": {"bbox1": [1, 171, 1, 1023], "bbox2": [701, 765, 1, 1024], "obj1": "sky", "obj2": "street", "relationship": "under"}}, {"filename1": "4632619505_df6cd387ee_o.jpg", "filename2": "6732759807_4583b60355_b.jpg", "positive": {"bbox1": [1, 538, 2, 1278], "bbox2": [552, 955, 1, 1274], "obj1": "sky", "obj2": "street", "relationship": "beneath"}, "negative": {"bbox1": [1, 171, 1, 1023], "bbox2": [701, 765, 1, 1024], "obj1": "sky", "obj2": "street", "relationship": "below"}}, {"filename1": "4632619505_df6cd387ee_o.jpg", "filename2": "3125233905_b566622f77_b.jpg", "positive": {"bbox1": [1, 538, 2, 1278], "bbox2": [552, 955, 1, 1274], "obj1": "sky", "obj2": "street", "relationship": "beneath"}, "negative": {"bbox1": [1, 671, 6, 766], "bbox2": [682, 1022, 1, 767], "obj1": "sky", "obj2": "street", "relationship": "below"}}, {"filename1": "5474433092_de31b21047_b.jpg", "filename2": "8996125162_50ac09f872_b.jpg", "positive": {"bbox1": [456, 585, 16, 343], "bbox2": [456, 585, 16, 343], "obj1": "train", "obj2": "train", "relationship": "beneath"}, "negative": {"bbox1": [280, 517, 4, 713], "bbox2": [154, 442, 401, 990], "obj1": "train", "obj2": "train", "relationship": "beside"}}, {"filename1": "5474433092_de31b21047_b.jpg", "filename2": "9371865550_c49586d719_b.jpg", "positive": {"bbox1": [456, 585, 16, 343], "bbox2": [456, 585, 16, 343], "obj1": "train", "obj2": "train", "relationship": "beneath"}, "negative": {"bbox1": [223, 520, 195, 920], "bbox2": [308, 344, 956, 1023], "obj1": "train", "obj2": "train", "relationship": "behind"}}, {"filename1": "8856019986_dcac95259c_b.jpg", "filename2": "7624808688_072e6fa9fe_b.jpg", "positive": {"bbox1": [1, 392, 1, 1014], "bbox2": [326, 512, 187, 637], "obj1": "sky", "obj2": "bus", "relationship": "beneath"}, "negative": {"bbox1": [4, 213, 2, 1023], "bbox2": [128, 444, 410, 920], "obj1": "sky", "obj2": "bus", "relationship": "below"}}, {"filename1": "8856019986_dcac95259c_b.jpg", "filename2": "8191984745_85008771cd_b.jpg", "positive": {"bbox1": [1, 392, 1, 1014], "bbox2": [326, 512, 187, 637], "obj1": "sky", "obj2": "bus", "relationship": "beneath"}, "negative": {"bbox1": [5, 504, 7, 1019], "bbox2": [495, 690, 28, 696], "obj1": "sky", "obj2": "bus", "relationship": "under"}}, {"filename1": "8856019986_dcac95259c_b.jpg", "filename2": "8380975902_772f093f8e_b.jpg", "positive": {"bbox1": [1, 392, 1, 1014], "bbox2": [326, 512, 187, 637], "obj1": "sky", "obj2": "bus", "relationship": "beneath"}, "negative": {"bbox1": [1, 336, 2, 1020], "bbox2": [159, 523, 395, 816], "obj1": "sky", "obj2": "bus", "relationship": "below"}}, {"filename1": "8856019986_dcac95259c_b.jpg", "filename2": "8750726399_6f14b42d73_b.jpg", "positive": {"bbox1": [1, 392, 1, 1014], "bbox2": [326, 512, 187, 637], "obj1": "sky", "obj2": "bus", "relationship": "beneath"}, "negative": {"bbox1": [1, 307, 1, 966], "bbox2": [314, 546, 472, 804], "obj1": "sky", "obj2": "bus", "relationship": "under"}}, {"filename1": "8856019986_dcac95259c_b.jpg", "filename2": "9469066386_71f6393eb1_b.jpg", "positive": {"bbox1": [1, 392, 1, 1014], "bbox2": [326, 512, 187, 637], "obj1": "sky", "obj2": "bus", "relationship": "beneath"}, "negative": {"bbox1": [2, 238, 2, 726], "bbox2": [97, 470, 526, 898], "obj1": "sky", "obj2": "bus", "relationship": "below"}}, {"filename1": "8856019986_dcac95259c_b.jpg", "filename2": "9469066386_71f6393eb1_b.jpg", "positive": {"bbox1": [1, 392, 1, 1014], "bbox2": [326, 512, 187, 637], "obj1": "sky", "obj2": "bus", "relationship": "beneath"}, "negative": {"bbox1": [2, 238, 2, 726], "bbox2": [257, 431, 1, 128], "obj1": "sky", "obj2": "bus", "relationship": "under"}}, {"filename1": "8856019986_dcac95259c_b.jpg", "filename2": "9111041062_c98c498497_b.jpg", "positive": {"bbox1": [1, 392, 1, 1014], "bbox2": [326, 512, 187, 637], "obj1": "sky", "obj2": "bus", "relationship": "beneath"}, "negative": {"bbox1": [2, 338, 447, 871], "bbox2": [331, 538, 486, 635], "obj1": "sky", "obj2": "bus", "relationship": "below"}}, {"filename1": "8856019986_dcac95259c_b.jpg", "filename2": "9111041062_c98c498497_b.jpg", "positive": {"bbox1": [1, 392, 1, 1014], "bbox2": [326, 512, 187, 637], "obj1": "sky", "obj2": "bus", "relationship": "beneath"}, "negative": {"bbox1": [2, 338, 447, 871], "bbox2": [344, 512, 180, 355], "obj1": "sky", "obj2": "bus", "relationship": "under"}}, {"filename1": "8856019986_dcac95259c_b.jpg", "filename2": "9111041062_c98c498497_b.jpg", "positive": {"bbox1": [1, 392, 1, 1014], "bbox2": [326, 512, 187, 637], "obj1": "sky", "obj2": "bus", "relationship": "beneath"}, "negative": {"bbox1": [2, 338, 447, 871], "bbox2": [344, 512, 180, 355], "obj1": "sky", "obj2": "bus", "relationship": "below"}}, {"filename1": "8856019986_dcac95259c_b.jpg", "filename2": "8139490194_ce8a13600e_b.jpg", "positive": {"bbox1": [1, 392, 1, 1014], "bbox2": [326, 512, 187, 637], "obj1": "sky", "obj2": "bus", "relationship": "beneath"}, "negative": {"bbox1": [3, 288, 6, 1021], "bbox2": [287, 522, 477, 756], "obj1": "sky", "obj2": "bus", "relationship": "under"}}, {"filename1": "3363659689_68dbf1bb01_b.jpg", "filename2": "2232520673_fecc01af03_b.jpg", "positive": {"bbox1": [225, 489, 554, 677], "bbox2": [615, 678, 1, 445], "obj1": "person", "obj2": "snowboard", "relationship": "beneath"}, "negative": {"bbox1": [117, 879, 155, 412], "bbox2": [638, 819, 1, 221], "obj1": "person", "obj2": "snowboard", "relationship": "near"}}, {"filename1": "3363659689_68dbf1bb01_b.jpg", "filename2": "6793038418_f463dd9440_b.jpg", "positive": {"bbox1": [225, 489, 554, 677], "bbox2": [615, 678, 1, 445], "obj1": "person", "obj2": "snowboard", "relationship": "beneath"}, "negative": {"bbox1": [102, 463, 219, 553], "bbox2": [419, 507, 254, 534], "obj1": "person", "obj2": "snowboard", "relationship": "under"}}, {"filename1": "3363659689_68dbf1bb01_b.jpg", "filename2": "5387479711_2a4a04152f_b.jpg", "positive": {"bbox1": [225, 489, 554, 677], "bbox2": [615, 678, 1, 445], "obj1": "person", "obj2": "snowboard", "relationship": "beneath"}, "negative": {"bbox1": [141, 355, 139, 215], "bbox2": [346, 395, 145, 239], "obj1": "person", "obj2": "snowboard", "relationship": "under"}}, {"filename1": "3363659689_68dbf1bb01_b.jpg", "filename2": "6725777279_29b707deee_b.jpg", "positive": {"bbox1": [225, 489, 554, 677], "bbox2": [615, 678, 1, 445], "obj1": "person", "obj2": "snowboard", "relationship": "beneath"}, "negative": {"bbox1": [85, 531, 546, 1013], "bbox2": [479, 545, 699, 1022], "obj1": "person", "obj2": "snowboard", "relationship": "below"}}, {"filename1": "3363659689_68dbf1bb01_b.jpg", "filename2": "6725777279_29b707deee_b.jpg", "positive": {"bbox1": [225, 489, 554, 677], "bbox2": [615, 678, 1, 445], "obj1": "person", "obj2": "snowboard", "relationship": "beneath"}, "negative": {"bbox1": [85, 531, 546, 1013], "bbox2": [479, 545, 699, 1022], "obj1": "person", "obj2": "snowboard", "relationship": "on"}}, {"filename1": "3363659689_68dbf1bb01_b.jpg", "filename2": "4021441815_12cf45b67b_b.jpg", "positive": {"bbox1": [225, 489, 554, 677], "bbox2": [615, 678, 1, 445], "obj1": "person", "obj2": "snowboard", "relationship": "beneath"}, "negative": {"bbox1": [376, 522, 307, 427], "bbox2": [366, 559, 269, 359], "obj1": "person", "obj2": "snowboard", "relationship": "under"}}, {"filename1": "7041896389_c12858c140_b.jpg", "filename2": "6541634331_bb8d33144a_b.jpg", "positive": {"bbox1": [403, 764, 169, 1017], "bbox2": [457, 675, 172, 792], "obj1": "counter", "obj2": "cabinet", "relationship": "beneath"}, "negative": {"bbox1": [460, 639, 1, 410], "bbox2": [561, 768, 2, 417], "obj1": "counter", "obj2": "cabinet", "relationship": "below"}}, {"filename1": "7041896389_c12858c140_b.jpg", "filename2": "723925295_af0d19afe4_o.jpg", "positive": {"bbox1": [403, 764, 169, 1017], "bbox2": [457, 675, 172, 792], "obj1": "counter", "obj2": "cabinet", "relationship": "beneath"}, "negative": {"bbox1": [97, 171, 179, 255], "bbox2": [111, 168, 181, 231], "obj1": "counter", "obj2": "cabinet", "relationship": "under"}}, {"filename1": "4637662561_1fd24b1cef_o.jpg", "filename2": "3317392680_c573b9c0f8_b.jpg", "positive": {"bbox1": [423, 506, 779, 823], "bbox2": [474, 721, 459, 1000], "obj1": "glasses", "obj2": "desk", "relationship": "beneath"}, "negative": {"bbox1": [473, 768, 392, 725], "bbox2": [475, 767, 28, 722], "obj1": "glasses", "obj2": "desk", "relationship": "has"}}]}