{"predicate": "cover", "examples": [{"filename1": "1560261206_dff0ecb242_b.jpg", "filename2": "7199596760_b9748c1f2d_b.jpg", "positive": {"bbox1": [484, 670, 743, 866], "bbox2": [99, 280, 579, 1022], "obj1": "person", "obj2": "umbrella", "relationship": "cover"}, "negative": {"bbox1": [168, 889, 413, 615], "bbox2": [41, 432, 71, 671], "obj1": "person", "obj2": "umbrella", "relationship": "near"}}, {"filename1": "1560261206_dff0ecb242_b.jpg", "filename2": "4878136831_32cc8c0b12_b.jpg", "positive": {"bbox1": [484, 670, 743, 866], "bbox2": [99, 280, 579, 1022], "obj1": "person", "obj2": "umbrella", "relationship": "cover"}, "negative": {"bbox1": [377, 417, 145, 175], "bbox2": [314, 347, 96, 171], "obj1": "person", "obj2": "umbrella", "relationship": "over"}}, {"filename1": "1560261206_dff0ecb242_b.jpg", "filename2": "9228419123_90a577dfb3_b.jpg", "positive": {"bbox1": [484, 670, 743, 866], "bbox2": [99, 280, 579, 1022], "obj1": "person", "obj2": "umbrella", "relationship": "cover"}, "negative": {"bbox1": [27, 60, 733, 762], "bbox2": [8, 32, 702, 788], "obj1": "person", "obj2": "umbrella", "relationship": "above"}}, {"filename1": "1560261206_dff0ecb242_b.jpg", "filename2": "9228419123_90a577dfb3_b.jpg", "positive": {"bbox1": [484, 670, 743, 866], "bbox2": [99, 280, 579, 1022], "obj1": "person", "obj2": "umbrella", "relationship": "cover"}, "negative": {"bbox1": [261, 412, 893, 1016], "bbox2": [41, 201, 557, 1014], "obj1": "person", "obj2": "umbrella", "relationship": "on the top of"}}, {"filename1": "1560261206_dff0ecb242_b.jpg", "filename2": "228449286_28dbd602f8_o.jpg", "positive": {"bbox1": [484, 670, 743, 866], "bbox2": [99, 280, 579, 1022], "obj1": "person", "obj2": "umbrella", "relationship": "cover"}, "negative": {"bbox1": [149, 287, 348, 423], "bbox2": [147, 201, 350, 425], "obj1": "person", "obj2": "umbrella", "relationship": "above"}}, {"filename1": "1560261206_dff0ecb242_b.jpg", "filename2": "1681852402_c832132ae6_o.jpg", "positive": {"bbox1": [484, 670, 743, 866], "bbox2": [99, 280, 579, 1022], "obj1": "person", "obj2": "umbrella", "relationship": "cover"}, "negative": {"bbox1": [757, 868, 420, 463], "bbox2": [740, 763, 393, 459], "obj1": "person", "obj2": "umbrella", "relationship": "above"}}, {"filename1": "1560261206_dff0ecb242_b.jpg", "filename2": "8421696797_8572794af1_b.jpg", "positive": {"bbox1": [484, 670, 743, 866], "bbox2": [99, 280, 579, 1022], "obj1": "person", "obj2": "umbrella", "relationship": "cover"}, "negative": {"bbox1": [366, 1023, 330, 539], "bbox2": [304, 573, 208, 582], "obj1": "person", "obj2": "umbrella", "relationship": "over"}}, {"filename1": "1560261206_dff0ecb242_b.jpg", "filename2": "8421696797_8572794af1_b.jpg", "positive": {"bbox1": [484, 670, 743, 866], "bbox2": [99, 280, 579, 1022], "obj1": "person", "obj2": "umbrella", "relationship": "cover"}, "negative": {"bbox1": [366, 1023, 330, 539], "bbox2": [304, 573, 208, 582], "obj1": "person", "obj2": "umbrella", "relationship": "above"}}, {"filename1": "1560261206_dff0ecb242_b.jpg", "filename2": "5410979636_e7078feefa_b.jpg", "positive": {"bbox1": [484, 670, 743, 866], "bbox2": [99, 280, 579, 1022], "obj1": "person", "obj2": "umbrella", "relationship": "cover"}, "negative": {"bbox1": [97, 503, 347, 470], "bbox2": [3, 216, 366, 613], "obj1": "person", "obj2": "umbrella", "relationship": "above"}}, {"filename1": "1560261206_dff0ecb242_b.jpg", "filename2": "5013791871_bae91f0058_b.jpg", "positive": {"bbox1": [484, 670, 743, 866], "bbox2": [99, 280, 579, 1022], "obj1": "person", "obj2": "umbrella", "relationship": "cover"}, "negative": {"bbox1": [52, 682, 482, 767], "bbox2": [446, 682, 489, 599], "obj1": "person", "obj2": "umbrella", "relationship": "on the left of"}}, {"filename1": "1560261206_dff0ecb242_b.jpg", "filename2": "5655908408_205e07d6f9_b.jpg", "positive": {"bbox1": [484, 670, 743, 866], "bbox2": [99, 280, 579, 1022], "obj1": "person", "obj2": "umbrella", "relationship": "cover"}, "negative": {"bbox1": [63, 675, 478, 662], "bbox2": [9, 230, 413, 815], "obj1": "person", "obj2": "umbrella", "relationship": "over"}}, {"filename1": "1560261206_dff0ecb242_b.jpg", "filename2": "5655908408_205e07d6f9_b.jpg", "positive": {"bbox1": [484, 670, 743, 866], "bbox2": [99, 280, 579, 1022], "obj1": "person", "obj2": "umbrella", "relationship": "cover"}, "negative": {"bbox1": [8, 659, 1, 95], "bbox2": [6, 178, 5, 180], "obj1": "person", "obj2": "umbrella", "relationship": "over"}}, {"filename1": "1560261206_dff0ecb242_b.jpg", "filename2": "2787249244_c5a15fca56_o.jpg", "positive": {"bbox1": [484, 670, 743, 866], "bbox2": [99, 280, 579, 1022], "obj1": "person", "obj2": "umbrella", "relationship": "cover"}, "negative": {"bbox1": [168, 446, 460, 554], "bbox2": [86, 259, 434, 661], "obj1": "person", "obj2": "umbrella", "relationship": "with"}}, {"filename1": "1560261206_dff0ecb242_b.jpg", "filename2": "5584340038_18a58eea14_b.jpg", "positive": {"bbox1": [484, 670, 743, 866], "bbox2": [99, 280, 579, 1022], "obj1": "person", "obj2": "umbrella", "relationship": "cover"}, "negative": {"bbox1": [128, 767, 173, 925], "bbox2": [47, 400, 106, 1003], "obj1": "person", "obj2": "umbrella", "relationship": "behind"}}, {"filename1": "1560261206_dff0ecb242_b.jpg", "filename2": "8433595562_84c85d3c04_b.jpg", "positive": {"bbox1": [484, 670, 743, 866], "bbox2": [99, 280, 579, 1022], "obj1": "person", "obj2": "umbrella", "relationship": "cover"}, "negative": {"bbox1": [372, 964, 290, 480], "bbox2": [268, 375, 215, 543], "obj1": "person", "obj2": "umbrella", "relationship": "above"}}, {"filename1": "1560261206_dff0ecb242_b.jpg", "filename2": "5698768778_c82c02ae96_b.jpg", "positive": {"bbox1": [484, 670, 743, 866], "bbox2": [99, 280, 579, 1022], "obj1": "person", "obj2": "umbrella", "relationship": "cover"}, "negative": {"bbox1": [360, 1009, 193, 430], "bbox2": [251, 510, 1, 512], "obj1": "person", "obj2": "umbrella", "relationship": "above"}}, {"filename1": "1560261206_dff0ecb242_b.jpg", "filename2": "4726871474_b71658ef91_b.jpg", "positive": {"bbox1": [484, 670, 743, 866], "bbox2": [99, 280, 579, 1022], "obj1": "person", "obj2": "umbrella", "relationship": "cover"}, "negative": {"bbox1": [58, 616, 252, 495], "bbox2": [10, 120, 180, 452], "obj1": "person", "obj2": "umbrella", "relationship": "above"}}, {"filename1": "1560261206_dff0ecb242_b.jpg", "filename2": "4726871474_b71658ef91_b.jpg", "positive": {"bbox1": [484, 670, 743, 866], "bbox2": [99, 280, 579, 1022], "obj1": "person", "obj2": "umbrella", "relationship": "cover"}, "negative": {"bbox1": [77, 582, 447, 788], "bbox2": [45, 111, 426, 697], "obj1": "person", "obj2": "umbrella", "relationship": "above"}}, {"filename1": "1560261206_dff0ecb242_b.jpg", "filename2": "6969460448_8758d719d1_b.jpg", "positive": {"bbox1": [484, 670, 743, 866], "bbox2": [99, 280, 579, 1022], "obj1": "person", "obj2": "umbrella", "relationship": "cover"}, "negative": {"bbox1": [323, 763, 653, 888], "bbox2": [235, 323, 613, 831], "obj1": "person", "obj2": "umbrella", "relationship": "behind"}}, {"filename1": "1560261206_dff0ecb242_b.jpg", "filename2": "9010812893_72d5e7187c_b.jpg", "positive": {"bbox1": [484, 670, 743, 866], "bbox2": [99, 280, 579, 1022], "obj1": "person", "obj2": "umbrella", "relationship": "cover"}, "negative": {"bbox1": [112, 554, 61, 597], "bbox2": [1, 555, 2, 439], "obj1": "person", "obj2": "umbrella", "relationship": "behind"}}, {"filename1": "1560261206_dff0ecb242_b.jpg", "filename2": "9010812893_72d5e7187c_b.jpg", "positive": {"bbox1": [484, 670, 743, 866], "bbox2": [99, 280, 579, 1022], "obj1": "person", "obj2": "umbrella", "relationship": "cover"}, "negative": {"bbox1": [112, 554, 61, 597], "bbox2": [1, 555, 2, 439], "obj1": "person", "obj2": "umbrella", "relationship": "behind"}}, {"filename1": "1560261206_dff0ecb242_b.jpg", "filename2": "6054335817_cda0e0e9f6_b.jpg", "positive": {"bbox1": [484, 670, 743, 866], "bbox2": [99, 280, 579, 1022], "obj1": "person", "obj2": "umbrella", "relationship": "cover"}, "negative": {"bbox1": [169, 424, 498, 553], "bbox2": [222, 243, 796, 869], "obj1": "person", "obj2": "umbrella", "relationship": "behind"}}, {"filename1": "1560261206_dff0ecb242_b.jpg", "filename2": "5929578869_e738094887_b.jpg", "positive": {"bbox1": [484, 670, 743, 866], "bbox2": [99, 280, 579, 1022], "obj1": "person", "obj2": "umbrella", "relationship": "cover"}, "negative": {"bbox1": [397, 767, 349, 442], "bbox2": [246, 614, 6, 619], "obj1": "person", "obj2": "umbrella", "relationship": "behind"}}, {"filename1": "1560261206_dff0ecb242_b.jpg", "filename2": "5731184212_bcb38e423b_b.jpg", "positive": {"bbox1": [484, 670, 743, 866], "bbox2": [99, 280, 579, 1022], "obj1": "person", "obj2": "umbrella", "relationship": "cover"}, "negative": {"bbox1": [411, 677, 511, 635], "bbox2": [4, 100, 480, 713], "obj1": "person", "obj2": "umbrella", "relationship": "above"}}, {"filename1": "1560261206_dff0ecb242_b.jpg", "filename2": "4332292210_a6302e60f7_o.jpg", "positive": {"bbox1": [484, 670, 743, 866], "bbox2": [99, 280, 579, 1022], "obj1": "person", "obj2": "umbrella", "relationship": "cover"}, "negative": {"bbox1": [450, 678, 13, 145], "bbox2": [38, 299, 1, 211], "obj1": "person", "obj2": "umbrella", "relationship": "over"}}, {"filename1": "1560261206_dff0ecb242_b.jpg", "filename2": "3654652093_12b94463da_b.jpg", "positive": {"bbox1": [484, 670, 743, 866], "bbox2": [99, 280, 579, 1022], "obj1": "person", "obj2": "umbrella", "relationship": "cover"}, "negative": {"bbox1": [289, 767, 162, 577], "bbox2": [75, 596, 70, 689], "obj1": "person", "obj2": "umbrella", "relationship": "over"}}, {"filename1": "1560261206_dff0ecb242_b.jpg", "filename2": "5715794037_73f069675d_b.jpg", "positive": {"bbox1": [484, 670, 743, 866], "bbox2": [99, 280, 579, 1022], "obj1": "person", "obj2": "umbrella", "relationship": "cover"}, "negative": {"bbox1": [249, 766, 442, 709], "bbox2": [1, 308, 280, 701], "obj1": "person", "obj2": "umbrella", "relationship": "above"}}, {"filename1": "1560261206_dff0ecb242_b.jpg", "filename2": "6796174521_a37181203d_b.jpg", "positive": {"bbox1": [484, 670, 743, 866], "bbox2": [99, 280, 579, 1022], "obj1": "person", "obj2": "umbrella", "relationship": "cover"}, "negative": {"bbox1": [464, 766, 35, 140], "bbox2": [363, 540, 1, 214], "obj1": "person", "obj2": "umbrella", "relationship": "over"}}, {"filename1": "1560261206_dff0ecb242_b.jpg", "filename2": "6796174521_a37181203d_b.jpg", "positive": {"bbox1": [484, 670, 743, 866], "bbox2": [99, 280, 579, 1022], "obj1": "person", "obj2": "umbrella", "relationship": "cover"}, "negative": {"bbox1": [464, 766, 35, 140], "bbox2": [363, 540, 1, 214], "obj1": "person", "obj2": "umbrella", "relationship": "above"}}, {"filename1": "1560261206_dff0ecb242_b.jpg", "filename2": "8669802135_7daea6f7bb_b.jpg", "positive": {"bbox1": [484, 670, 743, 866], "bbox2": [99, 280, 579, 1022], "obj1": "person", "obj2": "umbrella", "relationship": "cover"}, "negative": {"bbox1": [152, 578, 489, 673], "bbox2": [60, 444, 382, 901], "obj1": "person", "obj2": "umbrella", "relationship": "on the top of"}}, {"filename1": "1560261206_dff0ecb242_b.jpg", "filename2": "8669802135_7daea6f7bb_b.jpg", "positive": {"bbox1": [484, 670, 743, 866], "bbox2": [99, 280, 579, 1022], "obj1": "person", "obj2": "umbrella", "relationship": "cover"}, "negative": {"bbox1": [122, 1008, 172, 363], "bbox2": [2, 460, 1, 396], "obj1": "person", "obj2": "umbrella", "relationship": "above"}}, {"filename1": "1560261206_dff0ecb242_b.jpg", "filename2": "2677375633_8f9898f270_b.jpg", "positive": {"bbox1": [484, 670, 743, 866], "bbox2": [99, 280, 579, 1022], "obj1": "person", "obj2": "umbrella", "relationship": "cover"}, "negative": {"bbox1": [304, 560, 596, 743], "bbox2": [3, 198, 119, 909], "obj1": "person", "obj2": "umbrella", "relationship": "over"}}, {"filename1": "1560261206_dff0ecb242_b.jpg", "filename2": "2677375633_8f9898f270_b.jpg", "positive": {"bbox1": [484, 670, 743, 866], "bbox2": [99, 280, 579, 1022], "obj1": "person", "obj2": "umbrella", "relationship": "cover"}, "negative": {"bbox1": [304, 560, 596, 743], "bbox2": [3, 198, 119, 909], "obj1": "person", "obj2": "umbrella", "relationship": "above"}}, {"filename1": "1560261206_dff0ecb242_b.jpg", "filename2": "9567750328_da390a0c52_b.jpg", "positive": {"bbox1": [484, 670, 743, 866], "bbox2": [99, 280, 579, 1022], "obj1": "person", "obj2": "umbrella", "relationship": "cover"}, "negative": {"bbox1": [188, 1014, 226, 681], "bbox2": [4, 252, 174, 681], "obj1": "person", "obj2": "umbrella", "relationship": "above"}}, {"filename1": "1560261206_dff0ecb242_b.jpg", "filename2": "2513020759_af6967f5d9_b.jpg", "positive": {"bbox1": [484, 670, 743, 866], "bbox2": [99, 280, 579, 1022], "obj1": "person", "obj2": "umbrella", "relationship": "cover"}, "negative": {"bbox1": [215, 764, 314, 673], "bbox2": [179, 309, 330, 686], "obj1": "person", "obj2": "umbrella", "relationship": "above"}}, {"filename1": "1560261206_dff0ecb242_b.jpg", "filename2": "1306025734_7cab73584b_b.jpg", "positive": {"bbox1": [484, 670, 743, 866], "bbox2": [99, 280, 579, 1022], "obj1": "person", "obj2": "umbrella", "relationship": "cover"}, "negative": {"bbox1": [444, 1024, 218, 767], "bbox2": [4, 571, 1, 765], "obj1": "person", "obj2": "umbrella", "relationship": "above"}}, {"filename1": "1560261206_dff0ecb242_b.jpg", "filename2": "5852706759_71a97daf7c_b.jpg", "positive": {"bbox1": [484, 670, 743, 866], "bbox2": [99, 280, 579, 1022], "obj1": "person", "obj2": "umbrella", "relationship": "cover"}, "negative": {"bbox1": [99, 629, 480, 665], "bbox2": [59, 194, 406, 677], "obj1": "person", "obj2": "umbrella", "relationship": "on the top of"}}, {"filename1": "1560261206_dff0ecb242_b.jpg", "filename2": "9149060968_9a9e26dc11_b.jpg", "positive": {"bbox1": [484, 670, 743, 866], "bbox2": [99, 280, 579, 1022], "obj1": "person", "obj2": "umbrella", "relationship": "cover"}, "negative": {"bbox1": [235, 724, 139, 649], "bbox2": [1, 714, 3, 576], "obj1": "person", "obj2": "umbrella", "relationship": "over"}}, {"filename1": "9233312433_22960f99c3_b.jpg", "filename2": "4726871474_b71658ef91_b.jpg", "positive": {"bbox1": [339, 533, 398, 526], "bbox2": [213, 341, 653, 988], "obj1": "person", "obj2": "umbrella", "relationship": "cover"}, "negative": {"bbox1": [58, 616, 252, 495], "bbox2": [10, 120, 180, 452], "obj1": "person", "obj2": "umbrella", "relationship": "above"}}, {"filename1": "9233312433_22960f99c3_b.jpg", "filename2": "4726871474_b71658ef91_b.jpg", "positive": {"bbox1": [339, 533, 398, 526], "bbox2": [213, 341, 653, 988], "obj1": "person", "obj2": "umbrella", "relationship": "cover"}, "negative": {"bbox1": [77, 582, 447, 788], "bbox2": [45, 111, 426, 697], "obj1": "person", "obj2": "umbrella", "relationship": "above"}}, {"filename1": "9233312433_22960f99c3_b.jpg", "filename2": "6969460448_8758d719d1_b.jpg", "positive": {"bbox1": [339, 533, 398, 526], "bbox2": [213, 341, 653, 988], "obj1": "person", "obj2": "umbrella", "relationship": "cover"}, "negative": {"bbox1": [323, 763, 653, 888], "bbox2": [235, 323, 613, 831], "obj1": "person", "obj2": "umbrella", "relationship": "behind"}}, {"filename1": "9233312433_22960f99c3_b.jpg", "filename2": "9010812893_72d5e7187c_b.jpg", "positive": {"bbox1": [339, 533, 398, 526], "bbox2": [213, 341, 653, 988], "obj1": "person", "obj2": "umbrella", "relationship": "cover"}, "negative": {"bbox1": [112, 554, 61, 597], "bbox2": [1, 555, 2, 439], "obj1": "person", "obj2": "umbrella", "relationship": "behind"}}, {"filename1": "9233312433_22960f99c3_b.jpg", "filename2": "9010812893_72d5e7187c_b.jpg", "positive": {"bbox1": [339, 533, 398, 526], "bbox2": [213, 341, 653, 988], "obj1": "person", "obj2": "umbrella", "relationship": "cover"}, "negative": {"bbox1": [112, 554, 61, 597], "bbox2": [1, 555, 2, 439], "obj1": "person", "obj2": "umbrella", "relationship": "behind"}}, {"filename1": "9233312433_22960f99c3_b.jpg", "filename2": "6054335817_cda0e0e9f6_b.jpg", "positive": {"bbox1": [339, 533, 398, 526], "bbox2": [213, 341, 653, 988], "obj1": "person", "obj2": "umbrella", "relationship": "cover"}, "negative": {"bbox1": [169, 424, 498, 553], "bbox2": [222, 243, 796, 869], "obj1": "person", "obj2": "umbrella", "relationship": "behind"}}, {"filename1": "9233312433_22960f99c3_b.jpg", "filename2": "5929578869_e738094887_b.jpg", "positive": {"bbox1": [339, 533, 398, 526], "bbox2": [213, 341, 653, 988], "obj1": "person", "obj2": "umbrella", "relationship": "cover"}, "negative": {"bbox1": [397, 767, 349, 442], "bbox2": [246, 614, 6, 619], "obj1": "person", "obj2": "umbrella", "relationship": "behind"}}, {"filename1": "9233312433_22960f99c3_b.jpg", "filename2": "5731184212_bcb38e423b_b.jpg", "positive": {"bbox1": [339, 533, 398, 526], "bbox2": [213, 341, 653, 988], "obj1": "person", "obj2": "umbrella", "relationship": "cover"}, "negative": {"bbox1": [411, 677, 511, 635], "bbox2": [4, 100, 480, 713], "obj1": "person", "obj2": "umbrella", "relationship": "above"}}, {"filename1": "9233312433_22960f99c3_b.jpg", "filename2": "4332292210_a6302e60f7_o.jpg", "positive": {"bbox1": [339, 533, 398, 526], "bbox2": [213, 341, 653, 988], "obj1": "person", "obj2": "umbrella", "relationship": "cover"}, "negative": {"bbox1": [450, 678, 13, 145], "bbox2": [38, 299, 1, 211], "obj1": "person", "obj2": "umbrella", "relationship": "over"}}, {"filename1": "9233312433_22960f99c3_b.jpg", "filename2": "3654652093_12b94463da_b.jpg", "positive": {"bbox1": [339, 533, 398, 526], "bbox2": [213, 341, 653, 988], "obj1": "person", "obj2": "umbrella", "relationship": "cover"}, "negative": {"bbox1": [289, 767, 162, 577], "bbox2": [75, 596, 70, 689], "obj1": "person", "obj2": "umbrella", "relationship": "over"}}, {"filename1": "9233312433_22960f99c3_b.jpg", "filename2": "5715794037_73f069675d_b.jpg", "positive": {"bbox1": [339, 533, 398, 526], "bbox2": [213, 341, 653, 988], "obj1": "person", "obj2": "umbrella", "relationship": "cover"}, "negative": {"bbox1": [249, 766, 442, 709], "bbox2": [1, 308, 280, 701], "obj1": "person", "obj2": "umbrella", "relationship": "above"}}, {"filename1": "9233312433_22960f99c3_b.jpg", "filename2": "6796174521_a37181203d_b.jpg", "positive": {"bbox1": [339, 533, 398, 526], "bbox2": [213, 341, 653, 988], "obj1": "person", "obj2": "umbrella", "relationship": "cover"}, "negative": {"bbox1": [464, 766, 35, 140], "bbox2": [363, 540, 1, 214], "obj1": "person", "obj2": "umbrella", "relationship": "over"}}, {"filename1": "9233312433_22960f99c3_b.jpg", "filename2": "6796174521_a37181203d_b.jpg", "positive": {"bbox1": [339, 533, 398, 526], "bbox2": [213, 341, 653, 988], "obj1": "person", "obj2": "umbrella", "relationship": "cover"}, "negative": {"bbox1": [464, 766, 35, 140], "bbox2": [363, 540, 1, 214], "obj1": "person", "obj2": "umbrella", "relationship": "above"}}, {"filename1": "9233312433_22960f99c3_b.jpg", "filename2": "8669802135_7daea6f7bb_b.jpg", "positive": {"bbox1": [339, 533, 398, 526], "bbox2": [213, 341, 653, 988], "obj1": "person", "obj2": "umbrella", "relationship": "cover"}, "negative": {"bbox1": [152, 578, 489, 673], "bbox2": [60, 444, 382, 901], "obj1": "person", "obj2": "umbrella", "relationship": "on the top of"}}, {"filename1": "9233312433_22960f99c3_b.jpg", "filename2": "8669802135_7daea6f7bb_b.jpg", "positive": {"bbox1": [339, 533, 398, 526], "bbox2": [213, 341, 653, 988], "obj1": "person", "obj2": "umbrella", "relationship": "cover"}, "negative": {"bbox1": [122, 1008, 172, 363], "bbox2": [2, 460, 1, 396], "obj1": "person", "obj2": "umbrella", "relationship": "above"}}, {"filename1": "9233312433_22960f99c3_b.jpg", "filename2": "2677375633_8f9898f270_b.jpg", "positive": {"bbox1": [339, 533, 398, 526], "bbox2": [213, 341, 653, 988], "obj1": "person", "obj2": "umbrella", "relationship": "cover"}, "negative": {"bbox1": [304, 560, 596, 743], "bbox2": [3, 198, 119, 909], "obj1": "person", "obj2": "umbrella", "relationship": "over"}}, {"filename1": "9233312433_22960f99c3_b.jpg", "filename2": "2677375633_8f9898f270_b.jpg", "positive": {"bbox1": [339, 533, 398, 526], "bbox2": [213, 341, 653, 988], "obj1": "person", "obj2": "umbrella", "relationship": "cover"}, "negative": {"bbox1": [304, 560, 596, 743], "bbox2": [3, 198, 119, 909], "obj1": "person", "obj2": "umbrella", "relationship": "above"}}, {"filename1": "9233312433_22960f99c3_b.jpg", "filename2": "9567750328_da390a0c52_b.jpg", "positive": {"bbox1": [339, 533, 398, 526], "bbox2": [213, 341, 653, 988], "obj1": "person", "obj2": "umbrella", "relationship": "cover"}, "negative": {"bbox1": [188, 1014, 226, 681], "bbox2": [4, 252, 174, 681], "obj1": "person", "obj2": "umbrella", "relationship": "above"}}, {"filename1": "9233312433_22960f99c3_b.jpg", "filename2": "2513020759_af6967f5d9_b.jpg", "positive": {"bbox1": [339, 533, 398, 526], "bbox2": [213, 341, 653, 988], "obj1": "person", "obj2": "umbrella", "relationship": "cover"}, "negative": {"bbox1": [215, 764, 314, 673], "bbox2": [179, 309, 330, 686], "obj1": "person", "obj2": "umbrella", "relationship": "above"}}, {"filename1": "9233312433_22960f99c3_b.jpg", "filename2": "1306025734_7cab73584b_b.jpg", "positive": {"bbox1": [339, 533, 398, 526], "bbox2": [213, 341, 653, 988], "obj1": "person", "obj2": "umbrella", "relationship": "cover"}, "negative": {"bbox1": [444, 1024, 218, 767], "bbox2": [4, 571, 1, 765], "obj1": "person", "obj2": "umbrella", "relationship": "above"}}, {"filename1": "9233312433_22960f99c3_b.jpg", "filename2": "5852706759_71a97daf7c_b.jpg", "positive": {"bbox1": [339, 533, 398, 526], "bbox2": [213, 341, 653, 988], "obj1": "person", "obj2": "umbrella", "relationship": "cover"}, "negative": {"bbox1": [99, 629, 480, 665], "bbox2": [59, 194, 406, 677], "obj1": "person", "obj2": "umbrella", "relationship": "on the top of"}}, {"filename1": "9233312433_22960f99c3_b.jpg", "filename2": "9149060968_9a9e26dc11_b.jpg", "positive": {"bbox1": [339, 533, 398, 526], "bbox2": [213, 341, 653, 988], "obj1": "person", "obj2": "umbrella", "relationship": "cover"}, "negative": {"bbox1": [235, 724, 139, 649], "bbox2": [1, 714, 3, 576], "obj1": "person", "obj2": "umbrella", "relationship": "over"}}, {"filename1": "6974520121_4d7b725db8_b.jpg", "filename2": "6116946649_7be3d70d6c_b.jpg", "positive": {"bbox1": [307, 402, 1, 306], "bbox2": [280, 414, 5, 316], "obj1": "mountain", "obj2": "trees", "relationship": "cover"}, "negative": {"bbox1": [226, 571, 6, 763], "bbox2": [231, 545, 2, 767], "obj1": "mountain", "obj2": "trees", "relationship": "on"}}, {"filename1": "6974520121_4d7b725db8_b.jpg", "filename2": "3330913880_0c57abe7c7_b.jpg", "positive": {"bbox1": [307, 402, 1, 306], "bbox2": [280, 414, 5, 316], "obj1": "mountain", "obj2": "trees", "relationship": "cover"}, "negative": {"bbox1": [48, 377, 696, 1020], "bbox2": [108, 314, 704, 1019], "obj1": "mountain", "obj2": "trees", "relationship": "on"}}, {"filename1": "6974520121_4d7b725db8_b.jpg", "filename2": "4018027151_68cc71daa9_b.jpg", "positive": {"bbox1": [307, 402, 1, 306], "bbox2": [280, 414, 5, 316], "obj1": "mountain", "obj2": "trees", "relationship": "cover"}, "negative": {"bbox1": [19, 131, 429, 913], "bbox2": [26, 174, 201, 1021], "obj1": "mountain", "obj2": "trees", "relationship": "in the front of"}}, {"filename1": "6974520121_4d7b725db8_b.jpg", "filename2": "5541228292_166f0258a6_b.jpg", "positive": {"bbox1": [307, 402, 1, 306], "bbox2": [280, 414, 5, 316], "obj1": "mountain", "obj2": "trees", "relationship": "cover"}, "negative": {"bbox1": [358, 602, 196, 1018], "bbox2": [316, 603, 187, 1023], "obj1": "mountain", "obj2": "trees", "relationship": "on"}}, {"filename1": "6974520121_4d7b725db8_b.jpg", "filename2": "4827373847_857b8596d0_b.jpg", "positive": {"bbox1": [307, 402, 1, 306], "bbox2": [280, 414, 5, 316], "obj1": "mountain", "obj2": "trees", "relationship": "cover"}, "negative": {"bbox1": [80, 646, 2, 683], "bbox2": [35, 483, 1, 682], "obj1": "mountain", "obj2": "trees", "relationship": "on the top of"}}, {"filename1": "6974520121_4d7b725db8_b.jpg", "filename2": "4378764730_e312e54f9d_b.jpg", "positive": {"bbox1": [307, 402, 1, 306], "bbox2": [280, 414, 5, 316], "obj1": "mountain", "obj2": "trees", "relationship": "cover"}, "negative": {"bbox1": [281, 413, 2, 1024], "bbox2": [290, 640, 1, 1024], "obj1": "mountain", "obj2": "trees", "relationship": "below"}}, {"filename1": "6974520121_4d7b725db8_b.jpg", "filename2": "321785477_a4a4739ee5_o.jpg", "positive": {"bbox1": [307, 402, 1, 306], "bbox2": [280, 414, 5, 316], "obj1": "mountain", "obj2": "trees", "relationship": "cover"}, "negative": {"bbox1": [67, 241, 87, 629], "bbox2": [132, 244, 1, 497], "obj1": "mountain", "obj2": "trees", "relationship": "in the front of"}}, {"filename1": "6006963922_ac961c83f8_b.jpg", "filename2": "9149060968_9a9e26dc11_b.jpg", "positive": {"bbox1": [484, 671, 415, 634], "bbox2": [251, 479, 448, 973], "obj1": "person", "obj2": "umbrella", "relationship": "cover"}, "negative": {"bbox1": [235, 724, 139, 649], "bbox2": [1, 714, 3, 576], "obj1": "person", "obj2": "umbrella", "relationship": "over"}}]}