{"predicate": "drive on", "examples": [{"filename1": "329110892_f81f0094ae_b.jpg", "filename2": "8220911582_bd88da4bdb_b.jpg", "positive": {"bbox1": [379, 601, 7, 1023], "bbox2": [191, 443, 684, 838], "obj1": "road", "obj2": "bus", "relationship": "drive on"}, "negative": {"bbox1": [430, 763, 4, 1022], "bbox2": [124, 595, 309, 899], "obj1": "road", "obj2": "bus", "relationship": "on"}}, {"filename1": "329110892_f81f0094ae_b.jpg", "filename2": "3040269958_9945ae9766_b.jpg", "positive": {"bbox1": [379, 601, 7, 1023], "bbox2": [191, 443, 684, 838], "obj1": "road", "obj2": "bus", "relationship": "drive on"}, "negative": {"bbox1": [700, 770, 2, 682], "bbox2": [679, 763, 1, 103], "obj1": "road", "obj2": "bus", "relationship": "on"}}, {"filename1": "329110892_f81f0094ae_b.jpg", "filename2": "8239850870_78419507a5_b.jpg", "positive": {"bbox1": [379, 601, 7, 1023], "bbox2": [191, 443, 684, 838], "obj1": "road", "obj2": "bus", "relationship": "drive on"}, "negative": {"bbox1": [383, 575, 3, 1022], "bbox2": [143, 497, 81, 769], "obj1": "road", "obj2": "bus", "relationship": "above"}}, {"filename1": "329110892_f81f0094ae_b.jpg", "filename2": "221833288_151076a9ae_o.jpg", "positive": {"bbox1": [379, 601, 7, 1023], "bbox2": [191, 443, 684, 838], "obj1": "road", "obj2": "bus", "relationship": "drive on"}, "negative": {"bbox1": [129, 767, 4, 1015], "bbox2": [1, 635, 720, 1023], "obj1": "road", "obj2": "bus", "relationship": "on"}}, {"filename1": "329110892_f81f0094ae_b.jpg", "filename2": "698932855_eae2ea3d04_o.jpg", "positive": {"bbox1": [379, 601, 7, 1023], "bbox2": [191, 443, 684, 838], "obj1": "road", "obj2": "bus", "relationship": "drive on"}, "negative": {"bbox1": [1, 959, 646, 1277], "bbox2": [818, 953, 470, 740], "obj1": "road", "obj2": "bus", "relationship": "on"}}, {"filename1": "329110892_f81f0094ae_b.jpg", "filename2": "3159500179_4c0692e0a8_b.jpg", "positive": {"bbox1": [379, 601, 7, 1023], "bbox2": [191, 443, 684, 838], "obj1": "road", "obj2": "bus", "relationship": "drive on"}, "negative": {"bbox1": [320, 767, 8, 873], "bbox2": [101, 626, 1, 352], "obj1": "road", "obj2": "bus", "relationship": "on"}}, {"filename1": "329110892_f81f0094ae_b.jpg", "filename2": "9400125810_137d291662_b.jpg", "positive": {"bbox1": [379, 601, 7, 1023], "bbox2": [191, 443, 684, 838], "obj1": "road", "obj2": "bus", "relationship": "drive on"}, "negative": {"bbox1": [596, 788, 1, 1023], "bbox2": [299, 626, 894, 1023], "obj1": "road", "obj2": "bus", "relationship": "on"}}, {"filename1": "329110892_f81f0094ae_b.jpg", "filename2": "8683977236_905ece1c89_b.jpg", "positive": {"bbox1": [379, 601, 7, 1023], "bbox2": [191, 443, 684, 838], "obj1": "road", "obj2": "bus", "relationship": "drive on"}, "negative": {"bbox1": [478, 764, 2, 1022], "bbox2": [218, 606, 116, 857], "obj1": "road", "obj2": "bus", "relationship": "on"}}, {"filename1": "329110892_f81f0094ae_b.jpg", "filename2": "8290246840_b569d518db_b.jpg", "positive": {"bbox1": [379, 601, 7, 1023], "bbox2": [191, 443, 684, 838], "obj1": "road", "obj2": "bus", "relationship": "drive on"}, "negative": {"bbox1": [348, 765, 6, 1006], "bbox2": [272, 438, 551, 807], "obj1": "road", "obj2": "bus", "relationship": "by"}}, {"filename1": "329110892_f81f0094ae_b.jpg", "filename2": "8727000764_d6da66f57f_b.jpg", "positive": {"bbox1": [379, 601, 7, 1023], "bbox2": [191, 443, 684, 838], "obj1": "road", "obj2": "bus", "relationship": "drive on"}, "negative": {"bbox1": [190, 767, 34, 1024], "bbox2": [175, 239, 380, 494], "obj1": "road", "obj2": "bus", "relationship": "in"}}, {"filename1": "329110892_f81f0094ae_b.jpg", "filename2": "8507556270_3f298e82d3_b.jpg", "positive": {"bbox1": [379, 601, 7, 1023], "bbox2": [191, 443, 684, 838], "obj1": "road", "obj2": "bus", "relationship": "drive on"}, "negative": {"bbox1": [407, 677, 1, 1022], "bbox2": [147, 597, 262, 804], "obj1": "road", "obj2": "bus", "relationship": "on"}}, {"filename1": "329110892_f81f0094ae_b.jpg", "filename2": "9223560177_a52092eb15_b.jpg", "positive": {"bbox1": [379, 601, 7, 1023], "bbox2": [191, 443, 684, 838], "obj1": "road", "obj2": "bus", "relationship": "drive on"}, "negative": {"bbox1": [460, 647, 1, 1024], "bbox2": [249, 531, 1, 236], "obj1": "road", "obj2": "bus", "relationship": "on"}}, {"filename1": "329110892_f81f0094ae_b.jpg", "filename2": "8751763159_c2788c80d3_b.jpg", "positive": {"bbox1": [379, 601, 7, 1023], "bbox2": [191, 443, 684, 838], "obj1": "road", "obj2": "bus", "relationship": "drive on"}, "negative": {"bbox1": [442, 680, 4, 1022], "bbox2": [271, 488, 138, 703], "obj1": "road", "obj2": "bus", "relationship": "at"}}, {"filename1": "329110892_f81f0094ae_b.jpg", "filename2": "10004827943_9f667176ef_b.jpg", "positive": {"bbox1": [379, 601, 7, 1023], "bbox2": [191, 443, 684, 838], "obj1": "road", "obj2": "bus", "relationship": "drive on"}, "negative": {"bbox1": [520, 756, 2, 1022], "bbox2": [410, 641, 183, 736], "obj1": "road", "obj2": "bus", "relationship": "on"}}, {"filename1": "329110892_f81f0094ae_b.jpg", "filename2": "10004827943_9f667176ef_b.jpg", "positive": {"bbox1": [379, 601, 7, 1023], "bbox2": [191, 443, 684, 838], "obj1": "road", "obj2": "bus", "relationship": "drive on"}, "negative": {"bbox1": [520, 756, 2, 1022], "bbox2": [410, 641, 183, 736], "obj1": "road", "obj2": "bus", "relationship": "on"}}, {"filename1": "329110892_f81f0094ae_b.jpg", "filename2": "9647798837_4940c7c86c_b.jpg", "positive": {"bbox1": [379, 601, 7, 1023], "bbox2": [191, 443, 684, 838], "obj1": "road", "obj2": "bus", "relationship": "drive on"}, "negative": {"bbox1": [478, 689, 3, 1022], "bbox2": [165, 611, 178, 697], "obj1": "road", "obj2": "bus", "relationship": "on"}}, {"filename1": "329110892_f81f0094ae_b.jpg", "filename2": "9372536208_b97bc7eeff_b.jpg", "positive": {"bbox1": [379, 601, 7, 1023], "bbox2": [191, 443, 684, 838], "obj1": "road", "obj2": "bus", "relationship": "drive on"}, "negative": {"bbox1": [397, 749, 38, 999], "bbox2": [19, 572, 358, 912], "obj1": "road", "obj2": "bus", "relationship": "on"}}, {"filename1": "329110892_f81f0094ae_b.jpg", "filename2": "295142265_3bb431bfac_b.jpg", "positive": {"bbox1": [379, 601, 7, 1023], "bbox2": [191, 443, 684, 838], "obj1": "road", "obj2": "bus", "relationship": "drive on"}, "negative": {"bbox1": [184, 683, 317, 1021], "bbox2": [1, 356, 461, 1020], "obj1": "road", "obj2": "bus", "relationship": "on"}}, {"filename1": "329110892_f81f0094ae_b.jpg", "filename2": "4024894436_fa999934d5_o.jpg", "positive": {"bbox1": [379, 601, 7, 1023], "bbox2": [191, 443, 684, 838], "obj1": "road", "obj2": "bus", "relationship": "drive on"}, "negative": {"bbox1": [597, 733, 1, 1098], "bbox2": [254, 621, 1, 447], "obj1": "road", "obj2": "bus", "relationship": "on"}}, {"filename1": "329110892_f81f0094ae_b.jpg", "filename2": "3952337358_19a686b120_b.jpg", "positive": {"bbox1": [379, 601, 7, 1023], "bbox2": [191, 443, 684, 838], "obj1": "road", "obj2": "bus", "relationship": "drive on"}, "negative": {"bbox1": [300, 425, 4, 534], "bbox2": [224, 304, 365, 487], "obj1": "road", "obj2": "bus", "relationship": "on"}}, {"filename1": "329110892_f81f0094ae_b.jpg", "filename2": "9333079070_73ddd00404_b.jpg", "positive": {"bbox1": [379, 601, 7, 1023], "bbox2": [191, 443, 684, 838], "obj1": "road", "obj2": "bus", "relationship": "drive on"}, "negative": {"bbox1": [296, 767, 3, 1023], "bbox2": [100, 515, 122, 648], "obj1": "road", "obj2": "bus", "relationship": "on"}}, {"filename1": "329110892_f81f0094ae_b.jpg", "filename2": "7604292030_03b75b0622_b.jpg", "positive": {"bbox1": [379, 601, 7, 1023], "bbox2": [191, 443, 684, 838], "obj1": "road", "obj2": "bus", "relationship": "drive on"}, "negative": {"bbox1": [541, 764, 1, 1023], "bbox2": [292, 605, 345, 877], "obj1": "road", "obj2": "bus", "relationship": "on"}}, {"filename1": "329110892_f81f0094ae_b.jpg", "filename2": "6555244243_70035549d2_b.jpg", "positive": {"bbox1": [379, 601, 7, 1023], "bbox2": [191, 443, 684, 838], "obj1": "road", "obj2": "bus", "relationship": "drive on"}, "negative": {"bbox1": [569, 763, 3, 1019], "bbox2": [524, 688, 564, 858], "obj1": "road", "obj2": "bus", "relationship": "on"}}, {"filename1": "329110892_f81f0094ae_b.jpg", "filename2": "6555244243_70035549d2_b.jpg", "positive": {"bbox1": [379, 601, 7, 1023], "bbox2": [191, 443, 684, 838], "obj1": "road", "obj2": "bus", "relationship": "drive on"}, "negative": {"bbox1": [569, 763, 3, 1019], "bbox2": [524, 688, 564, 858], "obj1": "road", "obj2": "bus", "relationship": "over"}}, {"filename1": "329110892_f81f0094ae_b.jpg", "filename2": "10076443556_a0af20dfb7_b.jpg", "positive": {"bbox1": [379, 601, 7, 1023], "bbox2": [191, 443, 684, 838], "obj1": "road", "obj2": "bus", "relationship": "drive on"}, "negative": {"bbox1": [422, 678, 1, 1020], "bbox2": [138, 479, 85, 941], "obj1": "road", "obj2": "bus", "relationship": "on"}}, {"filename1": "329110892_f81f0094ae_b.jpg", "filename2": "10076443556_a0af20dfb7_b.jpg", "positive": {"bbox1": [379, 601, 7, 1023], "bbox2": [191, 443, 684, 838], "obj1": "road", "obj2": "bus", "relationship": "drive on"}, "negative": {"bbox1": [422, 678, 1, 1020], "bbox2": [138, 479, 85, 941], "obj1": "road", "obj2": "bus", "relationship": "over"}}, {"filename1": "329110892_f81f0094ae_b.jpg", "filename2": "9964390374_e9e6aca637_b.jpg", "positive": {"bbox1": [379, 601, 7, 1023], "bbox2": [191, 443, 684, 838], "obj1": "road", "obj2": "bus", "relationship": "drive on"}, "negative": {"bbox1": [457, 1015, 4, 766], "bbox2": [370, 601, 78, 692], "obj1": "road", "obj2": "bus", "relationship": "on"}}, {"filename1": "329110892_f81f0094ae_b.jpg", "filename2": "9293070938_b6d16f751f_b.jpg", "positive": {"bbox1": [379, 601, 7, 1023], "bbox2": [191, 443, 684, 838], "obj1": "road", "obj2": "bus", "relationship": "drive on"}, "negative": {"bbox1": [465, 676, 1, 1020], "bbox2": [294, 601, 592, 901], "obj1": "road", "obj2": "bus", "relationship": "on"}}, {"filename1": "329110892_f81f0094ae_b.jpg", "filename2": "10316193334_6257b050af_b.jpg", "positive": {"bbox1": [379, 601, 7, 1023], "bbox2": [191, 443, 684, 838], "obj1": "road", "obj2": "bus", "relationship": "drive on"}, "negative": {"bbox1": [421, 674, 4, 1022], "bbox2": [369, 619, 186, 771], "obj1": "road", "obj2": "bus", "relationship": "on"}}, {"filename1": "329110892_f81f0094ae_b.jpg", "filename2": "9587167369_6226d0c4f3_b.jpg", "positive": {"bbox1": [379, 601, 7, 1023], "bbox2": [191, 443, 684, 838], "obj1": "road", "obj2": "bus", "relationship": "drive on"}, "negative": {"bbox1": [454, 766, 2, 1022], "bbox2": [165, 686, 158, 897], "obj1": "road", "obj2": "bus", "relationship": "above"}}, {"filename1": "329110892_f81f0094ae_b.jpg", "filename2": "276568715_5229e27151_o.jpg", "positive": {"bbox1": [379, 601, 7, 1023], "bbox2": [191, 443, 684, 838], "obj1": "road", "obj2": "bus", "relationship": "drive on"}, "negative": {"bbox1": [614, 767, 88, 488], "bbox2": [421, 661, 199, 355], "obj1": "road", "obj2": "bus", "relationship": "on the top of"}}, {"filename1": "329110892_f81f0094ae_b.jpg", "filename2": "8925250557_d801d44927_b.jpg", "positive": {"bbox1": [379, 601, 7, 1023], "bbox2": [191, 443, 684, 838], "obj1": "road", "obj2": "bus", "relationship": "drive on"}, "negative": {"bbox1": [248, 576, 35, 1017], "bbox2": [229, 454, 309, 636], "obj1": "road", "obj2": "bus", "relationship": "on"}}, {"filename1": "329110892_f81f0094ae_b.jpg", "filename2": "7713525964_0583997dd8_b.jpg", "positive": {"bbox1": [379, 601, 7, 1023], "bbox2": [191, 443, 684, 838], "obj1": "road", "obj2": "bus", "relationship": "drive on"}, "negative": {"bbox1": [25, 674, 1, 1023], "bbox2": [1, 242, 458, 714], "obj1": "road", "obj2": "bus", "relationship": "on"}}, {"filename1": "329110892_f81f0094ae_b.jpg", "filename2": "8476575196_d83e1475fb_b.jpg", "positive": {"bbox1": [379, 601, 7, 1023], "bbox2": [191, 443, 684, 838], "obj1": "road", "obj2": "bus", "relationship": "drive on"}, "negative": {"bbox1": [336, 758, 3, 982], "bbox2": [280, 423, 603, 836], "obj1": "road", "obj2": "bus", "relationship": "on"}}, {"filename1": "329110892_f81f0094ae_b.jpg", "filename2": "8191984745_85008771cd_b.jpg", "positive": {"bbox1": [379, 601, 7, 1023], "bbox2": [191, 443, 684, 838], "obj1": "road", "obj2": "bus", "relationship": "drive on"}, "negative": {"bbox1": [614, 764, 1, 1021], "bbox2": [495, 690, 28, 696], "obj1": "road", "obj2": "bus", "relationship": "on"}}, {"filename1": "329110892_f81f0094ae_b.jpg", "filename2": "9141720998_15b8b4a0c1_b.jpg", "positive": {"bbox1": [379, 601, 7, 1023], "bbox2": [191, 443, 684, 838], "obj1": "road", "obj2": "bus", "relationship": "drive on"}, "negative": {"bbox1": [386, 681, 1, 1024], "bbox2": [33, 617, 253, 903], "obj1": "road", "obj2": "bus", "relationship": "on"}}, {"filename1": "329110892_f81f0094ae_b.jpg", "filename2": "9609672745_21964c3aa6_b.jpg", "positive": {"bbox1": [379, 601, 7, 1023], "bbox2": [191, 443, 684, 838], "obj1": "road", "obj2": "bus", "relationship": "drive on"}, "negative": {"bbox1": [473, 675, 4, 1022], "bbox2": [200, 592, 454, 759], "obj1": "road", "obj2": "bus", "relationship": "on"}}, {"filename1": "329110892_f81f0094ae_b.jpg", "filename2": "9737277122_d6bc57a14e_b.jpg", "positive": {"bbox1": [379, 601, 7, 1023], "bbox2": [191, 443, 684, 838], "obj1": "road", "obj2": "bus", "relationship": "drive on"}, "negative": {"bbox1": [437, 682, 1, 1024], "bbox2": [99, 595, 204, 844], "obj1": "road", "obj2": "bus", "relationship": "on"}}, {"filename1": "329110892_f81f0094ae_b.jpg", "filename2": "8139490194_ce8a13600e_b.jpg", "positive": {"bbox1": [379, 601, 7, 1023], "bbox2": [191, 443, 684, 838], "obj1": "road", "obj2": "bus", "relationship": "drive on"}, "negative": {"bbox1": [402, 682, 365, 1021], "bbox2": [288, 520, 483, 761], "obj1": "road", "obj2": "bus", "relationship": "on"}}]}