{"predicate": "drive", "examples": [{"filename1": "3572969356_2b01616f71_b.jpg", "filename2": "2888991417_bf0c30726e_b.jpg", "positive": {"bbox1": [226, 641, 254, 712], "bbox2": [275, 346, 440, 489], "obj1": "train", "obj2": "person", "relationship": "drive"}, "negative": {"bbox1": [407, 446, 89, 875], "bbox2": [537, 556, 634, 643], "obj1": "train", "obj2": "person", "relationship": "under"}}, {"filename1": "3572969356_2b01616f71_b.jpg", "filename2": "6883648073_b7ce5d4559_b.jpg", "positive": {"bbox1": [226, 641, 254, 712], "bbox2": [275, 346, 440, 489], "obj1": "train", "obj2": "person", "relationship": "drive"}, "negative": {"bbox1": [93, 569, 308, 1023], "bbox2": [285, 433, 64, 122], "obj1": "train", "obj2": "person", "relationship": "beside"}}, {"filename1": "3572969356_2b01616f71_b.jpg", "filename2": "6883648073_b7ce5d4559_b.jpg", "positive": {"bbox1": [226, 641, 254, 712], "bbox2": [275, 346, 440, 489], "obj1": "train", "obj2": "person", "relationship": "drive"}, "negative": {"bbox1": [93, 569, 308, 1023], "bbox2": [230, 428, 318, 391], "obj1": "train", "obj2": "person", "relationship": "stand on"}}, {"filename1": "3572969356_2b01616f71_b.jpg", "filename2": "6883648073_b7ce5d4559_b.jpg", "positive": {"bbox1": [226, 641, 254, 712], "bbox2": [275, 346, 440, 489], "obj1": "train", "obj2": "person", "relationship": "drive"}, "negative": {"bbox1": [93, 569, 308, 1023], "bbox2": [211, 369, 628, 698], "obj1": "train", "obj2": "person", "relationship": "on"}}, {"filename1": "3572969356_2b01616f71_b.jpg", "filename2": "8588178250_87ce7bb9f1_b.jpg", "positive": {"bbox1": [226, 641, 254, 712], "bbox2": [275, 346, 440, 489], "obj1": "train", "obj2": "person", "relationship": "drive"}, "negative": {"bbox1": [119, 670, 2, 805], "bbox2": [330, 390, 173, 193], "obj1": "train", "obj2": "person", "relationship": "inside"}}, {"filename1": "3572969356_2b01616f71_b.jpg", "filename2": "8588178250_87ce7bb9f1_b.jpg", "positive": {"bbox1": [226, 641, 254, 712], "bbox2": [275, 346, 440, 489], "obj1": "train", "obj2": "person", "relationship": "drive"}, "negative": {"bbox1": [119, 670, 2, 805], "bbox2": [330, 390, 173, 193], "obj1": "train", "obj2": "person", "relationship": "near"}}, {"filename1": "3572969356_2b01616f71_b.jpg", "filename2": "8588178250_87ce7bb9f1_b.jpg", "positive": {"bbox1": [226, 641, 254, 712], "bbox2": [275, 346, 440, 489], "obj1": "train", "obj2": "person", "relationship": "drive"}, "negative": {"bbox1": [119, 670, 2, 805], "bbox2": [341, 360, 179, 194], "obj1": "train", "obj2": "person", "relationship": "on the left of"}}, {"filename1": "3572969356_2b01616f71_b.jpg", "filename2": "8588178250_87ce7bb9f1_b.jpg", "positive": {"bbox1": [226, 641, 254, 712], "bbox2": [275, 346, 440, 489], "obj1": "train", "obj2": "person", "relationship": "drive"}, "negative": {"bbox1": [119, 670, 2, 805], "bbox2": [341, 360, 179, 194], "obj1": "train", "obj2": "person", "relationship": "near"}}, {"filename1": "3572969356_2b01616f71_b.jpg", "filename2": "9509838518_60514f6c6e_b.jpg", "positive": {"bbox1": [226, 641, 254, 712], "bbox2": [275, 346, 440, 489], "obj1": "train", "obj2": "person", "relationship": "drive"}, "negative": {"bbox1": [177, 683, 103, 839], "bbox2": [329, 500, 667, 732], "obj1": "train", "obj2": "person", "relationship": "outside of"}}, {"filename1": "3572969356_2b01616f71_b.jpg", "filename2": "9509838518_60514f6c6e_b.jpg", "positive": {"bbox1": [226, 641, 254, 712], "bbox2": [275, 346, 440, 489], "obj1": "train", "obj2": "person", "relationship": "drive"}, "negative": {"bbox1": [177, 683, 103, 839], "bbox2": [329, 500, 667, 732], "obj1": "train", "obj2": "person", "relationship": "next to"}}, {"filename1": "3572969356_2b01616f71_b.jpg", "filename2": "9637594607_4a315f5084_b.jpg", "positive": {"bbox1": [226, 641, 254, 712], "bbox2": [275, 346, 440, 489], "obj1": "train", "obj2": "person", "relationship": "drive"}, "negative": {"bbox1": [4, 477, 1, 632], "bbox2": [118, 443, 532, 635], "obj1": "train", "obj2": "person", "relationship": "by"}}, {"filename1": "3572969356_2b01616f71_b.jpg", "filename2": "9637594607_4a315f5084_b.jpg", "positive": {"bbox1": [226, 641, 254, 712], "bbox2": [275, 346, 440, 489], "obj1": "train", "obj2": "person", "relationship": "drive"}, "negative": {"bbox1": [4, 477, 1, 632], "bbox2": [124, 404, 279, 369], "obj1": "train", "obj2": "person", "relationship": "by"}}, {"filename1": "3572969356_2b01616f71_b.jpg", "filename2": "8620948179_f71f8bce88_b.jpg", "positive": {"bbox1": [226, 641, 254, 712], "bbox2": [275, 346, 440, 489], "obj1": "train", "obj2": "person", "relationship": "drive"}, "negative": {"bbox1": [140, 509, 392, 687], "bbox2": [307, 420, 209, 242], "obj1": "train", "obj2": "person", "relationship": "look"}}, {"filename1": "3572969356_2b01616f71_b.jpg", "filename2": "9094994983_5171df0991_b.jpg", "positive": {"bbox1": [226, 641, 254, 712], "bbox2": [275, 346, 440, 489], "obj1": "train", "obj2": "person", "relationship": "drive"}, "negative": {"bbox1": [77, 501, 345, 825], "bbox2": [223, 418, 337, 401], "obj1": "train", "obj2": "person", "relationship": "beside"}}, {"filename1": "3572969356_2b01616f71_b.jpg", "filename2": "9932805713_438dc590ff_b.jpg", "positive": {"bbox1": [226, 641, 254, 712], "bbox2": [275, 346, 440, 489], "obj1": "train", "obj2": "person", "relationship": "drive"}, "negative": {"bbox1": [44, 565, 402, 689], "bbox2": [101, 146, 356, 385], "obj1": "train", "obj2": "person", "relationship": "next to"}}, {"filename1": "3572969356_2b01616f71_b.jpg", "filename2": "8757741665_3c4618359f_b.jpg", "positive": {"bbox1": [226, 641, 254, 712], "bbox2": [275, 346, 440, 489], "obj1": "train", "obj2": "person", "relationship": "drive"}, "negative": {"bbox1": [251, 491, 329, 529], "bbox2": [342, 440, 204, 252], "obj1": "train", "obj2": "person", "relationship": "near"}}, {"filename1": "3572969356_2b01616f71_b.jpg", "filename2": "8692089291_667672249a_b.jpg", "positive": {"bbox1": [226, 641, 254, 712], "bbox2": [275, 346, 440, 489], "obj1": "train", "obj2": "person", "relationship": "drive"}, "negative": {"bbox1": [329, 526, 335, 808], "bbox2": [422, 547, 108, 140], "obj1": "train", "obj2": "person", "relationship": "near"}}, {"filename1": "3572969356_2b01616f71_b.jpg", "filename2": "8692089291_667672249a_b.jpg", "positive": {"bbox1": [226, 641, 254, 712], "bbox2": [275, 346, 440, 489], "obj1": "train", "obj2": "person", "relationship": "drive"}, "negative": {"bbox1": [329, 526, 335, 808], "bbox2": [410, 548, 111, 188], "obj1": "train", "obj2": "person", "relationship": "next to"}}, {"filename1": "3572969356_2b01616f71_b.jpg", "filename2": "8692089291_667672249a_b.jpg", "positive": {"bbox1": [226, 641, 254, 712], "bbox2": [275, 346, 440, 489], "obj1": "train", "obj2": "person", "relationship": "drive"}, "negative": {"bbox1": [329, 526, 335, 808], "bbox2": [410, 548, 111, 188], "obj1": "train", "obj2": "person", "relationship": "near"}}, {"filename1": "3572969356_2b01616f71_b.jpg", "filename2": "8089881138_93bc8710a9_b.jpg", "positive": {"bbox1": [226, 641, 254, 712], "bbox2": [275, 346, 440, 489], "obj1": "train", "obj2": "person", "relationship": "drive"}, "negative": {"bbox1": [226, 591, 228, 893], "bbox2": [345, 425, 772, 810], "obj1": "train", "obj2": "person", "relationship": "on the right of"}}, {"filename1": "3572969356_2b01616f71_b.jpg", "filename2": "9215961389_4049133b1e_b.jpg", "positive": {"bbox1": [226, 641, 254, 712], "bbox2": [275, 346, 440, 489], "obj1": "train", "obj2": "person", "relationship": "drive"}, "negative": {"bbox1": [386, 604, 181, 465], "bbox2": [470, 554, 460, 497], "obj1": "train", "obj2": "person", "relationship": "by"}}, {"filename1": "3572969356_2b01616f71_b.jpg", "filename2": "9420171433_0c28ed5369_b.jpg", "positive": {"bbox1": [226, 641, 254, 712], "bbox2": [275, 346, 440, 489], "obj1": "train", "obj2": "person", "relationship": "drive"}, "negative": {"bbox1": [200, 529, 406, 860], "bbox2": [312, 465, 777, 839], "obj1": "train", "obj2": "person", "relationship": "beside"}}, {"filename1": "3572969356_2b01616f71_b.jpg", "filename2": "101826714_671b4a7be7_b.jpg", "positive": {"bbox1": [226, 641, 254, 712], "bbox2": [275, 346, 440, 489], "obj1": "train", "obj2": "person", "relationship": "drive"}, "negative": {"bbox1": [363, 611, 5, 924], "bbox2": [439, 539, 908, 947], "obj1": "train", "obj2": "person", "relationship": "behind"}}, {"filename1": "3572969356_2b01616f71_b.jpg", "filename2": "2582945257_1ae179fa87_b.jpg", "positive": {"bbox1": [226, 641, 254, 712], "bbox2": [275, 346, 440, 489], "obj1": "train", "obj2": "person", "relationship": "drive"}, "negative": {"bbox1": [15, 551, 150, 1023], "bbox2": [301, 353, 551, 611], "obj1": "train", "obj2": "person", "relationship": "in the front of"}}, {"filename1": "3572969356_2b01616f71_b.jpg", "filename2": "2582945257_1ae179fa87_b.jpg", "positive": {"bbox1": [226, 641, 254, 712], "bbox2": [275, 346, 440, 489], "obj1": "train", "obj2": "person", "relationship": "drive"}, "negative": {"bbox1": [15, 551, 150, 1023], "bbox2": [301, 353, 551, 611], "obj1": "train", "obj2": "person", "relationship": "next to"}}, {"filename1": "3572969356_2b01616f71_b.jpg", "filename2": "9288654526_33344f470e_b.jpg", "positive": {"bbox1": [226, 641, 254, 712], "bbox2": [275, 346, 440, 489], "obj1": "train", "obj2": "person", "relationship": "drive"}, "negative": {"bbox1": [218, 450, 289, 729], "bbox2": [300, 440, 834, 876], "obj1": "train", "obj2": "person", "relationship": "by"}}, {"filename1": "3572969356_2b01616f71_b.jpg", "filename2": "9288654526_33344f470e_b.jpg", "positive": {"bbox1": [226, 641, 254, 712], "bbox2": [275, 346, 440, 489], "obj1": "train", "obj2": "person", "relationship": "drive"}, "negative": {"bbox1": [218, 450, 289, 729], "bbox2": [300, 440, 834, 876], "obj1": "train", "obj2": "person", "relationship": "near"}}, {"filename1": "3572969356_2b01616f71_b.jpg", "filename2": "9374367471_2241cac632_b.jpg", "positive": {"bbox1": [226, 641, 254, 712], "bbox2": [275, 346, 440, 489], "obj1": "train", "obj2": "person", "relationship": "drive"}, "negative": {"bbox1": [343, 507, 374, 907], "bbox2": [451, 525, 612, 638], "obj1": "train", "obj2": "person", "relationship": "in the front of"}}, {"filename1": "3572969356_2b01616f71_b.jpg", "filename2": "10035543123_50e45022ae_b.jpg", "positive": {"bbox1": [226, 641, 254, 712], "bbox2": [275, 346, 440, 489], "obj1": "train", "obj2": "person", "relationship": "drive"}, "negative": {"bbox1": [96, 625, 79, 864], "bbox2": [204, 378, 166, 219], "obj1": "train", "obj2": "person", "relationship": "on"}}, {"filename1": "3572969356_2b01616f71_b.jpg", "filename2": "2072113724_3e9a178705_b.jpg", "positive": {"bbox1": [226, 641, 254, 712], "bbox2": [275, 346, 440, 489], "obj1": "train", "obj2": "person", "relationship": "drive"}, "negative": {"bbox1": [1, 570, 407, 1023], "bbox2": [320, 481, 656, 731], "obj1": "train", "obj2": "person", "relationship": "next to"}}, {"filename1": "3572969356_2b01616f71_b.jpg", "filename2": "6883646949_bc6e82a4af_b.jpg", "positive": {"bbox1": [226, 641, 254, 712], "bbox2": [275, 346, 440, 489], "obj1": "train", "obj2": "person", "relationship": "drive"}, "negative": {"bbox1": [52, 616, 119, 938], "bbox2": [213, 450, 556, 643], "obj1": "train", "obj2": "person", "relationship": "on"}}, {"filename1": "3572969356_2b01616f71_b.jpg", "filename2": "10123415313_17b0f099b7_b.jpg", "positive": {"bbox1": [226, 641, 254, 712], "bbox2": [275, 346, 440, 489], "obj1": "train", "obj2": "person", "relationship": "drive"}, "negative": {"bbox1": [167, 630, 4, 881], "bbox2": [245, 426, 160, 229], "obj1": "train", "obj2": "person", "relationship": "on"}}, {"filename1": "3572969356_2b01616f71_b.jpg", "filename2": "10123415313_17b0f099b7_b.jpg", "positive": {"bbox1": [226, 641, 254, 712], "bbox2": [275, 346, 440, 489], "obj1": "train", "obj2": "person", "relationship": "drive"}, "negative": {"bbox1": [167, 630, 4, 881], "bbox2": [253, 442, 230, 283], "obj1": "train", "obj2": "person", "relationship": "on"}}, {"filename1": "3572969356_2b01616f71_b.jpg", "filename2": "9055827429_eaebf6032b_b.jpg", "positive": {"bbox1": [226, 641, 254, 712], "bbox2": [275, 346, 440, 489], "obj1": "train", "obj2": "person", "relationship": "drive"}, "negative": {"bbox1": [287, 884, 372, 673], "bbox2": [703, 889, 801, 840], "obj1": "train", "obj2": "person", "relationship": "near"}}, {"filename1": "3572969356_2b01616f71_b.jpg", "filename2": "9618626250_0da296d0cc_b.jpg", "positive": {"bbox1": [226, 641, 254, 712], "bbox2": [275, 346, 440, 489], "obj1": "train", "obj2": "person", "relationship": "drive"}, "negative": {"bbox1": [100, 654, 181, 1022], "bbox2": [271, 466, 111, 162], "obj1": "train", "obj2": "person", "relationship": "near"}}, {"filename1": "3572969356_2b01616f71_b.jpg", "filename2": "94288580_29b1cedd2f_b.jpg", "positive": {"bbox1": [226, 641, 254, 712], "bbox2": [275, 346, 440, 489], "obj1": "train", "obj2": "person", "relationship": "drive"}, "negative": {"bbox1": [46, 694, 5, 1019], "bbox2": [152, 626, 656, 779], "obj1": "train", "obj2": "person", "relationship": "inside"}}, {"filename1": "3572969356_2b01616f71_b.jpg", "filename2": "8929269588_0b377a138f_b.jpg", "positive": {"bbox1": [226, 641, 254, 712], "bbox2": [275, 346, 440, 489], "obj1": "train", "obj2": "person", "relationship": "drive"}, "negative": {"bbox1": [82, 624, 161, 907], "bbox2": [263, 302, 148, 165], "obj1": "train", "obj2": "person", "relationship": "next to"}}, {"filename1": "3572969356_2b01616f71_b.jpg", "filename2": "8705677339_cabf301905_b.jpg", "positive": {"bbox1": [226, 641, 254, 712], "bbox2": [275, 346, 440, 489], "obj1": "train", "obj2": "person", "relationship": "drive"}, "negative": {"bbox1": [68, 767, 51, 920], "bbox2": [262, 477, 850, 946], "obj1": "train", "obj2": "person", "relationship": "beside"}}, {"filename1": "3572969356_2b01616f71_b.jpg", "filename2": "8705677339_cabf301905_b.jpg", "positive": {"bbox1": [226, 641, 254, 712], "bbox2": [275, 346, 440, 489], "obj1": "train", "obj2": "person", "relationship": "drive"}, "negative": {"bbox1": [68, 767, 51, 920], "bbox2": [289, 445, 924, 969], "obj1": "train", "obj2": "person", "relationship": "beside"}}, {"filename1": "3572969356_2b01616f71_b.jpg", "filename2": "9068276373_8089659e45_b.jpg", "positive": {"bbox1": [226, 641, 254, 712], "bbox2": [275, 346, 440, 489], "obj1": "train", "obj2": "person", "relationship": "drive"}, "negative": {"bbox1": [115, 474, 185, 832], "bbox2": [255, 358, 769, 827], "obj1": "train", "obj2": "person", "relationship": "next to"}}, {"filename1": "3572969356_2b01616f71_b.jpg", "filename2": "8649487646_409de8f55b_b.jpg", "positive": {"bbox1": [226, 641, 254, 712], "bbox2": [275, 346, 440, 489], "obj1": "train", "obj2": "person", "relationship": "drive"}, "negative": {"bbox1": [143, 649, 496, 1023], "bbox2": [331, 456, 324, 394], "obj1": "train", "obj2": "person", "relationship": "by"}}, {"filename1": "3572969356_2b01616f71_b.jpg", "filename2": "9533523324_2f98357d2f_b.jpg", "positive": {"bbox1": [226, 641, 254, 712], "bbox2": [275, 346, 440, 489], "obj1": "train", "obj2": "person", "relationship": "drive"}, "negative": {"bbox1": [85, 522, 1, 825], "bbox2": [262, 420, 94, 155], "obj1": "train", "obj2": "person", "relationship": "look"}}, {"filename1": "3572969356_2b01616f71_b.jpg", "filename2": "9167356387_9e47583e84_b.jpg", "positive": {"bbox1": [226, 641, 254, 712], "bbox2": [275, 346, 440, 489], "obj1": "train", "obj2": "person", "relationship": "drive"}, "negative": {"bbox1": [141, 694, 5, 875], "bbox2": [323, 361, 573, 608], "obj1": "train", "obj2": "person", "relationship": "in"}}]}