{"predicate": "eat", "examples": [{"filename1": "5155608244_bebc5377a5_b.jpg", "filename2": "4591949264_4be00e0df0_b.jpg", "positive": {"bbox1": [601, 671, 213, 314], "bbox2": [406, 727, 1, 203], "obj1": "pizza", "obj2": "person", "relationship": "eat"}, "negative": {"bbox1": [481, 532, 259, 364], "bbox2": [155, 766, 1, 302], "obj1": "pizza", "obj2": "person", "relationship": "in the front of"}}, {"filename1": "5155608244_bebc5377a5_b.jpg", "filename2": "4591949264_4be00e0df0_b.jpg", "positive": {"bbox1": [601, 671, 213, 314], "bbox2": [406, 727, 1, 203], "obj1": "pizza", "obj2": "person", "relationship": "eat"}, "negative": {"bbox1": [461, 523, 661, 780], "bbox2": [231, 560, 722, 1019], "obj1": "pizza", "obj2": "person", "relationship": "in the front of"}}, {"filename1": "5155608244_bebc5377a5_b.jpg", "filename2": "2711631240_5af7a6fb69_o.jpg", "positive": {"bbox1": [601, 671, 213, 314], "bbox2": [406, 727, 1, 203], "obj1": "pizza", "obj2": "person", "relationship": "eat"}, "negative": {"bbox1": [163, 201, 230, 283], "bbox2": [2, 314, 370, 546], "obj1": "pizza", "obj2": "person", "relationship": "near"}}, {"filename1": "5155608244_bebc5377a5_b.jpg", "filename2": "3926018703_9e563e4b86_b.jpg", "positive": {"bbox1": [601, 671, 213, 314], "bbox2": [406, 727, 1, 203], "obj1": "pizza", "obj2": "person", "relationship": "eat"}, "negative": {"bbox1": [574, 631, 196, 436], "bbox2": [51, 604, 1, 226], "obj1": "pizza", "obj2": "person", "relationship": "touch"}}, {"filename1": "5155608244_bebc5377a5_b.jpg", "filename2": "3926018703_9e563e4b86_b.jpg", "positive": {"bbox1": [601, 671, 213, 314], "bbox2": [406, 727, 1, 203], "obj1": "pizza", "obj2": "person", "relationship": "eat"}, "negative": {"bbox1": [490, 565, 524, 735], "bbox2": [95, 699, 694, 1021], "obj1": "pizza", "obj2": "person", "relationship": "hold"}}, {"filename1": "5155608244_bebc5377a5_b.jpg", "filename2": "3926018703_9e563e4b86_b.jpg", "positive": {"bbox1": [601, 671, 213, 314], "bbox2": [406, 727, 1, 203], "obj1": "pizza", "obj2": "person", "relationship": "eat"}, "negative": {"bbox1": [410, 492, 360, 496], "bbox2": [109, 542, 121, 480], "obj1": "pizza", "obj2": "person", "relationship": "near"}}, {"filename1": "5155608244_bebc5377a5_b.jpg", "filename2": "5016022321_4b5ff1b904_b.jpg", "positive": {"bbox1": [601, 671, 213, 314], "bbox2": [406, 727, 1, 203], "obj1": "pizza", "obj2": "person", "relationship": "eat"}, "negative": {"bbox1": [354, 636, 102, 535], "bbox2": [14, 767, 410, 1019], "obj1": "pizza", "obj2": "person", "relationship": "hold"}}, {"filename1": "5155608244_bebc5377a5_b.jpg", "filename2": "8116722351_7b6dc4d5a6_b.jpg", "positive": {"bbox1": [601, 671, 213, 314], "bbox2": [406, 727, 1, 203], "obj1": "pizza", "obj2": "person", "relationship": "eat"}, "negative": {"bbox1": [459, 503, 408, 648], "bbox2": [40, 679, 134, 533], "obj1": "pizza", "obj2": "person", "relationship": "next to"}}, {"filename1": "5155608244_bebc5377a5_b.jpg", "filename2": "6849943183_f7328298f4_b.jpg", "positive": {"bbox1": [601, 671, 213, 314], "bbox2": [406, 727, 1, 203], "obj1": "pizza", "obj2": "person", "relationship": "eat"}, "negative": {"bbox1": [297, 347, 204, 309], "bbox2": [57, 586, 207, 555], "obj1": "pizza", "obj2": "person", "relationship": "hold"}}, {"filename1": "5155608244_bebc5377a5_b.jpg", "filename2": "4414159786_de4d22fbc4_o.jpg", "positive": {"bbox1": [601, 671, 213, 314], "bbox2": [406, 727, 1, 203], "obj1": "pizza", "obj2": "person", "relationship": "eat"}, "negative": {"bbox1": [437, 572, 132, 451], "bbox2": [117, 591, 50, 296], "obj1": "pizza", "obj2": "person", "relationship": "on the left of"}}, {"filename1": "5155608244_bebc5377a5_b.jpg", "filename2": "4414159786_de4d22fbc4_o.jpg", "positive": {"bbox1": [601, 671, 213, 314], "bbox2": [406, 727, 1, 203], "obj1": "pizza", "obj2": "person", "relationship": "eat"}, "negative": {"bbox1": [437, 572, 132, 451], "bbox2": [117, 591, 50, 296], "obj1": "pizza", "obj2": "person", "relationship": "near"}}, {"filename1": "5155608244_bebc5377a5_b.jpg", "filename2": "4227961155_8310acf2ba_b.jpg", "positive": {"bbox1": [601, 671, 213, 314], "bbox2": [406, 727, 1, 203], "obj1": "pizza", "obj2": "person", "relationship": "eat"}, "negative": {"bbox1": [549, 590, 140, 286], "bbox2": [165, 753, 355, 728], "obj1": "pizza", "obj2": "person", "relationship": "beside"}}, {"filename1": "5155608244_bebc5377a5_b.jpg", "filename2": "5341427822_ec04e03630_b.jpg", "positive": {"bbox1": [601, 671, 213, 314], "bbox2": [406, 727, 1, 203], "obj1": "pizza", "obj2": "person", "relationship": "eat"}, "negative": {"bbox1": [510, 600, 406, 749], "bbox2": [1, 545, 639, 1022], "obj1": "pizza", "obj2": "person", "relationship": "by"}}, {"filename1": "5155608244_bebc5377a5_b.jpg", "filename2": "5718953708_c6821f979c_b.jpg", "positive": {"bbox1": [601, 671, 213, 314], "bbox2": [406, 727, 1, 203], "obj1": "pizza", "obj2": "person", "relationship": "eat"}, "negative": {"bbox1": [682, 758, 182, 304], "bbox2": [338, 1021, 165, 631], "obj1": "pizza", "obj2": "person", "relationship": "hold"}}, {"filename1": "5155608244_bebc5377a5_b.jpg", "filename2": "5718953708_c6821f979c_b.jpg", "positive": {"bbox1": [601, 671, 213, 314], "bbox2": [406, 727, 1, 203], "obj1": "pizza", "obj2": "person", "relationship": "eat"}, "negative": {"bbox1": [682, 758, 182, 304], "bbox2": [338, 1021, 165, 631], "obj1": "pizza", "obj2": "person", "relationship": "touch"}}, {"filename1": "5155608244_bebc5377a5_b.jpg", "filename2": "5718953708_c6821f979c_b.jpg", "positive": {"bbox1": [601, 671, 213, 314], "bbox2": [406, 727, 1, 203], "obj1": "pizza", "obj2": "person", "relationship": "eat"}, "negative": {"bbox1": [682, 758, 182, 304], "bbox2": [338, 1021, 165, 631], "obj1": "pizza", "obj2": "person", "relationship": "has"}}, {"filename1": "5155608244_bebc5377a5_b.jpg", "filename2": "4182606991_8bcce83e7a_b.jpg", "positive": {"bbox1": [601, 671, 213, 314], "bbox2": [406, 727, 1, 203], "obj1": "pizza", "obj2": "person", "relationship": "eat"}, "negative": {"bbox1": [443, 767, 52, 925], "bbox2": [83, 436, 410, 781], "obj1": "pizza", "obj2": "person", "relationship": "look"}}, {"filename1": "5155608244_bebc5377a5_b.jpg", "filename2": "3692015392_9047c2c126_b.jpg", "positive": {"bbox1": [601, 671, 213, 314], "bbox2": [406, 727, 1, 203], "obj1": "pizza", "obj2": "person", "relationship": "eat"}, "negative": {"bbox1": [266, 300, 464, 516], "bbox2": [196, 443, 415, 554], "obj1": "pizza", "obj2": "person", "relationship": "hold"}}, {"filename1": "5155608244_bebc5377a5_b.jpg", "filename2": "3692015392_9047c2c126_b.jpg", "positive": {"bbox1": [601, 671, 213, 314], "bbox2": [406, 727, 1, 203], "obj1": "pizza", "obj2": "person", "relationship": "eat"}, "negative": {"bbox1": [304, 331, 385, 427], "bbox2": [223, 462, 278, 442], "obj1": "pizza", "obj2": "person", "relationship": "hold"}}, {"filename1": "5155608244_bebc5377a5_b.jpg", "filename2": "3371382214_c73c82258c_b.jpg", "positive": {"bbox1": [601, 671, 213, 314], "bbox2": [406, 727, 1, 203], "obj1": "pizza", "obj2": "person", "relationship": "eat"}, "negative": {"bbox1": [326, 374, 523, 677], "bbox2": [139, 640, 391, 576], "obj1": "pizza", "obj2": "person", "relationship": "near"}}, {"filename1": "5155608244_bebc5377a5_b.jpg", "filename2": "7374959652_e52a8c3579_b.jpg", "positive": {"bbox1": [601, 671, 213, 314], "bbox2": [406, 727, 1, 203], "obj1": "pizza", "obj2": "person", "relationship": "eat"}, "negative": {"bbox1": [538, 580, 276, 345], "bbox2": [163, 558, 227, 462], "obj1": "pizza", "obj2": "person", "relationship": "hold"}}, {"filename1": "5155608244_bebc5377a5_b.jpg", "filename2": "9370744417_c729c54457_b.jpg", "positive": {"bbox1": [601, 671, 213, 314], "bbox2": [406, 727, 1, 203], "obj1": "pizza", "obj2": "person", "relationship": "eat"}, "negative": {"bbox1": [344, 399, 532, 605], "bbox2": [175, 604, 195, 551], "obj1": "pizza", "obj2": "person", "relationship": "in the front of"}}, {"filename1": "5155608244_bebc5377a5_b.jpg", "filename2": "6547507981_d3afb6b487_b.jpg", "positive": {"bbox1": [601, 671, 213, 314], "bbox2": [406, 727, 1, 203], "obj1": "pizza", "obj2": "person", "relationship": "eat"}, "negative": {"bbox1": [372, 445, 281, 619], "bbox2": [89, 522, 1, 299], "obj1": "pizza", "obj2": "person", "relationship": "behind"}}, {"filename1": "5155608244_bebc5377a5_b.jpg", "filename2": "9565361170_d54f928d9a_o.jpg", "positive": {"bbox1": [601, 671, 213, 314], "bbox2": [406, 727, 1, 203], "obj1": "pizza", "obj2": "person", "relationship": "eat"}, "negative": {"bbox1": [415, 581, 144, 443], "bbox2": [102, 443, 467, 606], "obj1": "pizza", "obj2": "person", "relationship": "near"}}, {"filename1": "5155608244_bebc5377a5_b.jpg", "filename2": "6630872395_743f448827_b.jpg", "positive": {"bbox1": [601, 671, 213, 314], "bbox2": [406, 727, 1, 203], "obj1": "pizza", "obj2": "person", "relationship": "eat"}, "negative": {"bbox1": [220, 273, 337, 494], "bbox2": [7, 679, 71, 455], "obj1": "pizza", "obj2": "person", "relationship": "hold"}}, {"filename1": "5155608244_bebc5377a5_b.jpg", "filename2": "5784081422_6ca2bd292c_b.jpg", "positive": {"bbox1": [601, 671, 213, 314], "bbox2": [406, 727, 1, 203], "obj1": "pizza", "obj2": "person", "relationship": "eat"}, "negative": {"bbox1": [349, 409, 306, 388], "bbox2": [133, 676, 313, 726], "obj1": "pizza", "obj2": "person", "relationship": "hold"}}, {"filename1": "3692015392_9047c2c126_b.jpg", "filename2": "3371382214_c73c82258c_b.jpg", "positive": {"bbox1": [266, 300, 464, 516], "bbox2": [196, 443, 415, 554], "obj1": "pizza", "obj2": "person", "relationship": "eat"}, "negative": {"bbox1": [326, 374, 523, 677], "bbox2": [139, 640, 391, 576], "obj1": "pizza", "obj2": "person", "relationship": "near"}}, {"filename1": "3692015392_9047c2c126_b.jpg", "filename2": "7374959652_e52a8c3579_b.jpg", "positive": {"bbox1": [266, 300, 464, 516], "bbox2": [196, 443, 415, 554], "obj1": "pizza", "obj2": "person", "relationship": "eat"}, "negative": {"bbox1": [538, 580, 276, 345], "bbox2": [163, 558, 227, 462], "obj1": "pizza", "obj2": "person", "relationship": "hold"}}, {"filename1": "3692015392_9047c2c126_b.jpg", "filename2": "9370744417_c729c54457_b.jpg", "positive": {"bbox1": [266, 300, 464, 516], "bbox2": [196, 443, 415, 554], "obj1": "pizza", "obj2": "person", "relationship": "eat"}, "negative": {"bbox1": [344, 399, 532, 605], "bbox2": [175, 604, 195, 551], "obj1": "pizza", "obj2": "person", "relationship": "in the front of"}}, {"filename1": "3692015392_9047c2c126_b.jpg", "filename2": "6547507981_d3afb6b487_b.jpg", "positive": {"bbox1": [266, 300, 464, 516], "bbox2": [196, 443, 415, 554], "obj1": "pizza", "obj2": "person", "relationship": "eat"}, "negative": {"bbox1": [372, 445, 281, 619], "bbox2": [89, 522, 1, 299], "obj1": "pizza", "obj2": "person", "relationship": "behind"}}, {"filename1": "3692015392_9047c2c126_b.jpg", "filename2": "9565361170_d54f928d9a_o.jpg", "positive": {"bbox1": [266, 300, 464, 516], "bbox2": [196, 443, 415, 554], "obj1": "pizza", "obj2": "person", "relationship": "eat"}, "negative": {"bbox1": [415, 581, 144, 443], "bbox2": [102, 443, 467, 606], "obj1": "pizza", "obj2": "person", "relationship": "near"}}, {"filename1": "3692015392_9047c2c126_b.jpg", "filename2": "6630872395_743f448827_b.jpg", "positive": {"bbox1": [266, 300, 464, 516], "bbox2": [196, 443, 415, 554], "obj1": "pizza", "obj2": "person", "relationship": "eat"}, "negative": {"bbox1": [220, 273, 337, 494], "bbox2": [7, 679, 71, 455], "obj1": "pizza", "obj2": "person", "relationship": "hold"}}, {"filename1": "3692015392_9047c2c126_b.jpg", "filename2": "5784081422_6ca2bd292c_b.jpg", "positive": {"bbox1": [266, 300, 464, 516], "bbox2": [196, 443, 415, 554], "obj1": "pizza", "obj2": "person", "relationship": "eat"}, "negative": {"bbox1": [349, 409, 306, 388], "bbox2": [133, 676, 313, 726], "obj1": "pizza", "obj2": "person", "relationship": "hold"}}, {"filename1": "6006488466_dc7558e4a0_b.jpg", "filename2": "9565361170_d54f928d9a_o.jpg", "positive": {"bbox1": [243, 309, 264, 367], "bbox2": [153, 634, 109, 380], "obj1": "pizza", "obj2": "person", "relationship": "eat"}, "negative": {"bbox1": [415, 581, 144, 443], "bbox2": [102, 443, 467, 606], "obj1": "pizza", "obj2": "person", "relationship": "near"}}, {"filename1": "6006488466_dc7558e4a0_b.jpg", "filename2": "6630872395_743f448827_b.jpg", "positive": {"bbox1": [243, 309, 264, 367], "bbox2": [153, 634, 109, 380], "obj1": "pizza", "obj2": "person", "relationship": "eat"}, "negative": {"bbox1": [220, 273, 337, 494], "bbox2": [7, 679, 71, 455], "obj1": "pizza", "obj2": "person", "relationship": "hold"}}, {"filename1": "6006488466_dc7558e4a0_b.jpg", "filename2": "5784081422_6ca2bd292c_b.jpg", "positive": {"bbox1": [243, 309, 264, 367], "bbox2": [153, 634, 109, 380], "obj1": "pizza", "obj2": "person", "relationship": "eat"}, "negative": {"bbox1": [349, 409, 306, 388], "bbox2": [133, 676, 313, 726], "obj1": "pizza", "obj2": "person", "relationship": "hold"}}, {"filename1": "7492629778_feb3a93c62_b.jpg", "filename2": "6630872395_743f448827_b.jpg", "positive": {"bbox1": [230, 280, 334, 419], "bbox2": [77, 504, 203, 574], "obj1": "pizza", "obj2": "person", "relationship": "eat"}, "negative": {"bbox1": [220, 273, 337, 494], "bbox2": [7, 679, 71, 455], "obj1": "pizza", "obj2": "person", "relationship": "hold"}}, {"filename1": "7492629778_feb3a93c62_b.jpg", "filename2": "5784081422_6ca2bd292c_b.jpg", "positive": {"bbox1": [230, 280, 334, 419], "bbox2": [77, 504, 203, 574], "obj1": "pizza", "obj2": "person", "relationship": "eat"}, "negative": {"bbox1": [349, 409, 306, 388], "bbox2": [133, 676, 313, 726], "obj1": "pizza", "obj2": "person", "relationship": "hold"}}, {"filename1": "10131308045_396d053b7e_b.jpg", "filename2": "321785477_a4a4739ee5_o.jpg", "positive": {"bbox1": [437, 764, 1, 893], "bbox2": [363, 462, 418, 510], "obj1": "grass", "obj2": "horse", "relationship": "eat"}, "negative": {"bbox1": [216, 470, 1, 629], "bbox2": [278, 406, 284, 376], "obj1": "grass", "obj2": "horse", "relationship": "stand on"}}]}