{"predicate": "face", "examples": [{"filename1": "5180178282_4e3717c82d_b.jpg", "filename2": "2208557378_fc8513bb35_o.jpg", "positive": {"bbox1": [292, 428, 576, 709], "bbox2": [359, 642, 1, 232], "obj1": "monitor", "obj2": "chair", "relationship": "face"}, "negative": {"bbox1": [2, 287, 1, 206], "bbox2": [55, 662, 203, 575], "obj1": "monitor", "obj2": "chair", "relationship": "in the front of"}}, {"filename1": "5180178282_4e3717c82d_b.jpg", "filename2": "5390530073_ef2e21499e_b.jpg", "positive": {"bbox1": [292, 428, 576, 709], "bbox2": [359, 642, 1, 232], "obj1": "monitor", "obj2": "chair", "relationship": "face"}, "negative": {"bbox1": [225, 339, 377, 526], "bbox2": [308, 657, 2, 389], "obj1": "monitor", "obj2": "chair", "relationship": "next to"}}]}