{"predicate": "fly", "examples": [{"filename1": "8642248228_d2187daf86_b.jpg", "filename2": "9759509291_143489b32a_b.jpg", "positive": {"bbox1": [1, 493, 1, 1020], "bbox2": [188, 259, 141, 306], "obj1": "sky", "obj2": "kite", "relationship": "fly"}, "negative": {"bbox1": [4, 595, 4, 1021], "bbox2": [81, 219, 364, 592], "obj1": "sky", "obj2": "kite", "relationship": "in"}}, {"filename1": "8642248228_d2187daf86_b.jpg", "filename2": "2305513215_8fce34b9c2_b.jpg", "positive": {"bbox1": [1, 493, 1, 1020], "bbox2": [188, 259, 141, 306], "obj1": "sky", "obj2": "kite", "relationship": "fly"}, "negative": {"bbox1": [1, 437, 4, 1024], "bbox2": [86, 214, 346, 436], "obj1": "sky", "obj2": "kite", "relationship": "in"}}, {"filename1": "8642248228_d2187daf86_b.jpg", "filename2": "194872763_0593c92057_b.jpg", "positive": {"bbox1": [1, 493, 1, 1020], "bbox2": [188, 259, 141, 306], "obj1": "sky", "obj2": "kite", "relationship": "fly"}, "negative": {"bbox1": [1, 790, 4, 681], "bbox2": [229, 282, 165, 215], "obj1": "sky", "obj2": "kite", "relationship": "near"}}, {"filename1": "8642248228_d2187daf86_b.jpg", "filename2": "194872763_0593c92057_b.jpg", "positive": {"bbox1": [1, 493, 1, 1020], "bbox2": [188, 259, 141, 306], "obj1": "sky", "obj2": "kite", "relationship": "fly"}, "negative": {"bbox1": [1, 790, 4, 681], "bbox2": [229, 282, 165, 215], "obj1": "sky", "obj2": "kite", "relationship": "below"}}, {"filename1": "8642248228_d2187daf86_b.jpg", "filename2": "3811173659_a214164189_o.jpg", "positive": {"bbox1": [1, 493, 1, 1020], "bbox2": [188, 259, 141, 306], "obj1": "sky", "obj2": "kite", "relationship": "fly"}, "negative": {"bbox1": [1, 566, 10, 1210], "bbox2": [181, 248, 819, 871], "obj1": "sky", "obj2": "kite", "relationship": "in"}}, {"filename1": "8642248228_d2187daf86_b.jpg", "filename2": "3811173659_a214164189_o.jpg", "positive": {"bbox1": [1, 493, 1, 1020], "bbox2": [188, 259, 141, 306], "obj1": "sky", "obj2": "kite", "relationship": "fly"}, "negative": {"bbox1": [1, 566, 10, 1210], "bbox2": [181, 248, 819, 871], "obj1": "sky", "obj2": "kite", "relationship": "below"}}, {"filename1": "8642248228_d2187daf86_b.jpg", "filename2": "3811173659_a214164189_o.jpg", "positive": {"bbox1": [1, 493, 1, 1020], "bbox2": [188, 259, 141, 306], "obj1": "sky", "obj2": "kite", "relationship": "fly"}, "negative": {"bbox1": [1, 566, 10, 1210], "bbox2": [181, 248, 819, 871], "obj1": "sky", "obj2": "kite", "relationship": "beneath"}}, {"filename1": "8642248228_d2187daf86_b.jpg", "filename2": "3811173659_a214164189_o.jpg", "positive": {"bbox1": [1, 493, 1, 1020], "bbox2": [188, 259, 141, 306], "obj1": "sky", "obj2": "kite", "relationship": "fly"}, "negative": {"bbox1": [1, 566, 10, 1210], "bbox2": [181, 248, 819, 871], "obj1": "sky", "obj2": "kite", "relationship": "under"}}, {"filename1": "8642248228_d2187daf86_b.jpg", "filename2": "655943072_b41d8cb0e8_b.jpg", "positive": {"bbox1": [1, 493, 1, 1020], "bbox2": [188, 259, 141, 306], "obj1": "sky", "obj2": "kite", "relationship": "fly"}, "negative": {"bbox1": [3, 704, 5, 758], "bbox2": [13, 689, 197, 767], "obj1": "sky", "obj2": "kite", "relationship": "in"}}, {"filename1": "8642248228_d2187daf86_b.jpg", "filename2": "655943072_b41d8cb0e8_b.jpg", "positive": {"bbox1": [1, 493, 1, 1020], "bbox2": [188, 259, 141, 306], "obj1": "sky", "obj2": "kite", "relationship": "fly"}, "negative": {"bbox1": [3, 704, 5, 758], "bbox2": [13, 689, 197, 767], "obj1": "sky", "obj2": "kite", "relationship": "in"}}, {"filename1": "655943072_b41d8cb0e8_b.jpg", "filename2": "6665990339_d9ce91180b_b.jpg", "positive": {"bbox1": [13, 689, 197, 767], "bbox2": [676, 896, 116, 209], "obj1": "kite", "obj2": "person", "relationship": "fly"}, "negative": {"bbox1": [107, 190, 519, 610], "bbox2": [329, 363, 213, 226], "obj1": "kite", "obj2": "person", "relationship": "under"}}]}