{"predicate": "hit", "examples": [{"filename1": "8504906929_41ffb2fa20_b.jpg", "filename2": "2340969439_5f3bc00d35_o.jpg", "positive": {"bbox1": [643, 682, 224, 263], "bbox2": [250, 770, 290, 626], "obj1": "ball", "obj2": "person", "relationship": "hit"}, "negative": {"bbox1": [291, 315, 288, 319], "bbox2": [2, 479, 18, 330], "obj1": "ball", "obj2": "person", "relationship": "hold"}}, {"filename1": "8504906929_41ffb2fa20_b.jpg", "filename2": "7423831844_f4efc7b100_b.jpg", "positive": {"bbox1": [643, 682, 224, 263], "bbox2": [250, 770, 290, 626], "obj1": "ball", "obj2": "person", "relationship": "hit"}, "negative": {"bbox1": [181, 207, 744, 767], "bbox2": [200, 546, 277, 541], "obj1": "ball", "obj2": "person", "relationship": "watch"}}, {"filename1": "8504906929_41ffb2fa20_b.jpg", "filename2": "4071380096_2fec563a98_o.jpg", "positive": {"bbox1": [643, 682, 224, 263], "bbox2": [250, 770, 290, 626], "obj1": "ball", "obj2": "person", "relationship": "hit"}, "negative": {"bbox1": [255, 300, 557, 604], "bbox2": [74, 502, 333, 616], "obj1": "ball", "obj2": "person", "relationship": "hold"}}, {"filename1": "8504906929_41ffb2fa20_b.jpg", "filename2": "5847791560_84f9db5717_b.jpg", "positive": {"bbox1": [643, 682, 224, 263], "bbox2": [250, 770, 290, 626], "obj1": "ball", "obj2": "person", "relationship": "hit"}, "negative": {"bbox1": [44, 127, 501, 582], "bbox2": [314, 1014, 412, 611], "obj1": "ball", "obj2": "person", "relationship": "below"}}, {"filename1": "8504906929_41ffb2fa20_b.jpg", "filename2": "5847791560_84f9db5717_b.jpg", "positive": {"bbox1": [643, 682, 224, 263], "bbox2": [250, 770, 290, 626], "obj1": "ball", "obj2": "person", "relationship": "hit"}, "negative": {"bbox1": [44, 127, 501, 582], "bbox2": [314, 1014, 412, 611], "obj1": "ball", "obj2": "person", "relationship": "look"}}, {"filename1": "8504906929_41ffb2fa20_b.jpg", "filename2": "5847791560_84f9db5717_b.jpg", "positive": {"bbox1": [643, 682, 224, 263], "bbox2": [250, 770, 290, 626], "obj1": "ball", "obj2": "person", "relationship": "hit"}, "negative": {"bbox1": [44, 127, 501, 582], "bbox2": [314, 1014, 412, 611], "obj1": "ball", "obj2": "person", "relationship": "under"}}, {"filename1": "8504906929_41ffb2fa20_b.jpg", "filename2": "1467583584_a7877b8077_o.jpg", "positive": {"bbox1": [643, 682, 224, 263], "bbox2": [250, 770, 290, 626], "obj1": "ball", "obj2": "person", "relationship": "hit"}, "negative": {"bbox1": [498, 514, 844, 857], "bbox2": [414, 685, 894, 1073], "obj1": "ball", "obj2": "person", "relationship": "in the front of"}}, {"filename1": "8504906929_41ffb2fa20_b.jpg", "filename2": "8130874689_7fc2f4f89f_b.jpg", "positive": {"bbox1": [643, 682, 224, 263], "bbox2": [250, 770, 290, 626], "obj1": "ball", "obj2": "person", "relationship": "hit"}, "negative": {"bbox1": [488, 515, 686, 714], "bbox2": [292, 522, 680, 779], "obj1": "ball", "obj2": "person", "relationship": "has"}}, {"filename1": "8504906929_41ffb2fa20_b.jpg", "filename2": "8562620371_8823cbafc3_b.jpg", "positive": {"bbox1": [643, 682, 224, 263], "bbox2": [250, 770, 290, 626], "obj1": "ball", "obj2": "person", "relationship": "hit"}, "negative": {"bbox1": [140, 222, 429, 511], "bbox2": [21, 552, 236, 504], "obj1": "ball", "obj2": "person", "relationship": "kick"}}, {"filename1": "8504906929_41ffb2fa20_b.jpg", "filename2": "8155429222_0f602f7baa_b.jpg", "positive": {"bbox1": [643, 682, 224, 263], "bbox2": [250, 770, 290, 626], "obj1": "ball", "obj2": "person", "relationship": "hit"}, "negative": {"bbox1": [108, 138, 392, 408], "bbox2": [240, 653, 257, 400], "obj1": "ball", "obj2": "person", "relationship": "below"}}, {"filename1": "8504906929_41ffb2fa20_b.jpg", "filename2": "2639340643_8ccd02052a_b.jpg", "positive": {"bbox1": [643, 682, 224, 263], "bbox2": [250, 770, 290, 626], "obj1": "ball", "obj2": "person", "relationship": "hit"}, "negative": {"bbox1": [221, 234, 655, 666], "bbox2": [296, 444, 664, 722], "obj1": "ball", "obj2": "person", "relationship": "look"}}, {"filename1": "8504906929_41ffb2fa20_b.jpg", "filename2": "7111373869_46b48ea3d5_b.jpg", "positive": {"bbox1": [643, 682, 224, 263], "bbox2": [250, 770, 290, 626], "obj1": "ball", "obj2": "person", "relationship": "hit"}, "negative": {"bbox1": [518, 605, 437, 520], "bbox2": [270, 825, 160, 561], "obj1": "ball", "obj2": "person", "relationship": "kick"}}, {"filename1": "8504906929_41ffb2fa20_b.jpg", "filename2": "7111373869_46b48ea3d5_b.jpg", "positive": {"bbox1": [643, 682, 224, 263], "bbox2": [250, 770, 290, 626], "obj1": "ball", "obj2": "person", "relationship": "hit"}, "negative": {"bbox1": [518, 605, 437, 520], "bbox2": [270, 825, 160, 561], "obj1": "ball", "obj2": "person", "relationship": "near"}}, {"filename1": "8504906929_41ffb2fa20_b.jpg", "filename2": "7992262199_a093b4d361_b.jpg", "positive": {"bbox1": [643, 682, 224, 263], "bbox2": [250, 770, 290, 626], "obj1": "ball", "obj2": "person", "relationship": "hit"}, "negative": {"bbox1": [163, 222, 5, 75], "bbox2": [7, 677, 185, 1022], "obj1": "ball", "obj2": "person", "relationship": "behind"}}, {"filename1": "8504906929_41ffb2fa20_b.jpg", "filename2": "6879272874_931c3174a8_b.jpg", "positive": {"bbox1": [643, 682, 224, 263], "bbox2": [250, 770, 290, 626], "obj1": "ball", "obj2": "person", "relationship": "hit"}, "negative": {"bbox1": [532, 622, 162, 262], "bbox2": [479, 954, 50, 258], "obj1": "ball", "obj2": "person", "relationship": "hold"}}, {"filename1": "8504906929_41ffb2fa20_b.jpg", "filename2": "9308130126_b7577b1972_b.jpg", "positive": {"bbox1": [643, 682, 224, 263], "bbox2": [250, 770, 290, 626], "obj1": "ball", "obj2": "person", "relationship": "hit"}, "negative": {"bbox1": [461, 504, 293, 328], "bbox2": [251, 668, 57, 355], "obj1": "ball", "obj2": "person", "relationship": "hold"}}, {"filename1": "8504906929_41ffb2fa20_b.jpg", "filename2": "8632289488_5161e87cf2_b.jpg", "positive": {"bbox1": [643, 682, 224, 263], "bbox2": [250, 770, 290, 626], "obj1": "ball", "obj2": "person", "relationship": "hit"}, "negative": {"bbox1": [455, 497, 348, 377], "bbox2": [250, 591, 137, 397], "obj1": "ball", "obj2": "person", "relationship": "kick"}}, {"filename1": "8504906929_41ffb2fa20_b.jpg", "filename2": "8632289488_5161e87cf2_b.jpg", "positive": {"bbox1": [643, 682, 224, 263], "bbox2": [250, 770, 290, 626], "obj1": "ball", "obj2": "person", "relationship": "hit"}, "negative": {"bbox1": [455, 497, 348, 377], "bbox2": [260, 456, 67, 198], "obj1": "ball", "obj2": "person", "relationship": "look"}}, {"filename1": "8504906929_41ffb2fa20_b.jpg", "filename2": "8632289488_5161e87cf2_b.jpg", "positive": {"bbox1": [643, 682, 224, 263], "bbox2": [250, 770, 290, 626], "obj1": "ball", "obj2": "person", "relationship": "hit"}, "negative": {"bbox1": [455, 497, 348, 377], "bbox2": [256, 493, 556, 704], "obj1": "ball", "obj2": "person", "relationship": "look"}}, {"filename1": "8504906929_41ffb2fa20_b.jpg", "filename2": "10030237175_1fa660d9a0_b.jpg", "positive": {"bbox1": [643, 682, 224, 263], "bbox2": [250, 770, 290, 626], "obj1": "ball", "obj2": "person", "relationship": "hit"}, "negative": {"bbox1": [201, 220, 613, 638], "bbox2": [131, 384, 609, 759], "obj1": "ball", "obj2": "person", "relationship": "hold"}}, {"filename1": "8504906929_41ffb2fa20_b.jpg", "filename2": "6323380321_91cb7a1a0a_b.jpg", "positive": {"bbox1": [643, 682, 224, 263], "bbox2": [250, 770, 290, 626], "obj1": "ball", "obj2": "person", "relationship": "hit"}, "negative": {"bbox1": [333, 369, 871, 897], "bbox2": [281, 519, 865, 963], "obj1": "ball", "obj2": "person", "relationship": "hold"}}, {"filename1": "4744787865_eaa2bc8c3e_b.jpg", "filename2": "7992262199_a093b4d361_b.jpg", "positive": {"bbox1": [377, 395, 474, 487], "bbox2": [259, 310, 516, 543], "obj1": "ball", "obj2": "person", "relationship": "hit"}, "negative": {"bbox1": [163, 222, 5, 75], "bbox2": [7, 677, 185, 1022], "obj1": "ball", "obj2": "person", "relationship": "behind"}}, {"filename1": "4744787865_eaa2bc8c3e_b.jpg", "filename2": "6879272874_931c3174a8_b.jpg", "positive": {"bbox1": [377, 395, 474, 487], "bbox2": [259, 310, 516, 543], "obj1": "ball", "obj2": "person", "relationship": "hit"}, "negative": {"bbox1": [532, 622, 162, 262], "bbox2": [479, 954, 50, 258], "obj1": "ball", "obj2": "person", "relationship": "hold"}}, {"filename1": "4744787865_eaa2bc8c3e_b.jpg", "filename2": "9308130126_b7577b1972_b.jpg", "positive": {"bbox1": [377, 395, 474, 487], "bbox2": [259, 310, 516, 543], "obj1": "ball", "obj2": "person", "relationship": "hit"}, "negative": {"bbox1": [461, 504, 293, 328], "bbox2": [251, 668, 57, 355], "obj1": "ball", "obj2": "person", "relationship": "hold"}}, {"filename1": "4744787865_eaa2bc8c3e_b.jpg", "filename2": "8632289488_5161e87cf2_b.jpg", "positive": {"bbox1": [377, 395, 474, 487], "bbox2": [259, 310, 516, 543], "obj1": "ball", "obj2": "person", "relationship": "hit"}, "negative": {"bbox1": [455, 497, 348, 377], "bbox2": [250, 591, 137, 397], "obj1": "ball", "obj2": "person", "relationship": "kick"}}, {"filename1": "4744787865_eaa2bc8c3e_b.jpg", "filename2": "8632289488_5161e87cf2_b.jpg", "positive": {"bbox1": [377, 395, 474, 487], "bbox2": [259, 310, 516, 543], "obj1": "ball", "obj2": "person", "relationship": "hit"}, "negative": {"bbox1": [455, 497, 348, 377], "bbox2": [260, 456, 67, 198], "obj1": "ball", "obj2": "person", "relationship": "look"}}, {"filename1": "4744787865_eaa2bc8c3e_b.jpg", "filename2": "8632289488_5161e87cf2_b.jpg", "positive": {"bbox1": [377, 395, 474, 487], "bbox2": [259, 310, 516, 543], "obj1": "ball", "obj2": "person", "relationship": "hit"}, "negative": {"bbox1": [455, 497, 348, 377], "bbox2": [256, 493, 556, 704], "obj1": "ball", "obj2": "person", "relationship": "look"}}, {"filename1": "4744787865_eaa2bc8c3e_b.jpg", "filename2": "10030237175_1fa660d9a0_b.jpg", "positive": {"bbox1": [377, 395, 474, 487], "bbox2": [259, 310, 516, 543], "obj1": "ball", "obj2": "person", "relationship": "hit"}, "negative": {"bbox1": [201, 220, 613, 638], "bbox2": [131, 384, 609, 759], "obj1": "ball", "obj2": "person", "relationship": "hold"}}, {"filename1": "4744787865_eaa2bc8c3e_b.jpg", "filename2": "6323380321_91cb7a1a0a_b.jpg", "positive": {"bbox1": [377, 395, 474, 487], "bbox2": [259, 310, 516, 543], "obj1": "ball", "obj2": "person", "relationship": "hit"}, "negative": {"bbox1": [333, 369, 871, 897], "bbox2": [281, 519, 865, 963], "obj1": "ball", "obj2": "person", "relationship": "hold"}}, {"filename1": "7992262199_a093b4d361_b.jpg", "filename2": "6879272874_931c3174a8_b.jpg", "positive": {"bbox1": [163, 222, 5, 75], "bbox2": [7, 677, 185, 1022], "obj1": "ball", "obj2": "person", "relationship": "hit"}, "negative": {"bbox1": [532, 622, 162, 262], "bbox2": [479, 954, 50, 258], "obj1": "ball", "obj2": "person", "relationship": "hold"}}, {"filename1": "7992262199_a093b4d361_b.jpg", "filename2": "9308130126_b7577b1972_b.jpg", "positive": {"bbox1": [163, 222, 5, 75], "bbox2": [7, 677, 185, 1022], "obj1": "ball", "obj2": "person", "relationship": "hit"}, "negative": {"bbox1": [461, 504, 293, 328], "bbox2": [251, 668, 57, 355], "obj1": "ball", "obj2": "person", "relationship": "hold"}}, {"filename1": "7992262199_a093b4d361_b.jpg", "filename2": "8632289488_5161e87cf2_b.jpg", "positive": {"bbox1": [163, 222, 5, 75], "bbox2": [7, 677, 185, 1022], "obj1": "ball", "obj2": "person", "relationship": "hit"}, "negative": {"bbox1": [455, 497, 348, 377], "bbox2": [250, 591, 137, 397], "obj1": "ball", "obj2": "person", "relationship": "kick"}}, {"filename1": "7992262199_a093b4d361_b.jpg", "filename2": "8632289488_5161e87cf2_b.jpg", "positive": {"bbox1": [163, 222, 5, 75], "bbox2": [7, 677, 185, 1022], "obj1": "ball", "obj2": "person", "relationship": "hit"}, "negative": {"bbox1": [455, 497, 348, 377], "bbox2": [260, 456, 67, 198], "obj1": "ball", "obj2": "person", "relationship": "look"}}, {"filename1": "7992262199_a093b4d361_b.jpg", "filename2": "8632289488_5161e87cf2_b.jpg", "positive": {"bbox1": [163, 222, 5, 75], "bbox2": [7, 677, 185, 1022], "obj1": "ball", "obj2": "person", "relationship": "hit"}, "negative": {"bbox1": [455, 497, 348, 377], "bbox2": [256, 493, 556, 704], "obj1": "ball", "obj2": "person", "relationship": "look"}}, {"filename1": "7992262199_a093b4d361_b.jpg", "filename2": "10030237175_1fa660d9a0_b.jpg", "positive": {"bbox1": [163, 222, 5, 75], "bbox2": [7, 677, 185, 1022], "obj1": "ball", "obj2": "person", "relationship": "hit"}, "negative": {"bbox1": [201, 220, 613, 638], "bbox2": [131, 384, 609, 759], "obj1": "ball", "obj2": "person", "relationship": "hold"}}, {"filename1": "7992262199_a093b4d361_b.jpg", "filename2": "6323380321_91cb7a1a0a_b.jpg", "positive": {"bbox1": [163, 222, 5, 75], "bbox2": [7, 677, 185, 1022], "obj1": "ball", "obj2": "person", "relationship": "hit"}, "negative": {"bbox1": [333, 369, 871, 897], "bbox2": [281, 519, 865, 963], "obj1": "ball", "obj2": "person", "relationship": "hold"}}, {"filename1": "9308130126_b7577b1972_b.jpg", "filename2": "8632289488_5161e87cf2_b.jpg", "positive": {"bbox1": [273, 314, 516, 552], "bbox2": [220, 679, 578, 799], "obj1": "ball", "obj2": "person", "relationship": "hit"}, "negative": {"bbox1": [455, 497, 348, 377], "bbox2": [250, 591, 137, 397], "obj1": "ball", "obj2": "person", "relationship": "kick"}}, {"filename1": "9308130126_b7577b1972_b.jpg", "filename2": "8632289488_5161e87cf2_b.jpg", "positive": {"bbox1": [273, 314, 516, 552], "bbox2": [220, 679, 578, 799], "obj1": "ball", "obj2": "person", "relationship": "hit"}, "negative": {"bbox1": [455, 497, 348, 377], "bbox2": [260, 456, 67, 198], "obj1": "ball", "obj2": "person", "relationship": "look"}}, {"filename1": "9308130126_b7577b1972_b.jpg", "filename2": "8632289488_5161e87cf2_b.jpg", "positive": {"bbox1": [273, 314, 516, 552], "bbox2": [220, 679, 578, 799], "obj1": "ball", "obj2": "person", "relationship": "hit"}, "negative": {"bbox1": [455, 497, 348, 377], "bbox2": [256, 493, 556, 704], "obj1": "ball", "obj2": "person", "relationship": "look"}}, {"filename1": "9308130126_b7577b1972_b.jpg", "filename2": "10030237175_1fa660d9a0_b.jpg", "positive": {"bbox1": [273, 314, 516, 552], "bbox2": [220, 679, 578, 799], "obj1": "ball", "obj2": "person", "relationship": "hit"}, "negative": {"bbox1": [201, 220, 613, 638], "bbox2": [131, 384, 609, 759], "obj1": "ball", "obj2": "person", "relationship": "hold"}}, {"filename1": "9308130126_b7577b1972_b.jpg", "filename2": "6323380321_91cb7a1a0a_b.jpg", "positive": {"bbox1": [273, 314, 516, 552], "bbox2": [220, 679, 578, 799], "obj1": "ball", "obj2": "person", "relationship": "hit"}, "negative": {"bbox1": [333, 369, 871, 897], "bbox2": [281, 519, 865, 963], "obj1": "ball", "obj2": "person", "relationship": "hold"}}, {"filename1": "8618978499_58e6d1c581_b.jpg", "filename2": "10030237175_1fa660d9a0_b.jpg", "positive": {"bbox1": [483, 524, 238, 286], "bbox2": [82, 723, 373, 719], "obj1": "ball", "obj2": "person", "relationship": "hit"}, "negative": {"bbox1": [201, 220, 613, 638], "bbox2": [131, 384, 609, 759], "obj1": "ball", "obj2": "person", "relationship": "hold"}}, {"filename1": "8618978499_58e6d1c581_b.jpg", "filename2": "6323380321_91cb7a1a0a_b.jpg", "positive": {"bbox1": [483, 524, 238, 286], "bbox2": [82, 723, 373, 719], "obj1": "ball", "obj2": "person", "relationship": "hit"}, "negative": {"bbox1": [333, 369, 871, 897], "bbox2": [281, 519, 865, 963], "obj1": "ball", "obj2": "person", "relationship": "hold"}}]}