{"predicate": "inside", "examples": [{"filename1": "3942215027_449602d1cd_b.jpg", "filename2": "1356955735_8b435e3f9d_b.jpg", "positive": {"bbox1": [50, 1022, 11, 459], "bbox2": [524, 601, 345, 412], "obj1": "refrigerator", "obj2": "bag", "relationship": "inside"}, "negative": {"bbox1": [213, 765, 32, 340], "bbox2": [181, 216, 134, 208], "obj1": "refrigerator", "obj2": "bag", "relationship": "on the top of"}}, {"filename1": "4388589826_556e66dbf3_b.jpg", "filename2": "9327085767_5ea42c4e0e_b.jpg", "positive": {"bbox1": [1, 972, 28, 673], "bbox2": [451, 625, 186, 251], "obj1": "cabinet", "obj2": "cup", "relationship": "inside"}, "negative": {"bbox1": [256, 525, 1, 137], "bbox2": [286, 538, 232, 331], "obj1": "cabinet", "obj2": "cup", "relationship": "next to"}}, {"filename1": "4388589826_556e66dbf3_b.jpg", "filename2": "165967425_ae66a4d39e_b.jpg", "positive": {"bbox1": [1, 972, 28, 673], "bbox2": [451, 625, 186, 251], "obj1": "cabinet", "obj2": "cup", "relationship": "inside"}, "negative": {"bbox1": [140, 567, 2, 154], "bbox2": [92, 145, 42, 83], "obj1": "cabinet", "obj2": "cup", "relationship": "on the top of"}}, {"filename1": "8151839977_9eb81fcf02_b.jpg", "filename2": "507902681_eda1bcedd4_b.jpg", "positive": {"bbox1": [11, 679, 1, 948], "bbox2": [233, 373, 766, 873], "obj1": "truck", "obj2": "person", "relationship": "inside"}, "negative": {"bbox1": [708, 988, 421, 669], "bbox2": [843, 1022, 262, 346], "obj1": "truck", "obj2": "person", "relationship": "near"}}, {"filename1": "8151839977_9eb81fcf02_b.jpg", "filename2": "8295620910_5ed4cc38dc_b.jpg", "positive": {"bbox1": [11, 679, 1, 948], "bbox2": [233, 373, 766, 873], "obj1": "truck", "obj2": "person", "relationship": "inside"}, "negative": {"bbox1": [185, 358, 267, 636], "bbox2": [253, 353, 592, 624], "obj1": "truck", "obj2": "person", "relationship": "next to"}}, {"filename1": "8151839977_9eb81fcf02_b.jpg", "filename2": "2167504551_05f9305272_b.jpg", "positive": {"bbox1": [11, 679, 1, 948], "bbox2": [233, 373, 766, 873], "obj1": "truck", "obj2": "person", "relationship": "inside"}, "negative": {"bbox1": [335, 597, 362, 934], "bbox2": [264, 364, 522, 604], "obj1": "truck", "obj2": "person", "relationship": "in"}}, {"filename1": "8151839977_9eb81fcf02_b.jpg", "filename2": "2167504551_05f9305272_b.jpg", "positive": {"bbox1": [11, 679, 1, 948], "bbox2": [233, 373, 766, 873], "obj1": "truck", "obj2": "person", "relationship": "inside"}, "negative": {"bbox1": [335, 597, 362, 934], "bbox2": [264, 364, 522, 604], "obj1": "truck", "obj2": "person", "relationship": "ride"}}, {"filename1": "8151839977_9eb81fcf02_b.jpg", "filename2": "7643907808_53bc952de3_b.jpg", "positive": {"bbox1": [11, 679, 1, 948], "bbox2": [233, 373, 766, 873], "obj1": "truck", "obj2": "person", "relationship": "inside"}, "negative": {"bbox1": [218, 630, 201, 1007], "bbox2": [326, 384, 881, 968], "obj1": "truck", "obj2": "person", "relationship": "behind"}}]}