{"predicate": "kick", "examples": [{"filename1": "8632289488_5161e87cf2_b.jpg", "filename2": "10030237175_1fa660d9a0_b.jpg", "positive": {"bbox1": [455, 497, 348, 377], "bbox2": [250, 591, 137, 397], "obj1": "ball", "obj2": "person", "relationship": "kick"}, "negative": {"bbox1": [201, 220, 613, 638], "bbox2": [131, 384, 609, 759], "obj1": "ball", "obj2": "person", "relationship": "hold"}}, {"filename1": "8632289488_5161e87cf2_b.jpg", "filename2": "6323380321_91cb7a1a0a_b.jpg", "positive": {"bbox1": [455, 497, 348, 377], "bbox2": [250, 591, 137, 397], "obj1": "ball", "obj2": "person", "relationship": "kick"}, "negative": {"bbox1": [333, 369, 871, 897], "bbox2": [281, 519, 865, 963], "obj1": "ball", "obj2": "person", "relationship": "hold"}}]}