{"predicate": "lean on", "examples": [{"filename1": "7174074654_6814333af1_b.jpg", "filename2": "4886337019_438df8bdd3_b.jpg", "positive": {"bbox1": [333, 550, 726, 1021], "bbox2": [297, 628, 643, 805], "obj1": "ramp", "obj2": "person", "relationship": "lean on"}, "negative": {"bbox1": [443, 1023, 4, 679], "bbox2": [237, 675, 183, 560], "obj1": "ramp", "obj2": "person", "relationship": "on"}}, {"filename1": "7174074654_6814333af1_b.jpg", "filename2": "4886337019_438df8bdd3_b.jpg", "positive": {"bbox1": [333, 550, 726, 1021], "bbox2": [297, 628, 643, 805], "obj1": "ramp", "obj2": "person", "relationship": "lean on"}, "negative": {"bbox1": [443, 1023, 4, 679], "bbox2": [237, 675, 183, 560], "obj1": "ramp", "obj2": "person", "relationship": "above"}}, {"filename1": "7174074654_6814333af1_b.jpg", "filename2": "4886337019_438df8bdd3_b.jpg", "positive": {"bbox1": [333, 550, 726, 1021], "bbox2": [297, 628, 643, 805], "obj1": "ramp", "obj2": "person", "relationship": "lean on"}, "negative": {"bbox1": [443, 1023, 4, 679], "bbox2": [237, 675, 183, 560], "obj1": "ramp", "obj2": "person", "relationship": "on the top of"}}, {"filename1": "7174074654_6814333af1_b.jpg", "filename2": "4813907028_9c13e14029_b.jpg", "positive": {"bbox1": [333, 550, 726, 1021], "bbox2": [297, 628, 643, 805], "obj1": "ramp", "obj2": "person", "relationship": "lean on"}, "negative": {"bbox1": [231, 328, 119, 802], "bbox2": [50, 295, 597, 701], "obj1": "ramp", "obj2": "person", "relationship": "stand on"}}, {"filename1": "7174074654_6814333af1_b.jpg", "filename2": "5605897099_1ea402daea_b.jpg", "positive": {"bbox1": [333, 550, 726, 1021], "bbox2": [297, 628, 643, 805], "obj1": "ramp", "obj2": "person", "relationship": "lean on"}, "negative": {"bbox1": [326, 1022, 4, 680], "bbox2": [198, 794, 3, 560], "obj1": "ramp", "obj2": "person", "relationship": "on"}}, {"filename1": "7174074654_6814333af1_b.jpg", "filename2": "2414947236_44f42f4faf_o.jpg", "positive": {"bbox1": [333, 550, 726, 1021], "bbox2": [297, 628, 643, 805], "obj1": "ramp", "obj2": "person", "relationship": "lean on"}, "negative": {"bbox1": [475, 599, 560, 799], "bbox2": [94, 323, 365, 620], "obj1": "ramp", "obj2": "person", "relationship": "above"}}, {"filename1": "7174074654_6814333af1_b.jpg", "filename2": "5314732660_33804d759d_b.jpg", "positive": {"bbox1": [333, 550, 726, 1021], "bbox2": [297, 628, 643, 805], "obj1": "ramp", "obj2": "person", "relationship": "lean on"}, "negative": {"bbox1": [423, 532, 22, 516], "bbox2": [172, 362, 704, 883], "obj1": "ramp", "obj2": "person", "relationship": "above"}}, {"filename1": "7174074654_6814333af1_b.jpg", "filename2": "4364236598_3f08cc421f_b.jpg", "positive": {"bbox1": [333, 550, 726, 1021], "bbox2": [297, 628, 643, 805], "obj1": "ramp", "obj2": "person", "relationship": "lean on"}, "negative": {"bbox1": [257, 550, 75, 1023], "bbox2": [73, 308, 409, 646], "obj1": "ramp", "obj2": "person", "relationship": "above"}}, {"filename1": "7174074654_6814333af1_b.jpg", "filename2": "4364236598_3f08cc421f_b.jpg", "positive": {"bbox1": [333, 550, 726, 1021], "bbox2": [297, 628, 643, 805], "obj1": "ramp", "obj2": "person", "relationship": "lean on"}, "negative": {"bbox1": [257, 550, 75, 1023], "bbox2": [73, 308, 409, 646], "obj1": "ramp", "obj2": "person", "relationship": "over"}}, {"filename1": "7174074654_6814333af1_b.jpg", "filename2": "4364236598_3f08cc421f_b.jpg", "positive": {"bbox1": [333, 550, 726, 1021], "bbox2": [297, 628, 643, 805], "obj1": "ramp", "obj2": "person", "relationship": "lean on"}, "negative": {"bbox1": [257, 550, 75, 1023], "bbox2": [73, 308, 409, 646], "obj1": "ramp", "obj2": "person", "relationship": "on"}}, {"filename1": "7174074654_6814333af1_b.jpg", "filename2": "4364236598_3f08cc421f_b.jpg", "positive": {"bbox1": [333, 550, 726, 1021], "bbox2": [297, 628, 643, 805], "obj1": "ramp", "obj2": "person", "relationship": "lean on"}, "negative": {"bbox1": [257, 550, 75, 1023], "bbox2": [83, 380, 723, 839], "obj1": "ramp", "obj2": "person", "relationship": "on"}}, {"filename1": "7174074654_6814333af1_b.jpg", "filename2": "3783238023_13af5f5171_o.jpg", "positive": {"bbox1": [333, 550, 726, 1021], "bbox2": [297, 628, 643, 805], "obj1": "ramp", "obj2": "person", "relationship": "lean on"}, "negative": {"bbox1": [574, 886, 2, 603], "bbox2": [141, 583, 66, 183], "obj1": "ramp", "obj2": "person", "relationship": "on"}}, {"filename1": "7174074654_6814333af1_b.jpg", "filename2": "5050401646_243ec70e2f_b.jpg", "positive": {"bbox1": [333, 550, 726, 1021], "bbox2": [297, 628, 643, 805], "obj1": "ramp", "obj2": "person", "relationship": "lean on"}, "negative": {"bbox1": [3, 573, 1, 1024], "bbox2": [130, 393, 290, 615], "obj1": "ramp", "obj2": "person", "relationship": "on"}}, {"filename1": "7174074654_6814333af1_b.jpg", "filename2": "2552006887_51f2b3d17b_b.jpg", "positive": {"bbox1": [333, 550, 726, 1021], "bbox2": [297, 628, 643, 805], "obj1": "ramp", "obj2": "person", "relationship": "lean on"}, "negative": {"bbox1": [343, 740, 4, 1022], "bbox2": [66, 344, 638, 713], "obj1": "ramp", "obj2": "person", "relationship": "on the top of"}}, {"filename1": "7174074654_6814333af1_b.jpg", "filename2": "2552006887_51f2b3d17b_b.jpg", "positive": {"bbox1": [333, 550, 726, 1021], "bbox2": [297, 628, 643, 805], "obj1": "ramp", "obj2": "person", "relationship": "lean on"}, "negative": {"bbox1": [343, 740, 4, 1022], "bbox2": [255, 441, 30, 109], "obj1": "ramp", "obj2": "person", "relationship": "sit on"}}, {"filename1": "7174074654_6814333af1_b.jpg", "filename2": "2552006887_51f2b3d17b_b.jpg", "positive": {"bbox1": [333, 550, 726, 1021], "bbox2": [297, 628, 643, 805], "obj1": "ramp", "obj2": "person", "relationship": "lean on"}, "negative": {"bbox1": [343, 740, 4, 1022], "bbox2": [371, 502, 131, 248], "obj1": "ramp", "obj2": "person", "relationship": "sit on"}}, {"filename1": "697404480_442dac96b9_b.jpg", "filename2": "8003795209_3a8d8fa57b_b.jpg", "positive": {"bbox1": [372, 632, 326, 448], "bbox2": [278, 632, 91, 423], "obj1": "hydrant", "obj2": "person", "relationship": "lean on"}, "negative": {"bbox1": [476, 569, 952, 991], "bbox2": [456, 555, 877, 944], "obj1": "hydrant", "obj2": "person", "relationship": "by"}}]}