{"predicate": "look", "examples": [{"filename1": "772311319_d6d7449571_b.jpg", "filename2": "320187898_04539ca400_b.jpg", "positive": {"bbox1": [134, 493, 789, 1022], "bbox2": [158, 637, 175, 597], "obj1": "monitor", "obj2": "person", "relationship": "look"}, "negative": {"bbox1": [443, 687, 768, 1013], "bbox2": [195, 765, 423, 849], "obj1": "monitor", "obj2": "person", "relationship": "near"}}, {"filename1": "772311319_d6d7449571_b.jpg", "filename2": "3762667628_d48a075be9_b.jpg", "positive": {"bbox1": [134, 493, 789, 1022], "bbox2": [158, 637, 175, 597], "obj1": "monitor", "obj2": "person", "relationship": "look"}, "negative": {"bbox1": [265, 347, 292, 342], "bbox2": [325, 708, 1, 243], "obj1": "monitor", "obj2": "person", "relationship": "near"}}, {"filename1": "772311319_d6d7449571_b.jpg", "filename2": "836654569_589c01ec89_o.jpg", "positive": {"bbox1": [134, 493, 789, 1022], "bbox2": [158, 637, 175, 597], "obj1": "monitor", "obj2": "person", "relationship": "look"}, "negative": {"bbox1": [280, 676, 3, 218], "bbox2": [217, 955, 336, 913], "obj1": "monitor", "obj2": "person", "relationship": "in the front of"}}, {"filename1": "772311319_d6d7449571_b.jpg", "filename2": "2553729522_18c2c62d10_o.jpg", "positive": {"bbox1": [134, 493, 789, 1022], "bbox2": [158, 637, 175, 597], "obj1": "monitor", "obj2": "person", "relationship": "look"}, "negative": {"bbox1": [317, 455, 2, 105], "bbox2": [239, 565, 75, 276], "obj1": "monitor", "obj2": "person", "relationship": "next to"}}, {"filename1": "772311319_d6d7449571_b.jpg", "filename2": "4759889504_460d484166_b.jpg", "positive": {"bbox1": [134, 493, 789, 1022], "bbox2": [158, 637, 175, 597], "obj1": "monitor", "obj2": "person", "relationship": "look"}, "negative": {"bbox1": [69, 217, 624, 709], "bbox2": [1, 359, 546, 960], "obj1": "monitor", "obj2": "person", "relationship": "in the front of"}}, {"filename1": "772311319_d6d7449571_b.jpg", "filename2": "8577234348_3e6a5656ea_b.jpg", "positive": {"bbox1": [134, 493, 789, 1022], "bbox2": [158, 637, 175, 597], "obj1": "monitor", "obj2": "person", "relationship": "look"}, "negative": {"bbox1": [127, 284, 9, 166], "bbox2": [72, 476, 262, 867], "obj1": "monitor", "obj2": "person", "relationship": "in the front of"}}, {"filename1": "772311319_d6d7449571_b.jpg", "filename2": "368566666_21fd0ba1f7_b.jpg", "positive": {"bbox1": [134, 493, 789, 1022], "bbox2": [158, 637, 175, 597], "obj1": "monitor", "obj2": "person", "relationship": "look"}, "negative": {"bbox1": [34, 143, 395, 581], "bbox2": [109, 194, 417, 534], "obj1": "monitor", "obj2": "person", "relationship": "in the front of"}}, {"filename1": "772311319_d6d7449571_b.jpg", "filename2": "4549943969_972cb58404_b.jpg", "positive": {"bbox1": [134, 493, 789, 1022], "bbox2": [158, 637, 175, 597], "obj1": "monitor", "obj2": "person", "relationship": "look"}, "negative": {"bbox1": [150, 249, 620, 768], "bbox2": [227, 347, 242, 416], "obj1": "monitor", "obj2": "person", "relationship": "watch"}}, {"filename1": "772311319_d6d7449571_b.jpg", "filename2": "4549943969_972cb58404_b.jpg", "positive": {"bbox1": [134, 493, 789, 1022], "bbox2": [158, 637, 175, 597], "obj1": "monitor", "obj2": "person", "relationship": "look"}, "negative": {"bbox1": [150, 249, 620, 768], "bbox2": [234, 364, 242, 435], "obj1": "monitor", "obj2": "person", "relationship": "watch"}}, {"filename1": "772311319_d6d7449571_b.jpg", "filename2": "4549943969_972cb58404_b.jpg", "positive": {"bbox1": [134, 493, 789, 1022], "bbox2": [158, 637, 175, 597], "obj1": "monitor", "obj2": "person", "relationship": "look"}, "negative": {"bbox1": [150, 249, 620, 768], "bbox2": [354, 479, 631, 825], "obj1": "monitor", "obj2": "person", "relationship": "watch"}}, {"filename1": "772311319_d6d7449571_b.jpg", "filename2": "308042862_37894a5225_b.jpg", "positive": {"bbox1": [134, 493, 789, 1022], "bbox2": [158, 637, 175, 597], "obj1": "monitor", "obj2": "person", "relationship": "look"}, "negative": {"bbox1": [491, 654, 2, 118], "bbox2": [267, 680, 201, 485], "obj1": "monitor", "obj2": "person", "relationship": "near"}}, {"filename1": "772311319_d6d7449571_b.jpg", "filename2": "308042862_37894a5225_b.jpg", "positive": {"bbox1": [134, 493, 789, 1022], "bbox2": [158, 637, 175, 597], "obj1": "monitor", "obj2": "person", "relationship": "look"}, "negative": {"bbox1": [491, 654, 2, 118], "bbox2": [267, 680, 201, 485], "obj1": "monitor", "obj2": "person", "relationship": "stand next to"}}, {"filename1": "772311319_d6d7449571_b.jpg", "filename2": "5441902562_e137b21105_b.jpg", "positive": {"bbox1": [134, 493, 789, 1022], "bbox2": [158, 637, 175, 597], "obj1": "monitor", "obj2": "person", "relationship": "look"}, "negative": {"bbox1": [190, 428, 2, 247], "bbox2": [303, 364, 243, 289], "obj1": "monitor", "obj2": "person", "relationship": "next to"}}, {"filename1": "772311319_d6d7449571_b.jpg", "filename2": "3502363009_bbe134efaa_b.jpg", "positive": {"bbox1": [134, 493, 789, 1022], "bbox2": [158, 637, 175, 597], "obj1": "monitor", "obj2": "person", "relationship": "look"}, "negative": {"bbox1": [209, 326, 526, 665], "bbox2": [173, 426, 331, 466], "obj1": "monitor", "obj2": "person", "relationship": "on the left of"}}, {"filename1": "772311319_d6d7449571_b.jpg", "filename2": "3502363009_bbe134efaa_b.jpg", "positive": {"bbox1": [134, 493, 789, 1022], "bbox2": [158, 637, 175, 597], "obj1": "monitor", "obj2": "person", "relationship": "look"}, "negative": {"bbox1": [209, 326, 526, 665], "bbox2": [263, 512, 653, 954], "obj1": "monitor", "obj2": "person", "relationship": "on the right of"}}, {"filename1": "772311319_d6d7449571_b.jpg", "filename2": "56675775_2719e836a3_o.jpg", "positive": {"bbox1": [134, 493, 789, 1022], "bbox2": [158, 637, 175, 597], "obj1": "monitor", "obj2": "person", "relationship": "look"}, "negative": {"bbox1": [88, 409, 47, 407], "bbox2": [136, 303, 404, 608], "obj1": "monitor", "obj2": "person", "relationship": "on the right of"}}, {"filename1": "772311319_d6d7449571_b.jpg", "filename2": "56675775_2719e836a3_o.jpg", "positive": {"bbox1": [134, 493, 789, 1022], "bbox2": [158, 637, 175, 597], "obj1": "monitor", "obj2": "person", "relationship": "look"}, "negative": {"bbox1": [100, 449, 600, 996], "bbox2": [136, 303, 404, 608], "obj1": "monitor", "obj2": "person", "relationship": "next to"}}, {"filename1": "772311319_d6d7449571_b.jpg", "filename2": "2227367994_25a0b62345_b.jpg", "positive": {"bbox1": [134, 493, 789, 1022], "bbox2": [158, 637, 175, 597], "obj1": "monitor", "obj2": "person", "relationship": "look"}, "negative": {"bbox1": [152, 380, 222, 548], "bbox2": [280, 421, 197, 254], "obj1": "monitor", "obj2": "person", "relationship": "next to"}}, {"filename1": "772311319_d6d7449571_b.jpg", "filename2": "6932219334_b35c5ed556_b.jpg", "positive": {"bbox1": [134, 493, 789, 1022], "bbox2": [158, 637, 175, 597], "obj1": "monitor", "obj2": "person", "relationship": "look"}, "negative": {"bbox1": [75, 159, 419, 576], "bbox2": [92, 413, 576, 711], "obj1": "monitor", "obj2": "person", "relationship": "near"}}, {"filename1": "772311319_d6d7449571_b.jpg", "filename2": "8461655950_67767c8114_b.jpg", "positive": {"bbox1": [134, 493, 789, 1022], "bbox2": [158, 637, 175, 597], "obj1": "monitor", "obj2": "person", "relationship": "look"}, "negative": {"bbox1": [3, 491, 380, 810], "bbox2": [341, 464, 307, 407], "obj1": "monitor", "obj2": "person", "relationship": "next to"}}, {"filename1": "772311319_d6d7449571_b.jpg", "filename2": "1164672210_4e513b9e8c_b.jpg", "positive": {"bbox1": [134, 493, 789, 1022], "bbox2": [158, 637, 175, 597], "obj1": "monitor", "obj2": "person", "relationship": "look"}, "negative": {"bbox1": [91, 266, 864, 1023], "bbox2": [192, 253, 855, 888], "obj1": "monitor", "obj2": "person", "relationship": "near"}}, {"filename1": "772311319_d6d7449571_b.jpg", "filename2": "3133548455_9665e9abda_b.jpg", "positive": {"bbox1": [134, 493, 789, 1022], "bbox2": [158, 637, 175, 597], "obj1": "monitor", "obj2": "person", "relationship": "look"}, "negative": {"bbox1": [334, 482, 961, 1023], "bbox2": [279, 680, 555, 887], "obj1": "monitor", "obj2": "person", "relationship": "on the left of"}}, {"filename1": "772311319_d6d7449571_b.jpg", "filename2": "6915517513_8f95acd872_b.jpg", "positive": {"bbox1": [134, 493, 789, 1022], "bbox2": [158, 637, 175, 597], "obj1": "monitor", "obj2": "person", "relationship": "look"}, "negative": {"bbox1": [199, 630, 549, 908], "bbox2": [26, 204, 538, 678], "obj1": "monitor", "obj2": "person", "relationship": "behind"}}, {"filename1": "772311319_d6d7449571_b.jpg", "filename2": "309725933_0c24c435d5_b.jpg", "positive": {"bbox1": [134, 493, 789, 1022], "bbox2": [158, 637, 175, 597], "obj1": "monitor", "obj2": "person", "relationship": "look"}, "negative": {"bbox1": [174, 426, 22, 298], "bbox2": [179, 631, 449, 878], "obj1": "monitor", "obj2": "person", "relationship": "watch"}}, {"filename1": "772311319_d6d7449571_b.jpg", "filename2": "141024523_bfe05f97de_b.jpg", "positive": {"bbox1": [134, 493, 789, 1022], "bbox2": [158, 637, 175, 597], "obj1": "monitor", "obj2": "person", "relationship": "look"}, "negative": {"bbox1": [71, 432, 477, 883], "bbox2": [309, 694, 796, 1020], "obj1": "monitor", "obj2": "person", "relationship": "near"}}, {"filename1": "772311319_d6d7449571_b.jpg", "filename2": "3333655642_b9231980be_o.jpg", "positive": {"bbox1": [134, 493, 789, 1022], "bbox2": [158, 637, 175, 597], "obj1": "monitor", "obj2": "person", "relationship": "look"}, "negative": {"bbox1": [177, 346, 389, 543], "bbox2": [22, 478, 104, 495], "obj1": "monitor", "obj2": "person", "relationship": "in the front of"}}, {"filename1": "772311319_d6d7449571_b.jpg", "filename2": "3042886816_cf64cfe392_b.jpg", "positive": {"bbox1": [134, 493, 789, 1022], "bbox2": [158, 637, 175, 597], "obj1": "monitor", "obj2": "person", "relationship": "look"}, "negative": {"bbox1": [155, 476, 8, 248], "bbox2": [92, 155, 33, 181], "obj1": "monitor", "obj2": "person", "relationship": "on"}}, {"filename1": "772311319_d6d7449571_b.jpg", "filename2": "2572601371_1da2548d91_b.jpg", "positive": {"bbox1": [134, 493, 789, 1022], "bbox2": [158, 637, 175, 597], "obj1": "monitor", "obj2": "person", "relationship": "look"}, "negative": {"bbox1": [101, 376, 759, 1023], "bbox2": [27, 718, 204, 650], "obj1": "monitor", "obj2": "person", "relationship": "in the front of"}}, {"filename1": "772311319_d6d7449571_b.jpg", "filename2": "3016201881_63f844f03a_o.jpg", "positive": {"bbox1": [134, 493, 789, 1022], "bbox2": [158, 637, 175, 597], "obj1": "monitor", "obj2": "person", "relationship": "look"}, "negative": {"bbox1": [356, 502, 820, 946], "bbox2": [128, 748, 149, 561], "obj1": "monitor", "obj2": "person", "relationship": "in the front of"}}, {"filename1": "772311319_d6d7449571_b.jpg", "filename2": "422206297_c343a8f683_o.jpg", "positive": {"bbox1": [134, 493, 789, 1022], "bbox2": [158, 637, 175, 597], "obj1": "monitor", "obj2": "person", "relationship": "look"}, "negative": {"bbox1": [112, 348, 103, 338], "bbox2": [54, 608, 291, 720], "obj1": "monitor", "obj2": "person", "relationship": "next to"}}, {"filename1": "772311319_d6d7449571_b.jpg", "filename2": "422206297_c343a8f683_o.jpg", "positive": {"bbox1": [134, 493, 789, 1022], "bbox2": [158, 637, 175, 597], "obj1": "monitor", "obj2": "person", "relationship": "look"}, "negative": {"bbox1": [112, 348, 103, 338], "bbox2": [51, 606, 295, 720], "obj1": "monitor", "obj2": "person", "relationship": "next to"}}, {"filename1": "772311319_d6d7449571_b.jpg", "filename2": "275375865_dc55a367eb_b.jpg", "positive": {"bbox1": [134, 493, 789, 1022], "bbox2": [158, 637, 175, 597], "obj1": "monitor", "obj2": "person", "relationship": "look"}, "negative": {"bbox1": [111, 210, 504, 603], "bbox2": [427, 758, 306, 589], "obj1": "monitor", "obj2": "person", "relationship": "under"}}, {"filename1": "772311319_d6d7449571_b.jpg", "filename2": "2082432785_8fe8c6b947_o.jpg", "positive": {"bbox1": [134, 493, 789, 1022], "bbox2": [158, 637, 175, 597], "obj1": "monitor", "obj2": "person", "relationship": "look"}, "negative": {"bbox1": [149, 419, 1, 241], "bbox2": [342, 751, 764, 1157], "obj1": "monitor", "obj2": "person", "relationship": "watch"}}, {"filename1": "772311319_d6d7449571_b.jpg", "filename2": "2082432785_8fe8c6b947_o.jpg", "positive": {"bbox1": [134, 493, 789, 1022], "bbox2": [158, 637, 175, 597], "obj1": "monitor", "obj2": "person", "relationship": "look"}, "negative": {"bbox1": [149, 419, 1, 241], "bbox2": [145, 517, 571, 814], "obj1": "monitor", "obj2": "person", "relationship": "watch"}}, {"filename1": "772311319_d6d7449571_b.jpg", "filename2": "8689104212_5d5d6f61b9_b.jpg", "positive": {"bbox1": [134, 493, 789, 1022], "bbox2": [158, 637, 175, 597], "obj1": "monitor", "obj2": "person", "relationship": "look"}, "negative": {"bbox1": [260, 478, 359, 657], "bbox2": [377, 477, 230, 282], "obj1": "monitor", "obj2": "person", "relationship": "next to"}}, {"filename1": "772311319_d6d7449571_b.jpg", "filename2": "130257884_efccb9e99e_o.jpg", "positive": {"bbox1": [134, 493, 789, 1022], "bbox2": [158, 637, 175, 597], "obj1": "monitor", "obj2": "person", "relationship": "look"}, "negative": {"bbox1": [57, 488, 98, 638], "bbox2": [190, 452, 641, 779], "obj1": "monitor", "obj2": "person", "relationship": "beside"}}, {"filename1": "772311319_d6d7449571_b.jpg", "filename2": "2970889362_976f4461c8_b.jpg", "positive": {"bbox1": [134, 493, 789, 1022], "bbox2": [158, 637, 175, 597], "obj1": "monitor", "obj2": "person", "relationship": "look"}, "negative": {"bbox1": [294, 500, 481, 732], "bbox2": [135, 300, 402, 609], "obj1": "monitor", "obj2": "person", "relationship": "stand next to"}}, {"filename1": "772311319_d6d7449571_b.jpg", "filename2": "416484146_115e477478_o.jpg", "positive": {"bbox1": [134, 493, 789, 1022], "bbox2": [158, 637, 175, 597], "obj1": "monitor", "obj2": "person", "relationship": "look"}, "negative": {"bbox1": [91, 197, 537, 620], "bbox2": [144, 243, 526, 601], "obj1": "monitor", "obj2": "person", "relationship": "near"}}, {"filename1": "772311319_d6d7449571_b.jpg", "filename2": "416484146_115e477478_o.jpg", "positive": {"bbox1": [134, 493, 789, 1022], "bbox2": [158, 637, 175, 597], "obj1": "monitor", "obj2": "person", "relationship": "look"}, "negative": {"bbox1": [91, 197, 537, 620], "bbox2": [144, 243, 526, 601], "obj1": "monitor", "obj2": "person", "relationship": "by"}}, {"filename1": "772311319_d6d7449571_b.jpg", "filename2": "149499288_0eb1172e1d_b.jpg", "positive": {"bbox1": [134, 493, 789, 1022], "bbox2": [158, 637, 175, 597], "obj1": "monitor", "obj2": "person", "relationship": "look"}, "negative": {"bbox1": [147, 426, 406, 646], "bbox2": [307, 417, 642, 695], "obj1": "monitor", "obj2": "person", "relationship": "behind"}}, {"filename1": "772311319_d6d7449571_b.jpg", "filename2": "2433344230_04bcccc85b_o.png", "positive": {"bbox1": [134, 493, 789, 1022], "bbox2": [158, 637, 175, 597], "obj1": "monitor", "obj2": "person", "relationship": "look"}, "negative": {"bbox1": [242, 379, 181, 308], "bbox2": [139, 252, 176, 269], "obj1": "monitor", "obj2": "person", "relationship": "by"}}, {"filename1": "772311319_d6d7449571_b.jpg", "filename2": "4011187781_71a3dd6fa9_o.jpg", "positive": {"bbox1": [134, 493, 789, 1022], "bbox2": [158, 637, 175, 597], "obj1": "monitor", "obj2": "person", "relationship": "look"}, "negative": {"bbox1": [14, 145, 141, 375], "bbox2": [260, 519, 5, 198], "obj1": "monitor", "obj2": "person", "relationship": "under"}}, {"filename1": "772311319_d6d7449571_b.jpg", "filename2": "4011187781_71a3dd6fa9_o.jpg", "positive": {"bbox1": [134, 493, 789, 1022], "bbox2": [158, 637, 175, 597], "obj1": "monitor", "obj2": "person", "relationship": "look"}, "negative": {"bbox1": [14, 145, 141, 375], "bbox2": [260, 519, 5, 198], "obj1": "monitor", "obj2": "person", "relationship": "near"}}, {"filename1": "772311319_d6d7449571_b.jpg", "filename2": "4011187781_71a3dd6fa9_o.jpg", "positive": {"bbox1": [134, 493, 789, 1022], "bbox2": [158, 637, 175, 597], "obj1": "monitor", "obj2": "person", "relationship": "look"}, "negative": {"bbox1": [14, 145, 141, 375], "bbox2": [260, 519, 5, 198], "obj1": "monitor", "obj2": "person", "relationship": "beneath"}}, {"filename1": "9053076700_dc9e00ee15_b.jpg", "filename2": "2915489445_6fed3e160b_b.jpg", "positive": {"bbox1": [309, 337, 18, 62], "bbox2": [123, 710, 167, 546], "obj1": "ball", "obj2": "person", "relationship": "look"}, "negative": {"bbox1": [491, 529, 332, 372], "bbox2": [392, 673, 339, 446], "obj1": "ball", "obj2": "person", "relationship": "hold"}}, {"filename1": "9053076700_dc9e00ee15_b.jpg", "filename2": "4017611370_56bdd4116d_b.jpg", "positive": {"bbox1": [309, 337, 18, 62], "bbox2": [123, 710, 167, 546], "obj1": "ball", "obj2": "person", "relationship": "look"}, "negative": {"bbox1": [152, 191, 595, 644], "bbox2": [50, 668, 283, 787], "obj1": "ball", "obj2": "person", "relationship": "play with"}}, {"filename1": "9053076700_dc9e00ee15_b.jpg", "filename2": "5482559_20a5cea666_b.jpg", "positive": {"bbox1": [309, 337, 18, 62], "bbox2": [123, 710, 167, 546], "obj1": "ball", "obj2": "person", "relationship": "look"}, "negative": {"bbox1": [245, 311, 346, 415], "bbox2": [419, 996, 250, 465], "obj1": "ball", "obj2": "person", "relationship": "play with"}}, {"filename1": "9053076700_dc9e00ee15_b.jpg", "filename2": "5663322244_ab14a5deea_b.jpg", "positive": {"bbox1": [309, 337, 18, 62], "bbox2": [123, 710, 167, 546], "obj1": "ball", "obj2": "person", "relationship": "look"}, "negative": {"bbox1": [387, 441, 964, 1024], "bbox2": [1, 683, 205, 615], "obj1": "ball", "obj2": "person", "relationship": "hit"}}, {"filename1": "9053076700_dc9e00ee15_b.jpg", "filename2": "3548141124_8dc932f8b7_b.jpg", "positive": {"bbox1": [309, 337, 18, 62], "bbox2": [123, 710, 167, 546], "obj1": "ball", "obj2": "person", "relationship": "look"}, "negative": {"bbox1": [272, 285, 546, 557], "bbox2": [234, 516, 336, 583], "obj1": "ball", "obj2": "person", "relationship": "hold"}}, {"filename1": "9053076700_dc9e00ee15_b.jpg", "filename2": "8504906929_41ffb2fa20_b.jpg", "positive": {"bbox1": [309, 337, 18, 62], "bbox2": [123, 710, 167, 546], "obj1": "ball", "obj2": "person", "relationship": "look"}, "negative": {"bbox1": [643, 682, 224, 263], "bbox2": [250, 770, 290, 626], "obj1": "ball", "obj2": "person", "relationship": "hit"}}, {"filename1": "9053076700_dc9e00ee15_b.jpg", "filename2": "2340969439_5f3bc00d35_o.jpg", "positive": {"bbox1": [309, 337, 18, 62], "bbox2": [123, 710, 167, 546], "obj1": "ball", "obj2": "person", "relationship": "look"}, "negative": {"bbox1": [291, 315, 288, 319], "bbox2": [2, 479, 18, 330], "obj1": "ball", "obj2": "person", "relationship": "hold"}}, {"filename1": "9053076700_dc9e00ee15_b.jpg", "filename2": "7423831844_f4efc7b100_b.jpg", "positive": {"bbox1": [309, 337, 18, 62], "bbox2": [123, 710, 167, 546], "obj1": "ball", "obj2": "person", "relationship": "look"}, "negative": {"bbox1": [181, 207, 744, 767], "bbox2": [200, 546, 277, 541], "obj1": "ball", "obj2": "person", "relationship": "watch"}}, {"filename1": "9053076700_dc9e00ee15_b.jpg", "filename2": "4071380096_2fec563a98_o.jpg", "positive": {"bbox1": [309, 337, 18, 62], "bbox2": [123, 710, 167, 546], "obj1": "ball", "obj2": "person", "relationship": "look"}, "negative": {"bbox1": [255, 300, 557, 604], "bbox2": [74, 502, 333, 616], "obj1": "ball", "obj2": "person", "relationship": "hold"}}, {"filename1": "9053076700_dc9e00ee15_b.jpg", "filename2": "5847791560_84f9db5717_b.jpg", "positive": {"bbox1": [309, 337, 18, 62], "bbox2": [123, 710, 167, 546], "obj1": "ball", "obj2": "person", "relationship": "look"}, "negative": {"bbox1": [44, 127, 501, 582], "bbox2": [314, 1014, 412, 611], "obj1": "ball", "obj2": "person", "relationship": "below"}}, {"filename1": "9053076700_dc9e00ee15_b.jpg", "filename2": "5847791560_84f9db5717_b.jpg", "positive": {"bbox1": [309, 337, 18, 62], "bbox2": [123, 710, 167, 546], "obj1": "ball", "obj2": "person", "relationship": "look"}, "negative": {"bbox1": [44, 127, 501, 582], "bbox2": [314, 1014, 412, 611], "obj1": "ball", "obj2": "person", "relationship": "under"}}, {"filename1": "9053076700_dc9e00ee15_b.jpg", "filename2": "1467583584_a7877b8077_o.jpg", "positive": {"bbox1": [309, 337, 18, 62], "bbox2": [123, 710, 167, 546], "obj1": "ball", "obj2": "person", "relationship": "look"}, "negative": {"bbox1": [498, 514, 844, 857], "bbox2": [414, 685, 894, 1073], "obj1": "ball", "obj2": "person", "relationship": "in the front of"}}, {"filename1": "9053076700_dc9e00ee15_b.jpg", "filename2": "8632673241_4f38d98246_b.jpg", "positive": {"bbox1": [309, 337, 18, 62], "bbox2": [123, 710, 167, 546], "obj1": "ball", "obj2": "person", "relationship": "look"}, "negative": {"bbox1": [235, 253, 313, 336], "bbox2": [210, 583, 416, 750], "obj1": "ball", "obj2": "person", "relationship": "hit"}}, {"filename1": "9053076700_dc9e00ee15_b.jpg", "filename2": "8130874689_7fc2f4f89f_b.jpg", "positive": {"bbox1": [309, 337, 18, 62], "bbox2": [123, 710, 167, 546], "obj1": "ball", "obj2": "person", "relationship": "look"}, "negative": {"bbox1": [488, 515, 686, 714], "bbox2": [292, 522, 680, 779], "obj1": "ball", "obj2": "person", "relationship": "has"}}, {"filename1": "9053076700_dc9e00ee15_b.jpg", "filename2": "8562620371_8823cbafc3_b.jpg", "positive": {"bbox1": [309, 337, 18, 62], "bbox2": [123, 710, 167, 546], "obj1": "ball", "obj2": "person", "relationship": "look"}, "negative": {"bbox1": [140, 222, 429, 511], "bbox2": [21, 552, 236, 504], "obj1": "ball", "obj2": "person", "relationship": "kick"}}, {"filename1": "9053076700_dc9e00ee15_b.jpg", "filename2": "8155429222_0f602f7baa_b.jpg", "positive": {"bbox1": [309, 337, 18, 62], "bbox2": [123, 710, 167, 546], "obj1": "ball", "obj2": "person", "relationship": "look"}, "negative": {"bbox1": [108, 138, 392, 408], "bbox2": [240, 653, 257, 400], "obj1": "ball", "obj2": "person", "relationship": "below"}}, {"filename1": "9053076700_dc9e00ee15_b.jpg", "filename2": "8155429222_0f602f7baa_b.jpg", "positive": {"bbox1": [309, 337, 18, 62], "bbox2": [123, 710, 167, 546], "obj1": "ball", "obj2": "person", "relationship": "look"}, "negative": {"bbox1": [108, 138, 392, 408], "bbox2": [240, 653, 257, 400], "obj1": "ball", "obj2": "person", "relationship": "hit"}}, {"filename1": "9053076700_dc9e00ee15_b.jpg", "filename2": "7111373869_46b48ea3d5_b.jpg", "positive": {"bbox1": [309, 337, 18, 62], "bbox2": [123, 710, 167, 546], "obj1": "ball", "obj2": "person", "relationship": "look"}, "negative": {"bbox1": [518, 605, 437, 520], "bbox2": [270, 825, 160, 561], "obj1": "ball", "obj2": "person", "relationship": "kick"}}, {"filename1": "9053076700_dc9e00ee15_b.jpg", "filename2": "7111373869_46b48ea3d5_b.jpg", "positive": {"bbox1": [309, 337, 18, 62], "bbox2": [123, 710, 167, 546], "obj1": "ball", "obj2": "person", "relationship": "look"}, "negative": {"bbox1": [518, 605, 437, 520], "bbox2": [270, 825, 160, 561], "obj1": "ball", "obj2": "person", "relationship": "near"}}, {"filename1": "9053076700_dc9e00ee15_b.jpg", "filename2": "7992262199_a093b4d361_b.jpg", "positive": {"bbox1": [309, 337, 18, 62], "bbox2": [123, 710, 167, 546], "obj1": "ball", "obj2": "person", "relationship": "look"}, "negative": {"bbox1": [163, 222, 5, 75], "bbox2": [7, 677, 185, 1022], "obj1": "ball", "obj2": "person", "relationship": "behind"}}, {"filename1": "9053076700_dc9e00ee15_b.jpg", "filename2": "6879272874_931c3174a8_b.jpg", "positive": {"bbox1": [309, 337, 18, 62], "bbox2": [123, 710, 167, 546], "obj1": "ball", "obj2": "person", "relationship": "look"}, "negative": {"bbox1": [532, 622, 162, 262], "bbox2": [479, 954, 50, 258], "obj1": "ball", "obj2": "person", "relationship": "hold"}}, {"filename1": "9053076700_dc9e00ee15_b.jpg", "filename2": "9308130126_b7577b1972_b.jpg", "positive": {"bbox1": [309, 337, 18, 62], "bbox2": [123, 710, 167, 546], "obj1": "ball", "obj2": "person", "relationship": "look"}, "negative": {"bbox1": [461, 504, 293, 328], "bbox2": [251, 668, 57, 355], "obj1": "ball", "obj2": "person", "relationship": "hold"}}, {"filename1": "9053076700_dc9e00ee15_b.jpg", "filename2": "8632289488_5161e87cf2_b.jpg", "positive": {"bbox1": [309, 337, 18, 62], "bbox2": [123, 710, 167, 546], "obj1": "ball", "obj2": "person", "relationship": "look"}, "negative": {"bbox1": [455, 497, 348, 377], "bbox2": [250, 591, 137, 397], "obj1": "ball", "obj2": "person", "relationship": "kick"}}, {"filename1": "9053076700_dc9e00ee15_b.jpg", "filename2": "10030237175_1fa660d9a0_b.jpg", "positive": {"bbox1": [309, 337, 18, 62], "bbox2": [123, 710, 167, 546], "obj1": "ball", "obj2": "person", "relationship": "look"}, "negative": {"bbox1": [201, 220, 613, 638], "bbox2": [131, 384, 609, 759], "obj1": "ball", "obj2": "person", "relationship": "hold"}}, {"filename1": "9053076700_dc9e00ee15_b.jpg", "filename2": "6323380321_91cb7a1a0a_b.jpg", "positive": {"bbox1": [309, 337, 18, 62], "bbox2": [123, 710, 167, 546], "obj1": "ball", "obj2": "person", "relationship": "look"}, "negative": {"bbox1": [333, 369, 871, 897], "bbox2": [281, 519, 865, 963], "obj1": "ball", "obj2": "person", "relationship": "hold"}}, {"filename1": "5663322244_ab14a5deea_b.jpg", "filename2": "3548141124_8dc932f8b7_b.jpg", "positive": {"bbox1": [387, 441, 964, 1024], "bbox2": [1, 683, 205, 615], "obj1": "ball", "obj2": "person", "relationship": "look"}, "negative": {"bbox1": [272, 285, 546, 557], "bbox2": [234, 516, 336, 583], "obj1": "ball", "obj2": "person", "relationship": "hold"}}, {"filename1": "5663322244_ab14a5deea_b.jpg", "filename2": "8504906929_41ffb2fa20_b.jpg", "positive": {"bbox1": [387, 441, 964, 1024], "bbox2": [1, 683, 205, 615], "obj1": "ball", "obj2": "person", "relationship": "look"}, "negative": {"bbox1": [643, 682, 224, 263], "bbox2": [250, 770, 290, 626], "obj1": "ball", "obj2": "person", "relationship": "hit"}}, {"filename1": "5663322244_ab14a5deea_b.jpg", "filename2": "2340969439_5f3bc00d35_o.jpg", "positive": {"bbox1": [387, 441, 964, 1024], "bbox2": [1, 683, 205, 615], "obj1": "ball", "obj2": "person", "relationship": "look"}, "negative": {"bbox1": [291, 315, 288, 319], "bbox2": [2, 479, 18, 330], "obj1": "ball", "obj2": "person", "relationship": "hold"}}, {"filename1": "5663322244_ab14a5deea_b.jpg", "filename2": "7423831844_f4efc7b100_b.jpg", "positive": {"bbox1": [387, 441, 964, 1024], "bbox2": [1, 683, 205, 615], "obj1": "ball", "obj2": "person", "relationship": "look"}, "negative": {"bbox1": [181, 207, 744, 767], "bbox2": [200, 546, 277, 541], "obj1": "ball", "obj2": "person", "relationship": "watch"}}, {"filename1": "5663322244_ab14a5deea_b.jpg", "filename2": "4071380096_2fec563a98_o.jpg", "positive": {"bbox1": [387, 441, 964, 1024], "bbox2": [1, 683, 205, 615], "obj1": "ball", "obj2": "person", "relationship": "look"}, "negative": {"bbox1": [255, 300, 557, 604], "bbox2": [74, 502, 333, 616], "obj1": "ball", "obj2": "person", "relationship": "hold"}}, {"filename1": "5663322244_ab14a5deea_b.jpg", "filename2": "5847791560_84f9db5717_b.jpg", "positive": {"bbox1": [387, 441, 964, 1024], "bbox2": [1, 683, 205, 615], "obj1": "ball", "obj2": "person", "relationship": "look"}, "negative": {"bbox1": [44, 127, 501, 582], "bbox2": [314, 1014, 412, 611], "obj1": "ball", "obj2": "person", "relationship": "below"}}, {"filename1": "5663322244_ab14a5deea_b.jpg", "filename2": "5847791560_84f9db5717_b.jpg", "positive": {"bbox1": [387, 441, 964, 1024], "bbox2": [1, 683, 205, 615], "obj1": "ball", "obj2": "person", "relationship": "look"}, "negative": {"bbox1": [44, 127, 501, 582], "bbox2": [314, 1014, 412, 611], "obj1": "ball", "obj2": "person", "relationship": "under"}}, {"filename1": "5663322244_ab14a5deea_b.jpg", "filename2": "1467583584_a7877b8077_o.jpg", "positive": {"bbox1": [387, 441, 964, 1024], "bbox2": [1, 683, 205, 615], "obj1": "ball", "obj2": "person", "relationship": "look"}, "negative": {"bbox1": [498, 514, 844, 857], "bbox2": [414, 685, 894, 1073], "obj1": "ball", "obj2": "person", "relationship": "in the front of"}}, {"filename1": "5663322244_ab14a5deea_b.jpg", "filename2": "8632673241_4f38d98246_b.jpg", "positive": {"bbox1": [387, 441, 964, 1024], "bbox2": [1, 683, 205, 615], "obj1": "ball", "obj2": "person", "relationship": "look"}, "negative": {"bbox1": [235, 253, 313, 336], "bbox2": [210, 583, 416, 750], "obj1": "ball", "obj2": "person", "relationship": "hit"}}, {"filename1": "5663322244_ab14a5deea_b.jpg", "filename2": "8130874689_7fc2f4f89f_b.jpg", "positive": {"bbox1": [387, 441, 964, 1024], "bbox2": [1, 683, 205, 615], "obj1": "ball", "obj2": "person", "relationship": "look"}, "negative": {"bbox1": [488, 515, 686, 714], "bbox2": [292, 522, 680, 779], "obj1": "ball", "obj2": "person", "relationship": "has"}}, {"filename1": "5663322244_ab14a5deea_b.jpg", "filename2": "8562620371_8823cbafc3_b.jpg", "positive": {"bbox1": [387, 441, 964, 1024], "bbox2": [1, 683, 205, 615], "obj1": "ball", "obj2": "person", "relationship": "look"}, "negative": {"bbox1": [140, 222, 429, 511], "bbox2": [21, 552, 236, 504], "obj1": "ball", "obj2": "person", "relationship": "kick"}}, {"filename1": "5663322244_ab14a5deea_b.jpg", "filename2": "8155429222_0f602f7baa_b.jpg", "positive": {"bbox1": [387, 441, 964, 1024], "bbox2": [1, 683, 205, 615], "obj1": "ball", "obj2": "person", "relationship": "look"}, "negative": {"bbox1": [108, 138, 392, 408], "bbox2": [240, 653, 257, 400], "obj1": "ball", "obj2": "person", "relationship": "below"}}, {"filename1": "5663322244_ab14a5deea_b.jpg", "filename2": "8155429222_0f602f7baa_b.jpg", "positive": {"bbox1": [387, 441, 964, 1024], "bbox2": [1, 683, 205, 615], "obj1": "ball", "obj2": "person", "relationship": "look"}, "negative": {"bbox1": [108, 138, 392, 408], "bbox2": [240, 653, 257, 400], "obj1": "ball", "obj2": "person", "relationship": "hit"}}, {"filename1": "5663322244_ab14a5deea_b.jpg", "filename2": "7111373869_46b48ea3d5_b.jpg", "positive": {"bbox1": [387, 441, 964, 1024], "bbox2": [1, 683, 205, 615], "obj1": "ball", "obj2": "person", "relationship": "look"}, "negative": {"bbox1": [518, 605, 437, 520], "bbox2": [270, 825, 160, 561], "obj1": "ball", "obj2": "person", "relationship": "kick"}}, {"filename1": "5663322244_ab14a5deea_b.jpg", "filename2": "7111373869_46b48ea3d5_b.jpg", "positive": {"bbox1": [387, 441, 964, 1024], "bbox2": [1, 683, 205, 615], "obj1": "ball", "obj2": "person", "relationship": "look"}, "negative": {"bbox1": [518, 605, 437, 520], "bbox2": [270, 825, 160, 561], "obj1": "ball", "obj2": "person", "relationship": "near"}}, {"filename1": "5663322244_ab14a5deea_b.jpg", "filename2": "7992262199_a093b4d361_b.jpg", "positive": {"bbox1": [387, 441, 964, 1024], "bbox2": [1, 683, 205, 615], "obj1": "ball", "obj2": "person", "relationship": "look"}, "negative": {"bbox1": [163, 222, 5, 75], "bbox2": [7, 677, 185, 1022], "obj1": "ball", "obj2": "person", "relationship": "behind"}}, {"filename1": "5663322244_ab14a5deea_b.jpg", "filename2": "6879272874_931c3174a8_b.jpg", "positive": {"bbox1": [387, 441, 964, 1024], "bbox2": [1, 683, 205, 615], "obj1": "ball", "obj2": "person", "relationship": "look"}, "negative": {"bbox1": [532, 622, 162, 262], "bbox2": [479, 954, 50, 258], "obj1": "ball", "obj2": "person", "relationship": "hold"}}, {"filename1": "5663322244_ab14a5deea_b.jpg", "filename2": "9308130126_b7577b1972_b.jpg", "positive": {"bbox1": [387, 441, 964, 1024], "bbox2": [1, 683, 205, 615], "obj1": "ball", "obj2": "person", "relationship": "look"}, "negative": {"bbox1": [461, 504, 293, 328], "bbox2": [251, 668, 57, 355], "obj1": "ball", "obj2": "person", "relationship": "hold"}}, {"filename1": "5663322244_ab14a5deea_b.jpg", "filename2": "8632289488_5161e87cf2_b.jpg", "positive": {"bbox1": [387, 441, 964, 1024], "bbox2": [1, 683, 205, 615], "obj1": "ball", "obj2": "person", "relationship": "look"}, "negative": {"bbox1": [455, 497, 348, 377], "bbox2": [250, 591, 137, 397], "obj1": "ball", "obj2": "person", "relationship": "kick"}}, {"filename1": "5663322244_ab14a5deea_b.jpg", "filename2": "10030237175_1fa660d9a0_b.jpg", "positive": {"bbox1": [387, 441, 964, 1024], "bbox2": [1, 683, 205, 615], "obj1": "ball", "obj2": "person", "relationship": "look"}, "negative": {"bbox1": [201, 220, 613, 638], "bbox2": [131, 384, 609, 759], "obj1": "ball", "obj2": "person", "relationship": "hold"}}, {"filename1": "5663322244_ab14a5deea_b.jpg", "filename2": "6323380321_91cb7a1a0a_b.jpg", "positive": {"bbox1": [387, 441, 964, 1024], "bbox2": [1, 683, 205, 615], "obj1": "ball", "obj2": "person", "relationship": "look"}, "negative": {"bbox1": [333, 369, 871, 897], "bbox2": [281, 519, 865, 963], "obj1": "ball", "obj2": "person", "relationship": "hold"}}, {"filename1": "8116722351_7b6dc4d5a6_b.jpg", "filename2": "6849943183_f7328298f4_b.jpg", "positive": {"bbox1": [459, 503, 408, 648], "bbox2": [40, 679, 134, 533], "obj1": "pizza", "obj2": "person", "relationship": "look"}, "negative": {"bbox1": [493, 587, 126, 330], "bbox2": [57, 586, 207, 555], "obj1": "pizza", "obj2": "person", "relationship": "eat"}}, {"filename1": "8116722351_7b6dc4d5a6_b.jpg", "filename2": "6849943183_f7328298f4_b.jpg", "positive": {"bbox1": [459, 503, 408, 648], "bbox2": [40, 679, 134, 533], "obj1": "pizza", "obj2": "person", "relationship": "look"}, "negative": {"bbox1": [297, 347, 204, 309], "bbox2": [57, 586, 207, 555], "obj1": "pizza", "obj2": "person", "relationship": "hold"}}, {"filename1": "8116722351_7b6dc4d5a6_b.jpg", "filename2": "4414159786_de4d22fbc4_o.jpg", "positive": {"bbox1": [459, 503, 408, 648], "bbox2": [40, 679, 134, 533], "obj1": "pizza", "obj2": "person", "relationship": "look"}, "negative": {"bbox1": [437, 572, 132, 451], "bbox2": [117, 591, 50, 296], "obj1": "pizza", "obj2": "person", "relationship": "on the left of"}}, {"filename1": "8116722351_7b6dc4d5a6_b.jpg", "filename2": "4414159786_de4d22fbc4_o.jpg", "positive": {"bbox1": [459, 503, 408, 648], "bbox2": [40, 679, 134, 533], "obj1": "pizza", "obj2": "person", "relationship": "look"}, "negative": {"bbox1": [437, 572, 132, 451], "bbox2": [117, 591, 50, 296], "obj1": "pizza", "obj2": "person", "relationship": "near"}}, {"filename1": "8116722351_7b6dc4d5a6_b.jpg", "filename2": "4227961155_8310acf2ba_b.jpg", "positive": {"bbox1": [459, 503, 408, 648], "bbox2": [40, 679, 134, 533], "obj1": "pizza", "obj2": "person", "relationship": "look"}, "negative": {"bbox1": [549, 590, 140, 286], "bbox2": [165, 753, 355, 728], "obj1": "pizza", "obj2": "person", "relationship": "beside"}}, {"filename1": "8116722351_7b6dc4d5a6_b.jpg", "filename2": "5341427822_ec04e03630_b.jpg", "positive": {"bbox1": [459, 503, 408, 648], "bbox2": [40, 679, 134, 533], "obj1": "pizza", "obj2": "person", "relationship": "look"}, "negative": {"bbox1": [510, 600, 406, 749], "bbox2": [1, 545, 639, 1022], "obj1": "pizza", "obj2": "person", "relationship": "by"}}, {"filename1": "8116722351_7b6dc4d5a6_b.jpg", "filename2": "5718953708_c6821f979c_b.jpg", "positive": {"bbox1": [459, 503, 408, 648], "bbox2": [40, 679, 134, 533], "obj1": "pizza", "obj2": "person", "relationship": "look"}, "negative": {"bbox1": [682, 758, 182, 304], "bbox2": [338, 1021, 165, 631], "obj1": "pizza", "obj2": "person", "relationship": "hold"}}, {"filename1": "8116722351_7b6dc4d5a6_b.jpg", "filename2": "5718953708_c6821f979c_b.jpg", "positive": {"bbox1": [459, 503, 408, 648], "bbox2": [40, 679, 134, 533], "obj1": "pizza", "obj2": "person", "relationship": "look"}, "negative": {"bbox1": [682, 758, 182, 304], "bbox2": [338, 1021, 165, 631], "obj1": "pizza", "obj2": "person", "relationship": "touch"}}, {"filename1": "8116722351_7b6dc4d5a6_b.jpg", "filename2": "5718953708_c6821f979c_b.jpg", "positive": {"bbox1": [459, 503, 408, 648], "bbox2": [40, 679, 134, 533], "obj1": "pizza", "obj2": "person", "relationship": "look"}, "negative": {"bbox1": [682, 758, 182, 304], "bbox2": [338, 1021, 165, 631], "obj1": "pizza", "obj2": "person", "relationship": "has"}}, {"filename1": "8116722351_7b6dc4d5a6_b.jpg", "filename2": "3692015392_9047c2c126_b.jpg", "positive": {"bbox1": [459, 503, 408, 648], "bbox2": [40, 679, 134, 533], "obj1": "pizza", "obj2": "person", "relationship": "look"}, "negative": {"bbox1": [266, 300, 464, 516], "bbox2": [196, 443, 415, 554], "obj1": "pizza", "obj2": "person", "relationship": "hold"}}, {"filename1": "8116722351_7b6dc4d5a6_b.jpg", "filename2": "3692015392_9047c2c126_b.jpg", "positive": {"bbox1": [459, 503, 408, 648], "bbox2": [40, 679, 134, 533], "obj1": "pizza", "obj2": "person", "relationship": "look"}, "negative": {"bbox1": [612, 765, 1, 257], "bbox2": [223, 462, 278, 442], "obj1": "pizza", "obj2": "person", "relationship": "eat"}}, {"filename1": "8116722351_7b6dc4d5a6_b.jpg", "filename2": "3692015392_9047c2c126_b.jpg", "positive": {"bbox1": [459, 503, 408, 648], "bbox2": [40, 679, 134, 533], "obj1": "pizza", "obj2": "person", "relationship": "look"}, "negative": {"bbox1": [304, 331, 385, 427], "bbox2": [223, 462, 278, 442], "obj1": "pizza", "obj2": "person", "relationship": "hold"}}, {"filename1": "8116722351_7b6dc4d5a6_b.jpg", "filename2": "3371382214_c73c82258c_b.jpg", "positive": {"bbox1": [459, 503, 408, 648], "bbox2": [40, 679, 134, 533], "obj1": "pizza", "obj2": "person", "relationship": "look"}, "negative": {"bbox1": [326, 374, 523, 677], "bbox2": [139, 640, 391, 576], "obj1": "pizza", "obj2": "person", "relationship": "near"}}, {"filename1": "8116722351_7b6dc4d5a6_b.jpg", "filename2": "7374959652_e52a8c3579_b.jpg", "positive": {"bbox1": [459, 503, 408, 648], "bbox2": [40, 679, 134, 533], "obj1": "pizza", "obj2": "person", "relationship": "look"}, "negative": {"bbox1": [538, 580, 276, 345], "bbox2": [163, 558, 227, 462], "obj1": "pizza", "obj2": "person", "relationship": "hold"}}, {"filename1": "8116722351_7b6dc4d5a6_b.jpg", "filename2": "54217796_6fcb4addaa_o.jpg", "positive": {"bbox1": [459, 503, 408, 648], "bbox2": [40, 679, 134, 533], "obj1": "pizza", "obj2": "person", "relationship": "look"}, "negative": {"bbox1": [323, 650, 188, 846], "bbox2": [149, 491, 412, 705], "obj1": "pizza", "obj2": "person", "relationship": "eat"}}, {"filename1": "8116722351_7b6dc4d5a6_b.jpg", "filename2": "9370744417_c729c54457_b.jpg", "positive": {"bbox1": [459, 503, 408, 648], "bbox2": [40, 679, 134, 533], "obj1": "pizza", "obj2": "person", "relationship": "look"}, "negative": {"bbox1": [344, 399, 532, 605], "bbox2": [175, 604, 195, 551], "obj1": "pizza", "obj2": "person", "relationship": "in the front of"}}, {"filename1": "8116722351_7b6dc4d5a6_b.jpg", "filename2": "6547507981_d3afb6b487_b.jpg", "positive": {"bbox1": [459, 503, 408, 648], "bbox2": [40, 679, 134, 533], "obj1": "pizza", "obj2": "person", "relationship": "look"}, "negative": {"bbox1": [372, 445, 281, 619], "bbox2": [89, 522, 1, 299], "obj1": "pizza", "obj2": "person", "relationship": "behind"}}, {"filename1": "8116722351_7b6dc4d5a6_b.jpg", "filename2": "6006488466_dc7558e4a0_b.jpg", "positive": {"bbox1": [459, 503, 408, 648], "bbox2": [40, 679, 134, 533], "obj1": "pizza", "obj2": "person", "relationship": "look"}, "negative": {"bbox1": [243, 309, 264, 367], "bbox2": [153, 634, 109, 380], "obj1": "pizza", "obj2": "person", "relationship": "eat"}}, {"filename1": "8116722351_7b6dc4d5a6_b.jpg", "filename2": "8247849517_c394c06c47_b.jpg", "positive": {"bbox1": [459, 503, 408, 648], "bbox2": [40, 679, 134, 533], "obj1": "pizza", "obj2": "person", "relationship": "look"}, "negative": {"bbox1": [695, 857, 293, 666], "bbox2": [305, 588, 316, 648], "obj1": "pizza", "obj2": "person", "relationship": "eat"}}, {"filename1": "8116722351_7b6dc4d5a6_b.jpg", "filename2": "9565361170_d54f928d9a_o.jpg", "positive": {"bbox1": [459, 503, 408, 648], "bbox2": [40, 679, 134, 533], "obj1": "pizza", "obj2": "person", "relationship": "look"}, "negative": {"bbox1": [415, 581, 144, 443], "bbox2": [102, 443, 467, 606], "obj1": "pizza", "obj2": "person", "relationship": "near"}}, {"filename1": "8116722351_7b6dc4d5a6_b.jpg", "filename2": "6630872395_743f448827_b.jpg", "positive": {"bbox1": [459, 503, 408, 648], "bbox2": [40, 679, 134, 533], "obj1": "pizza", "obj2": "person", "relationship": "look"}, "negative": {"bbox1": [220, 273, 337, 494], "bbox2": [7, 679, 71, 455], "obj1": "pizza", "obj2": "person", "relationship": "hold"}}, {"filename1": "8116722351_7b6dc4d5a6_b.jpg", "filename2": "5784081422_6ca2bd292c_b.jpg", "positive": {"bbox1": [459, 503, 408, 648], "bbox2": [40, 679, 134, 533], "obj1": "pizza", "obj2": "person", "relationship": "look"}, "negative": {"bbox1": [349, 409, 306, 388], "bbox2": [133, 676, 313, 726], "obj1": "pizza", "obj2": "person", "relationship": "hold"}}, {"filename1": "3659137656_a82681d7f5_o.jpg", "filename2": "5562702224_185c1545ed_b.jpg", "positive": {"bbox1": [128, 263, 193, 318], "bbox2": [170, 290, 290, 369], "obj1": "oven", "obj2": "dog", "relationship": "look"}, "negative": {"bbox1": [380, 865, 132, 352], "bbox2": [652, 879, 350, 503], "obj1": "oven", "obj2": "dog", "relationship": "by"}}, {"filename1": "5614753837_b687009307_b.jpg", "filename2": "2600768187_e5fe8071ab_o.jpg", "positive": {"bbox1": [375, 616, 476, 576], "bbox2": [223, 555, 757, 901], "obj1": "cone", "obj2": "person", "relationship": "look"}, "negative": {"bbox1": [457, 485, 491, 514], "bbox2": [421, 627, 465, 532], "obj1": "cone", "obj2": "person", "relationship": "hold"}}, {"filename1": "5614753837_b687009307_b.jpg", "filename2": "8380975902_772f093f8e_b.jpg", "positive": {"bbox1": [375, 616, 476, 576], "bbox2": [223, 555, 757, 901], "obj1": "cone", "obj2": "person", "relationship": "look"}, "negative": {"bbox1": [474, 600, 761, 830], "bbox2": [290, 442, 987, 1022], "obj1": "cone", "obj2": "person", "relationship": "on the left of"}}, {"filename1": "5614753837_b687009307_b.jpg", "filename2": "8796775718_6b9dce3d42_b.jpg", "positive": {"bbox1": [375, 616, 476, 576], "bbox2": [223, 555, 757, 901], "obj1": "cone", "obj2": "person", "relationship": "look"}, "negative": {"bbox1": [587, 677, 605, 698], "bbox2": [76, 677, 77, 563], "obj1": "cone", "obj2": "person", "relationship": "in the front of"}}, {"filename1": "6915517513_8f95acd872_b.jpg", "filename2": "851623519_9909323580_o.jpg", "positive": {"bbox1": [261, 590, 2, 457], "bbox2": [179, 597, 86, 358], "obj1": "sofa", "obj2": "person", "relationship": "look"}, "negative": {"bbox1": [391, 959, 2, 912], "bbox2": [176, 957, 188, 720], "obj1": "sofa", "obj2": "person", "relationship": "sit on"}}, {"filename1": "6915517513_8f95acd872_b.jpg", "filename2": "851623519_9909323580_o.jpg", "positive": {"bbox1": [261, 590, 2, 457], "bbox2": [179, 597, 86, 358], "obj1": "sofa", "obj2": "person", "relationship": "look"}, "negative": {"bbox1": [391, 959, 2, 912], "bbox2": [207, 913, 541, 1013], "obj1": "sofa", "obj2": "person", "relationship": "sit on"}}, {"filename1": "6915517513_8f95acd872_b.jpg", "filename2": "406341719_b9af0604b5_b.jpg", "positive": {"bbox1": [261, 590, 2, 457], "bbox2": [179, 597, 86, 358], "obj1": "sofa", "obj2": "person", "relationship": "look"}, "negative": {"bbox1": [137, 517, 68, 840], "bbox2": [198, 381, 505, 725], "obj1": "sofa", "obj2": "person", "relationship": "on"}}, {"filename1": "6915517513_8f95acd872_b.jpg", "filename2": "406341719_b9af0604b5_b.jpg", "positive": {"bbox1": [261, 590, 2, 457], "bbox2": [179, 597, 86, 358], "obj1": "sofa", "obj2": "person", "relationship": "look"}, "negative": {"bbox1": [137, 517, 68, 840], "bbox2": [219, 390, 189, 337], "obj1": "sofa", "obj2": "person", "relationship": "on"}}, {"filename1": "6915517513_8f95acd872_b.jpg", "filename2": "64702394_eb3a9d9ad5_b.jpg", "positive": {"bbox1": [261, 590, 2, 457], "bbox2": [179, 597, 86, 358], "obj1": "sofa", "obj2": "person", "relationship": "look"}, "negative": {"bbox1": [102, 662, 32, 767], "bbox2": [33, 593, 105, 534], "obj1": "sofa", "obj2": "person", "relationship": "in the front of"}}, {"filename1": "6915517513_8f95acd872_b.jpg", "filename2": "2560497338_093fc2663c_b.jpg", "positive": {"bbox1": [261, 590, 2, 457], "bbox2": [179, 597, 86, 358], "obj1": "sofa", "obj2": "person", "relationship": "look"}, "negative": {"bbox1": [451, 767, 3, 283], "bbox2": [186, 748, 183, 795], "obj1": "sofa", "obj2": "person", "relationship": "in the front of"}}, {"filename1": "6915517513_8f95acd872_b.jpg", "filename2": "2770686605_b4917375ed_b.jpg", "positive": {"bbox1": [261, 590, 2, 457], "bbox2": [179, 597, 86, 358], "obj1": "sofa", "obj2": "person", "relationship": "look"}, "negative": {"bbox1": [182, 614, 203, 1022], "bbox2": [52, 682, 152, 544], "obj1": "sofa", "obj2": "person", "relationship": "sit on"}}, {"filename1": "6915517513_8f95acd872_b.jpg", "filename2": "2770686605_b4917375ed_b.jpg", "positive": {"bbox1": [261, 590, 2, 457], "bbox2": [179, 597, 86, 358], "obj1": "sofa", "obj2": "person", "relationship": "look"}, "negative": {"bbox1": [182, 614, 203, 1022], "bbox2": [131, 530, 617, 865], "obj1": "sofa", "obj2": "person", "relationship": "on"}}, {"filename1": "6915517513_8f95acd872_b.jpg", "filename2": "2770686605_b4917375ed_b.jpg", "positive": {"bbox1": [261, 590, 2, 457], "bbox2": [179, 597, 86, 358], "obj1": "sofa", "obj2": "person", "relationship": "look"}, "negative": {"bbox1": [182, 614, 203, 1022], "bbox2": [132, 530, 608, 870], "obj1": "sofa", "obj2": "person", "relationship": "on"}}, {"filename1": "6915517513_8f95acd872_b.jpg", "filename2": "2770686605_b4917375ed_b.jpg", "positive": {"bbox1": [261, 590, 2, 457], "bbox2": [179, 597, 86, 358], "obj1": "sofa", "obj2": "person", "relationship": "look"}, "negative": {"bbox1": [182, 614, 203, 1022], "bbox2": [132, 530, 608, 870], "obj1": "sofa", "obj2": "person", "relationship": "sit on"}}, {"filename1": "6915517513_8f95acd872_b.jpg", "filename2": "6803135612_197c715868_o.jpg", "positive": {"bbox1": [261, 590, 2, 457], "bbox2": [179, 597, 86, 358], "obj1": "sofa", "obj2": "person", "relationship": "look"}, "negative": {"bbox1": [419, 513, 448, 590], "bbox2": [333, 587, 15, 61], "obj1": "sofa", "obj2": "person", "relationship": "sit next to"}}, {"filename1": "6915517513_8f95acd872_b.jpg", "filename2": "6803135612_197c715868_o.jpg", "positive": {"bbox1": [261, 590, 2, 457], "bbox2": [179, 597, 86, 358], "obj1": "sofa", "obj2": "person", "relationship": "look"}, "negative": {"bbox1": [382, 447, 423, 513], "bbox2": [381, 458, 423, 467], "obj1": "sofa", "obj2": "person", "relationship": "on"}}, {"filename1": "6915517513_8f95acd872_b.jpg", "filename2": "6803135612_197c715868_o.jpg", "positive": {"bbox1": [261, 590, 2, 457], "bbox2": [179, 597, 86, 358], "obj1": "sofa", "obj2": "person", "relationship": "look"}, "negative": {"bbox1": [419, 513, 448, 590], "bbox2": [381, 458, 423, 467], "obj1": "sofa", "obj2": "person", "relationship": "sit on"}}, {"filename1": "6915517513_8f95acd872_b.jpg", "filename2": "803890582_5ea0460aa0_b.jpg", "positive": {"bbox1": [261, 590, 2, 457], "bbox2": [179, 597, 86, 358], "obj1": "sofa", "obj2": "person", "relationship": "look"}, "negative": {"bbox1": [579, 766, 2, 567], "bbox2": [102, 766, 145, 555], "obj1": "sofa", "obj2": "person", "relationship": "in the front of"}}, {"filename1": "6915517513_8f95acd872_b.jpg", "filename2": "448804010_2cb9f5ed25_o.jpg", "positive": {"bbox1": [261, 590, 2, 457], "bbox2": [179, 597, 86, 358], "obj1": "sofa", "obj2": "person", "relationship": "look"}, "negative": {"bbox1": [135, 309, 2, 230], "bbox2": [30, 163, 15, 115], "obj1": "sofa", "obj2": "person", "relationship": "lean on"}}, {"filename1": "6915517513_8f95acd872_b.jpg", "filename2": "341359951_23d185b673_o.jpg", "positive": {"bbox1": [261, 590, 2, 457], "bbox2": [179, 597, 86, 358], "obj1": "sofa", "obj2": "person", "relationship": "look"}, "negative": {"bbox1": [300, 692, 116, 803], "bbox2": [52, 752, 205, 544], "obj1": "sofa", "obj2": "person", "relationship": "by"}}, {"filename1": "6915517513_8f95acd872_b.jpg", "filename2": "2600212326_0d1a473c83_b.jpg", "positive": {"bbox1": [261, 590, 2, 457], "bbox2": [179, 597, 86, 358], "obj1": "sofa", "obj2": "person", "relationship": "look"}, "negative": {"bbox1": [329, 763, 7, 786], "bbox2": [219, 713, 478, 796], "obj1": "sofa", "obj2": "person", "relationship": "on"}}, {"filename1": "6915517513_8f95acd872_b.jpg", "filename2": "1287355133_53f4b3435b_o.jpg", "positive": {"bbox1": [261, 590, 2, 457], "bbox2": [179, 597, 86, 358], "obj1": "sofa", "obj2": "person", "relationship": "look"}, "negative": {"bbox1": [148, 372, 130, 800], "bbox2": [71, 362, 197, 541], "obj1": "sofa", "obj2": "person", "relationship": "above"}}, {"filename1": "6915517513_8f95acd872_b.jpg", "filename2": "337505168_903fa2bb0d_b.jpg", "positive": {"bbox1": [261, 590, 2, 457], "bbox2": [179, 597, 86, 358], "obj1": "sofa", "obj2": "person", "relationship": "look"}, "negative": {"bbox1": [430, 667, 843, 1023], "bbox2": [394, 515, 845, 953], "obj1": "sofa", "obj2": "person", "relationship": "on"}}, {"filename1": "6915517513_8f95acd872_b.jpg", "filename2": "2557616124_5033660437_b.jpg", "positive": {"bbox1": [261, 590, 2, 457], "bbox2": [179, 597, 86, 358], "obj1": "sofa", "obj2": "person", "relationship": "look"}, "negative": {"bbox1": [271, 699, 1, 529], "bbox2": [179, 562, 335, 567], "obj1": "sofa", "obj2": "person", "relationship": "sit on"}}, {"filename1": "6915517513_8f95acd872_b.jpg", "filename2": "8079425504_3b93e3fae3_b.jpg", "positive": {"bbox1": [261, 590, 2, 457], "bbox2": [179, 597, 86, 358], "obj1": "sofa", "obj2": "person", "relationship": "look"}, "negative": {"bbox1": [434, 1015, 363, 678], "bbox2": [36, 1012, 137, 455], "obj1": "sofa", "obj2": "person", "relationship": "by"}}, {"filename1": "6915517513_8f95acd872_b.jpg", "filename2": "3051610946_68d10bab71_o.jpg", "positive": {"bbox1": [261, 590, 2, 457], "bbox2": [179, 597, 86, 358], "obj1": "sofa", "obj2": "person", "relationship": "look"}, "negative": {"bbox1": [246, 577, 400, 681], "bbox2": [171, 510, 433, 681], "obj1": "sofa", "obj2": "person", "relationship": "on"}}, {"filename1": "6915517513_8f95acd872_b.jpg", "filename2": "2464743434_6c87ffbec4_b.jpg", "positive": {"bbox1": [261, 590, 2, 457], "bbox2": [179, 597, 86, 358], "obj1": "sofa", "obj2": "person", "relationship": "look"}, "negative": {"bbox1": [328, 1003, 3, 680], "bbox2": [185, 335, 1, 112], "obj1": "sofa", "obj2": "person", "relationship": "behind"}}, {"filename1": "6915517513_8f95acd872_b.jpg", "filename2": "719883855_0e4dfeb348_o.jpg", "positive": {"bbox1": [261, 590, 2, 457], "bbox2": [179, 597, 86, 358], "obj1": "sofa", "obj2": "person", "relationship": "look"}, "negative": {"bbox1": [434, 912, 3, 722], "bbox2": [529, 831, 529, 847], "obj1": "sofa", "obj2": "person", "relationship": "against"}}, {"filename1": "6915517513_8f95acd872_b.jpg", "filename2": "4214979990_f2d2c46520_b.jpg", "positive": {"bbox1": [261, 590, 2, 457], "bbox2": [179, 597, 86, 358], "obj1": "sofa", "obj2": "person", "relationship": "look"}, "negative": {"bbox1": [239, 705, 14, 1022], "bbox2": [172, 705, 242, 588], "obj1": "sofa", "obj2": "person", "relationship": "sit on"}}, {"filename1": "180218001_dc11c5ebe8_o.jpg", "filename2": "523628458_fabab83cbc_o.jpg", "positive": {"bbox1": [88, 361, 499, 780], "bbox2": [462, 810, 107, 218], "obj1": "kite", "obj2": "person", "relationship": "look"}, "negative": {"bbox1": [251, 556, 949, 1277], "bbox2": [390, 892, 46, 196], "obj1": "kite", "obj2": "person", "relationship": "fly"}}, {"filename1": "180218001_dc11c5ebe8_o.jpg", "filename2": "3399252741_f9646c2711_b.jpg", "positive": {"bbox1": [88, 361, 499, 780], "bbox2": [462, 810, 107, 218], "obj1": "kite", "obj2": "person", "relationship": "look"}, "negative": {"bbox1": [335, 584, 94, 291], "bbox2": [340, 938, 558, 766], "obj1": "kite", "obj2": "person", "relationship": "fly"}}, {"filename1": "180218001_dc11c5ebe8_o.jpg", "filename2": "257099253_9161872c7b_b.jpg", "positive": {"bbox1": [88, 361, 499, 780], "bbox2": [462, 810, 107, 218], "obj1": "kite", "obj2": "person", "relationship": "look"}, "negative": {"bbox1": [302, 413, 180, 242], "bbox2": [704, 738, 710, 748], "obj1": "kite", "obj2": "person", "relationship": "fly"}}, {"filename1": "180218001_dc11c5ebe8_o.jpg", "filename2": "3524120106_02fce9c97a_b.jpg", "positive": {"bbox1": [88, 361, 499, 780], "bbox2": [462, 810, 107, 218], "obj1": "kite", "obj2": "person", "relationship": "look"}, "negative": {"bbox1": [149, 219, 556, 592], "bbox2": [320, 491, 273, 370], "obj1": "kite", "obj2": "person", "relationship": "fly"}}, {"filename1": "180218001_dc11c5ebe8_o.jpg", "filename2": "3524120106_02fce9c97a_b.jpg", "positive": {"bbox1": [88, 361, 499, 780], "bbox2": [462, 810, 107, 218], "obj1": "kite", "obj2": "person", "relationship": "look"}, "negative": {"bbox1": [149, 219, 556, 592], "bbox2": [393, 443, 695, 726], "obj1": "kite", "obj2": "person", "relationship": "under"}}, {"filename1": "180218001_dc11c5ebe8_o.jpg", "filename2": "7152546589_51fa6f2b2c_b.jpg", "positive": {"bbox1": [88, 361, 499, 780], "bbox2": [462, 810, 107, 218], "obj1": "kite", "obj2": "person", "relationship": "look"}, "negative": {"bbox1": [59, 579, 329, 661], "bbox2": [85, 122, 372, 390], "obj1": "kite", "obj2": "person", "relationship": "under"}}, {"filename1": "180218001_dc11c5ebe8_o.jpg", "filename2": "7152546589_51fa6f2b2c_b.jpg", "positive": {"bbox1": [88, 361, 499, 780], "bbox2": [462, 810, 107, 218], "obj1": "kite", "obj2": "person", "relationship": "look"}, "negative": {"bbox1": [59, 579, 329, 661], "bbox2": [85, 122, 372, 390], "obj1": "kite", "obj2": "person", "relationship": "watch"}}, {"filename1": "180218001_dc11c5ebe8_o.jpg", "filename2": "4433556373_ddfabedff5_o.jpg", "positive": {"bbox1": [88, 361, 499, 780], "bbox2": [462, 810, 107, 218], "obj1": "kite", "obj2": "person", "relationship": "look"}, "negative": {"bbox1": [445, 498, 241, 334], "bbox2": [462, 800, 258, 511], "obj1": "kite", "obj2": "person", "relationship": "fly"}}, {"filename1": "180218001_dc11c5ebe8_o.jpg", "filename2": "5267114933_94a1cabde2_b.jpg", "positive": {"bbox1": [88, 361, 499, 780], "bbox2": [462, 810, 107, 218], "obj1": "kite", "obj2": "person", "relationship": "look"}, "negative": {"bbox1": [311, 493, 476, 631], "bbox2": [430, 768, 446, 608], "obj1": "kite", "obj2": "person", "relationship": "under"}}, {"filename1": "180218001_dc11c5ebe8_o.jpg", "filename2": "3395657247_d6374c8149_b.jpg", "positive": {"bbox1": [88, 361, 499, 780], "bbox2": [462, 810, 107, 218], "obj1": "kite", "obj2": "person", "relationship": "look"}, "negative": {"bbox1": [248, 325, 479, 544], "bbox2": [197, 511, 154, 288], "obj1": "kite", "obj2": "person", "relationship": "hold"}}, {"filename1": "180218001_dc11c5ebe8_o.jpg", "filename2": "174733606_147c9f7504_b.jpg", "positive": {"bbox1": [88, 361, 499, 780], "bbox2": [462, 810, 107, 218], "obj1": "kite", "obj2": "person", "relationship": "look"}, "negative": {"bbox1": [172, 209, 507, 546], "bbox2": [122, 736, 547, 886], "obj1": "kite", "obj2": "person", "relationship": "fly"}}, {"filename1": "180218001_dc11c5ebe8_o.jpg", "filename2": "96962166_b98a28206a_o.jpg", "positive": {"bbox1": [88, 361, 499, 780], "bbox2": [462, 810, 107, 218], "obj1": "kite", "obj2": "person", "relationship": "look"}, "negative": {"bbox1": [59, 480, 30, 567], "bbox2": [193, 470, 196, 367], "obj1": "kite", "obj2": "person", "relationship": "fly"}}, {"filename1": "180218001_dc11c5ebe8_o.jpg", "filename2": "96962166_b98a28206a_o.jpg", "positive": {"bbox1": [88, 361, 499, 780], "bbox2": [462, 810, 107, 218], "obj1": "kite", "obj2": "person", "relationship": "look"}, "negative": {"bbox1": [59, 480, 30, 567], "bbox2": [193, 470, 196, 367], "obj1": "kite", "obj2": "person", "relationship": "below"}}, {"filename1": "180218001_dc11c5ebe8_o.jpg", "filename2": "96962166_b98a28206a_o.jpg", "positive": {"bbox1": [88, 361, 499, 780], "bbox2": [462, 810, 107, 218], "obj1": "kite", "obj2": "person", "relationship": "look"}, "negative": {"bbox1": [59, 480, 30, 567], "bbox2": [193, 470, 196, 367], "obj1": "kite", "obj2": "person", "relationship": "hold"}}, {"filename1": "180218001_dc11c5ebe8_o.jpg", "filename2": "4433860306_64fd032fe7_b.jpg", "positive": {"bbox1": [88, 361, 499, 780], "bbox2": [462, 810, 107, 218], "obj1": "kite", "obj2": "person", "relationship": "look"}, "negative": {"bbox1": [179, 303, 542, 649], "bbox2": [166, 313, 410, 498], "obj1": "kite", "obj2": "person", "relationship": "on the left of"}}, {"filename1": "180218001_dc11c5ebe8_o.jpg", "filename2": "4433860306_64fd032fe7_b.jpg", "positive": {"bbox1": [88, 361, 499, 780], "bbox2": [462, 810, 107, 218], "obj1": "kite", "obj2": "person", "relationship": "look"}, "negative": {"bbox1": [245, 618, 231, 658], "bbox2": [223, 608, 606, 737], "obj1": "kite", "obj2": "person", "relationship": "hold"}}, {"filename1": "180218001_dc11c5ebe8_o.jpg", "filename2": "360450155_a00b8d55f2_b.jpg", "positive": {"bbox1": [88, 361, 499, 780], "bbox2": [462, 810, 107, 218], "obj1": "kite", "obj2": "person", "relationship": "look"}, "negative": {"bbox1": [472, 632, 613, 797], "bbox2": [380, 694, 645, 773], "obj1": "kite", "obj2": "person", "relationship": "hold"}}, {"filename1": "180218001_dc11c5ebe8_o.jpg", "filename2": "360450155_a00b8d55f2_b.jpg", "positive": {"bbox1": [88, 361, 499, 780], "bbox2": [462, 810, 107, 218], "obj1": "kite", "obj2": "person", "relationship": "look"}, "negative": {"bbox1": [353, 507, 1, 152], "bbox2": [246, 681, 2, 178], "obj1": "kite", "obj2": "person", "relationship": "hold"}}, {"filename1": "180218001_dc11c5ebe8_o.jpg", "filename2": "360450155_a00b8d55f2_b.jpg", "positive": {"bbox1": [88, 361, 499, 780], "bbox2": [462, 810, 107, 218], "obj1": "kite", "obj2": "person", "relationship": "look"}, "negative": {"bbox1": [272, 441, 760, 976], "bbox2": [220, 681, 838, 965], "obj1": "kite", "obj2": "person", "relationship": "hold"}}, {"filename1": "180218001_dc11c5ebe8_o.jpg", "filename2": "360450155_a00b8d55f2_b.jpg", "positive": {"bbox1": [88, 361, 499, 780], "bbox2": [462, 810, 107, 218], "obj1": "kite", "obj2": "person", "relationship": "look"}, "negative": {"bbox1": [17, 157, 423, 575], "bbox2": [110, 641, 405, 590], "obj1": "kite", "obj2": "person", "relationship": "hold"}}, {"filename1": "180218001_dc11c5ebe8_o.jpg", "filename2": "194872763_0593c92057_b.jpg", "positive": {"bbox1": [88, 361, 499, 780], "bbox2": [462, 810, 107, 218], "obj1": "kite", "obj2": "person", "relationship": "look"}, "negative": {"bbox1": [229, 282, 165, 215], "bbox2": [649, 884, 315, 420], "obj1": "kite", "obj2": "person", "relationship": "fly"}}, {"filename1": "180218001_dc11c5ebe8_o.jpg", "filename2": "194872763_0593c92057_b.jpg", "positive": {"bbox1": [88, 361, 499, 780], "bbox2": [462, 810, 107, 218], "obj1": "kite", "obj2": "person", "relationship": "look"}, "negative": {"bbox1": [156, 185, 490, 521], "bbox2": [654, 814, 535, 632], "obj1": "kite", "obj2": "person", "relationship": "fly"}}, {"filename1": "180218001_dc11c5ebe8_o.jpg", "filename2": "2344877974_328ae71769_b.jpg", "positive": {"bbox1": [88, 361, 499, 780], "bbox2": [462, 810, 107, 218], "obj1": "kite", "obj2": "person", "relationship": "look"}, "negative": {"bbox1": [49, 97, 609, 826], "bbox2": [322, 680, 495, 668], "obj1": "kite", "obj2": "person", "relationship": "below"}}, {"filename1": "180218001_dc11c5ebe8_o.jpg", "filename2": "2344877974_328ae71769_b.jpg", "positive": {"bbox1": [88, 361, 499, 780], "bbox2": [462, 810, 107, 218], "obj1": "kite", "obj2": "person", "relationship": "look"}, "negative": {"bbox1": [49, 97, 609, 826], "bbox2": [257, 433, 524, 632], "obj1": "kite", "obj2": "person", "relationship": "below"}}, {"filename1": "180218001_dc11c5ebe8_o.jpg", "filename2": "655943072_b41d8cb0e8_b.jpg", "positive": {"bbox1": [88, 361, 499, 780], "bbox2": [462, 810, 107, 218], "obj1": "kite", "obj2": "person", "relationship": "look"}, "negative": {"bbox1": [13, 689, 197, 767], "bbox2": [676, 896, 116, 209], "obj1": "kite", "obj2": "person", "relationship": "hold"}}, {"filename1": "180218001_dc11c5ebe8_o.jpg", "filename2": "655943072_b41d8cb0e8_b.jpg", "positive": {"bbox1": [88, 361, 499, 780], "bbox2": [462, 810, 107, 218], "obj1": "kite", "obj2": "person", "relationship": "look"}, "negative": {"bbox1": [13, 689, 197, 767], "bbox2": [676, 896, 116, 209], "obj1": "kite", "obj2": "person", "relationship": "hold"}}, {"filename1": "180218001_dc11c5ebe8_o.jpg", "filename2": "6665990339_d9ce91180b_b.jpg", "positive": {"bbox1": [88, 361, 499, 780], "bbox2": [462, 810, 107, 218], "obj1": "kite", "obj2": "person", "relationship": "look"}, "negative": {"bbox1": [107, 190, 519, 610], "bbox2": [329, 363, 213, 226], "obj1": "kite", "obj2": "person", "relationship": "under"}}, {"filename1": "180218001_dc11c5ebe8_o.jpg", "filename2": "5086731538_ece3200089_b.jpg", "positive": {"bbox1": [88, 361, 499, 780], "bbox2": [462, 810, 107, 218], "obj1": "kite", "obj2": "person", "relationship": "look"}, "negative": {"bbox1": [399, 449, 517, 546], "bbox2": [589, 634, 521, 556], "obj1": "kite", "obj2": "person", "relationship": "fly"}}, {"filename1": "1807338675_5e13fe07f9_o.jpg", "filename2": "141024523_bfe05f97de_b.jpg", "positive": {"bbox1": [411, 618, 426, 688], "bbox2": [467, 1200, 159, 406], "obj1": "monitor", "obj2": "person", "relationship": "look"}, "negative": {"bbox1": [71, 432, 477, 883], "bbox2": [309, 694, 796, 1020], "obj1": "monitor", "obj2": "person", "relationship": "near"}}, {"filename1": "1807338675_5e13fe07f9_o.jpg", "filename2": "3333655642_b9231980be_o.jpg", "positive": {"bbox1": [411, 618, 426, 688], "bbox2": [467, 1200, 159, 406], "obj1": "monitor", "obj2": "person", "relationship": "look"}, "negative": {"bbox1": [177, 346, 389, 543], "bbox2": [22, 478, 104, 495], "obj1": "monitor", "obj2": "person", "relationship": "in the front of"}}, {"filename1": "1807338675_5e13fe07f9_o.jpg", "filename2": "3042886816_cf64cfe392_b.jpg", "positive": {"bbox1": [411, 618, 426, 688], "bbox2": [467, 1200, 159, 406], "obj1": "monitor", "obj2": "person", "relationship": "look"}, "negative": {"bbox1": [155, 476, 8, 248], "bbox2": [92, 155, 33, 181], "obj1": "monitor", "obj2": "person", "relationship": "on"}}, {"filename1": "1807338675_5e13fe07f9_o.jpg", "filename2": "2572601371_1da2548d91_b.jpg", "positive": {"bbox1": [411, 618, 426, 688], "bbox2": [467, 1200, 159, 406], "obj1": "monitor", "obj2": "person", "relationship": "look"}, "negative": {"bbox1": [101, 376, 759, 1023], "bbox2": [27, 718, 204, 650], "obj1": "monitor", "obj2": "person", "relationship": "in the front of"}}, {"filename1": "1807338675_5e13fe07f9_o.jpg", "filename2": "3016201881_63f844f03a_o.jpg", "positive": {"bbox1": [411, 618, 426, 688], "bbox2": [467, 1200, 159, 406], "obj1": "monitor", "obj2": "person", "relationship": "look"}, "negative": {"bbox1": [356, 502, 820, 946], "bbox2": [128, 748, 149, 561], "obj1": "monitor", "obj2": "person", "relationship": "in the front of"}}, {"filename1": "1807338675_5e13fe07f9_o.jpg", "filename2": "422206297_c343a8f683_o.jpg", "positive": {"bbox1": [411, 618, 426, 688], "bbox2": [467, 1200, 159, 406], "obj1": "monitor", "obj2": "person", "relationship": "look"}, "negative": {"bbox1": [112, 348, 103, 338], "bbox2": [54, 608, 291, 720], "obj1": "monitor", "obj2": "person", "relationship": "next to"}}, {"filename1": "1807338675_5e13fe07f9_o.jpg", "filename2": "422206297_c343a8f683_o.jpg", "positive": {"bbox1": [411, 618, 426, 688], "bbox2": [467, 1200, 159, 406], "obj1": "monitor", "obj2": "person", "relationship": "look"}, "negative": {"bbox1": [112, 348, 103, 338], "bbox2": [51, 606, 295, 720], "obj1": "monitor", "obj2": "person", "relationship": "next to"}}, {"filename1": "1807338675_5e13fe07f9_o.jpg", "filename2": "275375865_dc55a367eb_b.jpg", "positive": {"bbox1": [411, 618, 426, 688], "bbox2": [467, 1200, 159, 406], "obj1": "monitor", "obj2": "person", "relationship": "look"}, "negative": {"bbox1": [111, 210, 504, 603], "bbox2": [427, 758, 306, 589], "obj1": "monitor", "obj2": "person", "relationship": "under"}}, {"filename1": "1807338675_5e13fe07f9_o.jpg", "filename2": "2082432785_8fe8c6b947_o.jpg", "positive": {"bbox1": [411, 618, 426, 688], "bbox2": [467, 1200, 159, 406], "obj1": "monitor", "obj2": "person", "relationship": "look"}, "negative": {"bbox1": [149, 419, 1, 241], "bbox2": [342, 751, 764, 1157], "obj1": "monitor", "obj2": "person", "relationship": "watch"}}, {"filename1": "1807338675_5e13fe07f9_o.jpg", "filename2": "2082432785_8fe8c6b947_o.jpg", "positive": {"bbox1": [411, 618, 426, 688], "bbox2": [467, 1200, 159, 406], "obj1": "monitor", "obj2": "person", "relationship": "look"}, "negative": {"bbox1": [149, 419, 1, 241], "bbox2": [145, 517, 571, 814], "obj1": "monitor", "obj2": "person", "relationship": "watch"}}, {"filename1": "1807338675_5e13fe07f9_o.jpg", "filename2": "8689104212_5d5d6f61b9_b.jpg", "positive": {"bbox1": [411, 618, 426, 688], "bbox2": [467, 1200, 159, 406], "obj1": "monitor", "obj2": "person", "relationship": "look"}, "negative": {"bbox1": [260, 478, 359, 657], "bbox2": [377, 477, 230, 282], "obj1": "monitor", "obj2": "person", "relationship": "next to"}}, {"filename1": "1807338675_5e13fe07f9_o.jpg", "filename2": "130257884_efccb9e99e_o.jpg", "positive": {"bbox1": [411, 618, 426, 688], "bbox2": [467, 1200, 159, 406], "obj1": "monitor", "obj2": "person", "relationship": "look"}, "negative": {"bbox1": [57, 488, 98, 638], "bbox2": [190, 452, 641, 779], "obj1": "monitor", "obj2": "person", "relationship": "beside"}}, {"filename1": "1807338675_5e13fe07f9_o.jpg", "filename2": "2970889362_976f4461c8_b.jpg", "positive": {"bbox1": [411, 618, 426, 688], "bbox2": [467, 1200, 159, 406], "obj1": "monitor", "obj2": "person", "relationship": "look"}, "negative": {"bbox1": [294, 500, 481, 732], "bbox2": [135, 300, 402, 609], "obj1": "monitor", "obj2": "person", "relationship": "stand next to"}}, {"filename1": "1807338675_5e13fe07f9_o.jpg", "filename2": "416484146_115e477478_o.jpg", "positive": {"bbox1": [411, 618, 426, 688], "bbox2": [467, 1200, 159, 406], "obj1": "monitor", "obj2": "person", "relationship": "look"}, "negative": {"bbox1": [91, 197, 537, 620], "bbox2": [144, 243, 526, 601], "obj1": "monitor", "obj2": "person", "relationship": "near"}}, {"filename1": "1807338675_5e13fe07f9_o.jpg", "filename2": "416484146_115e477478_o.jpg", "positive": {"bbox1": [411, 618, 426, 688], "bbox2": [467, 1200, 159, 406], "obj1": "monitor", "obj2": "person", "relationship": "look"}, "negative": {"bbox1": [91, 197, 537, 620], "bbox2": [144, 243, 526, 601], "obj1": "monitor", "obj2": "person", "relationship": "by"}}, {"filename1": "1807338675_5e13fe07f9_o.jpg", "filename2": "149499288_0eb1172e1d_b.jpg", "positive": {"bbox1": [411, 618, 426, 688], "bbox2": [467, 1200, 159, 406], "obj1": "monitor", "obj2": "person", "relationship": "look"}, "negative": {"bbox1": [147, 426, 406, 646], "bbox2": [307, 417, 642, 695], "obj1": "monitor", "obj2": "person", "relationship": "behind"}}, {"filename1": "1807338675_5e13fe07f9_o.jpg", "filename2": "2433344230_04bcccc85b_o.png", "positive": {"bbox1": [411, 618, 426, 688], "bbox2": [467, 1200, 159, 406], "obj1": "monitor", "obj2": "person", "relationship": "look"}, "negative": {"bbox1": [242, 379, 181, 308], "bbox2": [139, 252, 176, 269], "obj1": "monitor", "obj2": "person", "relationship": "by"}}, {"filename1": "1807338675_5e13fe07f9_o.jpg", "filename2": "4011187781_71a3dd6fa9_o.jpg", "positive": {"bbox1": [411, 618, 426, 688], "bbox2": [467, 1200, 159, 406], "obj1": "monitor", "obj2": "person", "relationship": "look"}, "negative": {"bbox1": [14, 145, 141, 375], "bbox2": [260, 519, 5, 198], "obj1": "monitor", "obj2": "person", "relationship": "under"}}, {"filename1": "1807338675_5e13fe07f9_o.jpg", "filename2": "4011187781_71a3dd6fa9_o.jpg", "positive": {"bbox1": [411, 618, 426, 688], "bbox2": [467, 1200, 159, 406], "obj1": "monitor", "obj2": "person", "relationship": "look"}, "negative": {"bbox1": [14, 145, 141, 375], "bbox2": [260, 519, 5, 198], "obj1": "monitor", "obj2": "person", "relationship": "near"}}, {"filename1": "1807338675_5e13fe07f9_o.jpg", "filename2": "4011187781_71a3dd6fa9_o.jpg", "positive": {"bbox1": [411, 618, 426, 688], "bbox2": [467, 1200, 159, 406], "obj1": "monitor", "obj2": "person", "relationship": "look"}, "negative": {"bbox1": [14, 145, 141, 375], "bbox2": [260, 519, 5, 198], "obj1": "monitor", "obj2": "person", "relationship": "beneath"}}, {"filename1": "5628092207_ac97d56001_b.jpg", "filename2": "5211580065_63580310fb_b.jpg", "positive": {"bbox1": [102, 365, 317, 544], "bbox2": [51, 590, 145, 348], "obj1": "elephant", "obj2": "person", "relationship": "look"}, "negative": {"bbox1": [418, 1022, 2, 667], "bbox2": [144, 713, 183, 445], "obj1": "elephant", "obj2": "person", "relationship": "on the top of"}}, {"filename1": "5628092207_ac97d56001_b.jpg", "filename2": "4930736762_817ec6e7d1_b.jpg", "positive": {"bbox1": [102, 365, 317, 544], "bbox2": [51, 590, 145, 348], "obj1": "elephant", "obj2": "person", "relationship": "look"}, "negative": {"bbox1": [65, 1004, 193, 698], "bbox2": [461, 995, 135, 285], "obj1": "elephant", "obj2": "person", "relationship": "near"}}, {"filename1": "5628092207_ac97d56001_b.jpg", "filename2": "4930736762_817ec6e7d1_b.jpg", "positive": {"bbox1": [102, 365, 317, 544], "bbox2": [51, 590, 145, 348], "obj1": "elephant", "obj2": "person", "relationship": "look"}, "negative": {"bbox1": [65, 1004, 193, 698], "bbox2": [458, 999, 132, 305], "obj1": "elephant", "obj2": "person", "relationship": "next to"}}, {"filename1": "5628092207_ac97d56001_b.jpg", "filename2": "4930736762_817ec6e7d1_b.jpg", "positive": {"bbox1": [102, 365, 317, 544], "bbox2": [51, 590, 145, 348], "obj1": "elephant", "obj2": "person", "relationship": "look"}, "negative": {"bbox1": [65, 1004, 193, 698], "bbox2": [458, 999, 132, 305], "obj1": "elephant", "obj2": "person", "relationship": "next to"}}, {"filename1": "5628092207_ac97d56001_b.jpg", "filename2": "5922077462_e9df76e034_b.jpg", "positive": {"bbox1": [102, 365, 317, 544], "bbox2": [51, 590, 145, 348], "obj1": "elephant", "obj2": "person", "relationship": "look"}, "negative": {"bbox1": [8, 644, 496, 1024], "bbox2": [204, 618, 485, 627], "obj1": "elephant", "obj2": "person", "relationship": "behind"}}, {"filename1": "5628092207_ac97d56001_b.jpg", "filename2": "92070121_802365d723_b.jpg", "positive": {"bbox1": [102, 365, 317, 544], "bbox2": [51, 590, 145, 348], "obj1": "elephant", "obj2": "person", "relationship": "look"}, "negative": {"bbox1": [2, 549, 379, 1022], "bbox2": [401, 765, 195, 372], "obj1": "elephant", "obj2": "person", "relationship": "feed"}}, {"filename1": "5628092207_ac97d56001_b.jpg", "filename2": "92070121_802365d723_b.jpg", "positive": {"bbox1": [102, 365, 317, 544], "bbox2": [51, 590, 145, 348], "obj1": "elephant", "obj2": "person", "relationship": "look"}, "negative": {"bbox1": [2, 549, 379, 1022], "bbox2": [401, 765, 195, 372], "obj1": "elephant", "obj2": "person", "relationship": "in the front of"}}, {"filename1": "5628092207_ac97d56001_b.jpg", "filename2": "5547013860_96f562f144_b.jpg", "positive": {"bbox1": [102, 365, 317, 544], "bbox2": [51, 590, 145, 348], "obj1": "elephant", "obj2": "person", "relationship": "look"}, "negative": {"bbox1": [177, 583, 162, 380], "bbox2": [114, 155, 222, 260], "obj1": "elephant", "obj2": "person", "relationship": "sit on"}}, {"filename1": "5628092207_ac97d56001_b.jpg", "filename2": "6972301174_0d9156b606_b.jpg", "positive": {"bbox1": [102, 365, 317, 544], "bbox2": [51, 590, 145, 348], "obj1": "elephant", "obj2": "person", "relationship": "look"}, "negative": {"bbox1": [173, 766, 7, 480], "bbox2": [2, 228, 1, 163], "obj1": "elephant", "obj2": "person", "relationship": "on"}}, {"filename1": "5628092207_ac97d56001_b.jpg", "filename2": "6972301174_0d9156b606_b.jpg", "positive": {"bbox1": [102, 365, 317, 544], "bbox2": [51, 590, 145, 348], "obj1": "elephant", "obj2": "person", "relationship": "look"}, "negative": {"bbox1": [173, 766, 7, 480], "bbox2": [2, 228, 1, 163], "obj1": "elephant", "obj2": "person", "relationship": "above"}}, {"filename1": "5628092207_ac97d56001_b.jpg", "filename2": "5194414645_d509bd8a17_b.jpg", "positive": {"bbox1": [102, 365, 317, 544], "bbox2": [51, 590, 145, 348], "obj1": "elephant", "obj2": "person", "relationship": "look"}, "negative": {"bbox1": [247, 525, 63, 299], "bbox2": [4, 672, 556, 1021], "obj1": "elephant", "obj2": "person", "relationship": "in the front of"}}, {"filename1": "5628092207_ac97d56001_b.jpg", "filename2": "7490406162_b45604a25c_b.jpg", "positive": {"bbox1": [102, 365, 317, 544], "bbox2": [51, 590, 145, 348], "obj1": "elephant", "obj2": "person", "relationship": "look"}, "negative": {"bbox1": [223, 550, 406, 814], "bbox2": [127, 259, 678, 748], "obj1": "elephant", "obj2": "person", "relationship": "on"}}, {"filename1": "5628092207_ac97d56001_b.jpg", "filename2": "7490406162_b45604a25c_b.jpg", "positive": {"bbox1": [102, 365, 317, 544], "bbox2": [51, 590, 145, 348], "obj1": "elephant", "obj2": "person", "relationship": "look"}, "negative": {"bbox1": [223, 550, 406, 814], "bbox2": [127, 259, 678, 748], "obj1": "elephant", "obj2": "person", "relationship": "ride"}}, {"filename1": "5628092207_ac97d56001_b.jpg", "filename2": "7490406162_b45604a25c_b.jpg", "positive": {"bbox1": [102, 365, 317, 544], "bbox2": [51, 590, 145, 348], "obj1": "elephant", "obj2": "person", "relationship": "look"}, "negative": {"bbox1": [223, 550, 406, 814], "bbox2": [427, 630, 196, 241], "obj1": "elephant", "obj2": "person", "relationship": "near"}}, {"filename1": "5628092207_ac97d56001_b.jpg", "filename2": "5693728955_288c6d7d26_b.jpg", "positive": {"bbox1": [102, 365, 317, 544], "bbox2": [51, 590, 145, 348], "obj1": "elephant", "obj2": "person", "relationship": "look"}, "negative": {"bbox1": [112, 685, 144, 930], "bbox2": [341, 767, 770, 955], "obj1": "elephant", "obj2": "person", "relationship": "in the front of"}}, {"filename1": "5628092207_ac97d56001_b.jpg", "filename2": "9210783409_93fee826e5_b.jpg", "positive": {"bbox1": [102, 365, 317, 544], "bbox2": [51, 590, 145, 348], "obj1": "elephant", "obj2": "person", "relationship": "look"}, "negative": {"bbox1": [415, 830, 1, 535], "bbox2": [272, 499, 137, 269], "obj1": "elephant", "obj2": "person", "relationship": "ride"}}, {"filename1": "5628092207_ac97d56001_b.jpg", "filename2": "9210783409_93fee826e5_b.jpg", "positive": {"bbox1": [102, 365, 317, 544], "bbox2": [51, 590, 145, 348], "obj1": "elephant", "obj2": "person", "relationship": "look"}, "negative": {"bbox1": [415, 830, 1, 535], "bbox2": [340, 472, 222, 330], "obj1": "elephant", "obj2": "person", "relationship": "ride"}}, {"filename1": "5628092207_ac97d56001_b.jpg", "filename2": "9210783409_93fee826e5_b.jpg", "positive": {"bbox1": [102, 365, 317, 544], "bbox2": [51, 590, 145, 348], "obj1": "elephant", "obj2": "person", "relationship": "look"}, "negative": {"bbox1": [415, 830, 1, 535], "bbox2": [514, 832, 509, 622], "obj1": "elephant", "obj2": "person", "relationship": "next to"}}, {"filename1": "5628092207_ac97d56001_b.jpg", "filename2": "7062560387_65ab35db5a_b.jpg", "positive": {"bbox1": [102, 365, 317, 544], "bbox2": [51, 590, 145, 348], "obj1": "elephant", "obj2": "person", "relationship": "look"}, "negative": {"bbox1": [138, 637, 139, 756], "bbox2": [16, 208, 349, 436], "obj1": "elephant", "obj2": "person", "relationship": "on"}}, {"filename1": "5628092207_ac97d56001_b.jpg", "filename2": "7062560387_65ab35db5a_b.jpg", "positive": {"bbox1": [102, 365, 317, 544], "bbox2": [51, 590, 145, 348], "obj1": "elephant", "obj2": "person", "relationship": "look"}, "negative": {"bbox1": [138, 637, 139, 756], "bbox2": [301, 537, 74, 152], "obj1": "elephant", "obj2": "person", "relationship": "next to"}}, {"filename1": "5628092207_ac97d56001_b.jpg", "filename2": "5914405574_9e9a7f6d68_b.jpg", "positive": {"bbox1": [102, 365, 317, 544], "bbox2": [51, 590, 145, 348], "obj1": "elephant", "obj2": "person", "relationship": "look"}, "negative": {"bbox1": [16, 508, 8, 525], "bbox2": [430, 970, 378, 554], "obj1": "elephant", "obj2": "person", "relationship": "next to"}}, {"filename1": "5628092207_ac97d56001_b.jpg", "filename2": "5914405574_9e9a7f6d68_b.jpg", "positive": {"bbox1": [102, 365, 317, 544], "bbox2": [51, 590, 145, 348], "obj1": "elephant", "obj2": "person", "relationship": "look"}, "negative": {"bbox1": [16, 508, 8, 525], "bbox2": [430, 970, 378, 554], "obj1": "elephant", "obj2": "person", "relationship": "stand next to"}}, {"filename1": "5628092207_ac97d56001_b.jpg", "filename2": "5914405574_9e9a7f6d68_b.jpg", "positive": {"bbox1": [102, 365, 317, 544], "bbox2": [51, 590, 145, 348], "obj1": "elephant", "obj2": "person", "relationship": "look"}, "negative": {"bbox1": [16, 508, 8, 525], "bbox2": [430, 970, 378, 554], "obj1": "elephant", "obj2": "person", "relationship": "near"}}, {"filename1": "4408933119_eef02b45d3_b.jpg", "filename2": "3636979260_8d2c4d5a34_b.jpg", "positive": {"bbox1": [388, 766, 718, 1023], "bbox2": [98, 767, 118, 829], "obj1": "computer", "obj2": "person", "relationship": "look"}, "negative": {"bbox1": [333, 514, 470, 670], "bbox2": [284, 767, 150, 469], "obj1": "computer", "obj2": "person", "relationship": "next to"}}, {"filename1": "4408933119_eef02b45d3_b.jpg", "filename2": "2600212326_0d1a473c83_b.jpg", "positive": {"bbox1": [388, 766, 718, 1023], "bbox2": [98, 767, 118, 829], "obj1": "computer", "obj2": "person", "relationship": "look"}, "negative": {"bbox1": [263, 369, 685, 833], "bbox2": [219, 713, 478, 796], "obj1": "computer", "obj2": "person", "relationship": "next to"}}, {"filename1": "4408933119_eef02b45d3_b.jpg", "filename2": "165967425_ae66a4d39e_b.jpg", "positive": {"bbox1": [388, 766, 718, 1023], "bbox2": [98, 767, 118, 829], "obj1": "computer", "obj2": "person", "relationship": "look"}, "negative": {"bbox1": [267, 349, 290, 440], "bbox2": [169, 501, 224, 451], "obj1": "computer", "obj2": "person", "relationship": "behind"}}, {"filename1": "4408933119_eef02b45d3_b.jpg", "filename2": "3533901899_36b4e3d540_o.jpg", "positive": {"bbox1": [388, 766, 718, 1023], "bbox2": [98, 767, 118, 829], "obj1": "computer", "obj2": "person", "relationship": "look"}, "negative": {"bbox1": [301, 403, 275, 467], "bbox2": [191, 345, 268, 340], "obj1": "computer", "obj2": "person", "relationship": "on"}}, {"filename1": "4408933119_eef02b45d3_b.jpg", "filename2": "3533901899_36b4e3d540_o.jpg", "positive": {"bbox1": [388, 766, 718, 1023], "bbox2": [98, 767, 118, 829], "obj1": "computer", "obj2": "person", "relationship": "look"}, "negative": {"bbox1": [301, 403, 275, 467], "bbox2": [191, 345, 268, 340], "obj1": "computer", "obj2": "person", "relationship": "use"}}, {"filename1": "4408933119_eef02b45d3_b.jpg", "filename2": "3627169702_b76201f41b_o.jpg", "positive": {"bbox1": [388, 766, 718, 1023], "bbox2": [98, 767, 118, 829], "obj1": "computer", "obj2": "person", "relationship": "look"}, "negative": {"bbox1": [2, 927, 749, 1277], "bbox2": [1, 166, 1, 161], "obj1": "computer", "obj2": "person", "relationship": "in the front of"}}, {"filename1": "6327449591_43a64fd764_b.jpg", "filename2": "54217796_6fcb4addaa_o.jpg", "positive": {"bbox1": [550, 650, 166, 608], "bbox2": [148, 375, 578, 744], "obj1": "pizza", "obj2": "person", "relationship": "look"}, "negative": {"bbox1": [323, 650, 188, 846], "bbox2": [149, 491, 412, 705], "obj1": "pizza", "obj2": "person", "relationship": "eat"}}, {"filename1": "6327449591_43a64fd764_b.jpg", "filename2": "9370744417_c729c54457_b.jpg", "positive": {"bbox1": [550, 650, 166, 608], "bbox2": [148, 375, 578, 744], "obj1": "pizza", "obj2": "person", "relationship": "look"}, "negative": {"bbox1": [344, 399, 532, 605], "bbox2": [175, 604, 195, 551], "obj1": "pizza", "obj2": "person", "relationship": "in the front of"}}, {"filename1": "6327449591_43a64fd764_b.jpg", "filename2": "6547507981_d3afb6b487_b.jpg", "positive": {"bbox1": [550, 650, 166, 608], "bbox2": [148, 375, 578, 744], "obj1": "pizza", "obj2": "person", "relationship": "look"}, "negative": {"bbox1": [372, 445, 281, 619], "bbox2": [89, 522, 1, 299], "obj1": "pizza", "obj2": "person", "relationship": "behind"}}, {"filename1": "6327449591_43a64fd764_b.jpg", "filename2": "6006488466_dc7558e4a0_b.jpg", "positive": {"bbox1": [550, 650, 166, 608], "bbox2": [148, 375, 578, 744], "obj1": "pizza", "obj2": "person", "relationship": "look"}, "negative": {"bbox1": [243, 309, 264, 367], "bbox2": [153, 634, 109, 380], "obj1": "pizza", "obj2": "person", "relationship": "eat"}}, {"filename1": "6327449591_43a64fd764_b.jpg", "filename2": "8247849517_c394c06c47_b.jpg", "positive": {"bbox1": [550, 650, 166, 608], "bbox2": [148, 375, 578, 744], "obj1": "pizza", "obj2": "person", "relationship": "look"}, "negative": {"bbox1": [695, 857, 293, 666], "bbox2": [305, 588, 316, 648], "obj1": "pizza", "obj2": "person", "relationship": "eat"}}, {"filename1": "6327449591_43a64fd764_b.jpg", "filename2": "9565361170_d54f928d9a_o.jpg", "positive": {"bbox1": [550, 650, 166, 608], "bbox2": [148, 375, 578, 744], "obj1": "pizza", "obj2": "person", "relationship": "look"}, "negative": {"bbox1": [415, 581, 144, 443], "bbox2": [102, 443, 467, 606], "obj1": "pizza", "obj2": "person", "relationship": "near"}}, {"filename1": "6327449591_43a64fd764_b.jpg", "filename2": "6630872395_743f448827_b.jpg", "positive": {"bbox1": [550, 650, 166, 608], "bbox2": [148, 375, 578, 744], "obj1": "pizza", "obj2": "person", "relationship": "look"}, "negative": {"bbox1": [220, 273, 337, 494], "bbox2": [7, 679, 71, 455], "obj1": "pizza", "obj2": "person", "relationship": "hold"}}, {"filename1": "6327449591_43a64fd764_b.jpg", "filename2": "5784081422_6ca2bd292c_b.jpg", "positive": {"bbox1": [550, 650, 166, 608], "bbox2": [148, 375, 578, 744], "obj1": "pizza", "obj2": "person", "relationship": "look"}, "negative": {"bbox1": [349, 409, 306, 388], "bbox2": [133, 676, 313, 726], "obj1": "pizza", "obj2": "person", "relationship": "hold"}}, {"filename1": "8514141980_2c94b4d5aa_b.jpg", "filename2": "9612276764_253ca7b6ba_o.jpg", "positive": {"bbox1": [50, 627, 148, 594], "bbox2": [93, 337, 837, 934], "obj1": "boat", "obj2": "person", "relationship": "look"}, "negative": {"bbox1": [304, 447, 56, 349], "bbox2": [350, 385, 231, 249], "obj1": "boat", "obj2": "person", "relationship": "in"}}, {"filename1": "8514141980_2c94b4d5aa_b.jpg", "filename2": "9612276764_253ca7b6ba_o.jpg", "positive": {"bbox1": [50, 627, 148, 594], "bbox2": [93, 337, 837, 934], "obj1": "boat", "obj2": "person", "relationship": "look"}, "negative": {"bbox1": [304, 447, 56, 349], "bbox2": [350, 385, 231, 249], "obj1": "boat", "obj2": "person", "relationship": "ride"}}, {"filename1": "8514141980_2c94b4d5aa_b.jpg", "filename2": "9612276764_253ca7b6ba_o.jpg", "positive": {"bbox1": [50, 627, 148, 594], "bbox2": [93, 337, 837, 934], "obj1": "boat", "obj2": "person", "relationship": "look"}, "negative": {"bbox1": [304, 447, 56, 349], "bbox2": [350, 385, 231, 249], "obj1": "boat", "obj2": "person", "relationship": "inside"}}, {"filename1": "8514141980_2c94b4d5aa_b.jpg", "filename2": "9612276764_253ca7b6ba_o.jpg", "positive": {"bbox1": [50, 627, 148, 594], "bbox2": [93, 337, 837, 934], "obj1": "boat", "obj2": "person", "relationship": "look"}, "negative": {"bbox1": [304, 447, 56, 349], "bbox2": [350, 385, 231, 249], "obj1": "boat", "obj2": "person", "relationship": "sit on"}}, {"filename1": "8514141980_2c94b4d5aa_b.jpg", "filename2": "9612276764_253ca7b6ba_o.jpg", "positive": {"bbox1": [50, 627, 148, 594], "bbox2": [93, 337, 837, 934], "obj1": "boat", "obj2": "person", "relationship": "look"}, "negative": {"bbox1": [304, 447, 56, 349], "bbox2": [350, 385, 231, 249], "obj1": "boat", "obj2": "person", "relationship": "on"}}, {"filename1": "8514141980_2c94b4d5aa_b.jpg", "filename2": "9612276764_253ca7b6ba_o.jpg", "positive": {"bbox1": [50, 627, 148, 594], "bbox2": [93, 337, 837, 934], "obj1": "boat", "obj2": "person", "relationship": "look"}, "negative": {"bbox1": [304, 447, 56, 349], "bbox2": [343, 381, 264, 282], "obj1": "boat", "obj2": "person", "relationship": "on"}}, {"filename1": "8514141980_2c94b4d5aa_b.jpg", "filename2": "9612276764_253ca7b6ba_o.jpg", "positive": {"bbox1": [50, 627, 148, 594], "bbox2": [93, 337, 837, 934], "obj1": "boat", "obj2": "person", "relationship": "look"}, "negative": {"bbox1": [304, 447, 56, 349], "bbox2": [348, 386, 197, 222], "obj1": "boat", "obj2": "person", "relationship": "on"}}, {"filename1": "8514141980_2c94b4d5aa_b.jpg", "filename2": "6033578237_61697601af_b.jpg", "positive": {"bbox1": [50, 627, 148, 594], "bbox2": [93, 337, 837, 934], "obj1": "boat", "obj2": "person", "relationship": "look"}, "negative": {"bbox1": [550, 613, 138, 426], "bbox2": [542, 575, 238, 262], "obj1": "boat", "obj2": "person", "relationship": "in"}}, {"filename1": "8514141980_2c94b4d5aa_b.jpg", "filename2": "9659054273_423b8fbdb9_b.jpg", "positive": {"bbox1": [50, 627, 148, 594], "bbox2": [93, 337, 837, 934], "obj1": "boat", "obj2": "person", "relationship": "look"}, "negative": {"bbox1": [507, 621, 476, 773], "bbox2": [484, 517, 601, 626], "obj1": "boat", "obj2": "person", "relationship": "on"}}, {"filename1": "8514141980_2c94b4d5aa_b.jpg", "filename2": "9659054273_423b8fbdb9_b.jpg", "positive": {"bbox1": [50, 627, 148, 594], "bbox2": [93, 337, 837, 934], "obj1": "boat", "obj2": "person", "relationship": "look"}, "negative": {"bbox1": [507, 621, 476, 773], "bbox2": [488, 521, 582, 608], "obj1": "boat", "obj2": "person", "relationship": "on"}}, {"filename1": "8514141980_2c94b4d5aa_b.jpg", "filename2": "9439835154_0e359c8d5b_b.jpg", "positive": {"bbox1": [50, 627, 148, 594], "bbox2": [93, 337, 837, 934], "obj1": "boat", "obj2": "person", "relationship": "look"}, "negative": {"bbox1": [351, 680, 3, 1023], "bbox2": [245, 623, 637, 866], "obj1": "boat", "obj2": "person", "relationship": "in"}}, {"filename1": "8514141980_2c94b4d5aa_b.jpg", "filename2": "9439835154_0e359c8d5b_b.jpg", "positive": {"bbox1": [50, 627, 148, 594], "bbox2": [93, 337, 837, 934], "obj1": "boat", "obj2": "person", "relationship": "look"}, "negative": {"bbox1": [351, 680, 3, 1023], "bbox2": [245, 623, 637, 866], "obj1": "boat", "obj2": "person", "relationship": "on"}}, {"filename1": "8514141980_2c94b4d5aa_b.jpg", "filename2": "9552615557_c3d9b9b574_b.jpg", "positive": {"bbox1": [50, 627, 148, 594], "bbox2": [93, 337, 837, 934], "obj1": "boat", "obj2": "person", "relationship": "look"}, "negative": {"bbox1": [154, 397, 729, 1013], "bbox2": [271, 336, 778, 804], "obj1": "boat", "obj2": "person", "relationship": "in"}}, {"filename1": "8514141980_2c94b4d5aa_b.jpg", "filename2": "4590009695_e61c6dfb6e_b.jpg", "positive": {"bbox1": [50, 627, 148, 594], "bbox2": [93, 337, 837, 934], "obj1": "boat", "obj2": "person", "relationship": "look"}, "negative": {"bbox1": [803, 874, 255, 398], "bbox2": [794, 853, 387, 411], "obj1": "boat", "obj2": "person", "relationship": "on the right of"}}, {"filename1": "8514141980_2c94b4d5aa_b.jpg", "filename2": "6665990339_d9ce91180b_b.jpg", "positive": {"bbox1": [50, 627, 148, 594], "bbox2": [93, 337, 837, 934], "obj1": "boat", "obj2": "person", "relationship": "look"}, "negative": {"bbox1": [101, 337, 315, 680], "bbox2": [329, 363, 213, 226], "obj1": "boat", "obj2": "person", "relationship": "on the left of"}}, {"filename1": "7080311677_a34b86ff91_b.jpg", "filename2": "4026276084_7615efde51_b.jpg", "positive": {"bbox1": [148, 521, 68, 974], "bbox2": [164, 408, 935, 990], "obj1": "truck", "obj2": "person", "relationship": "look"}, "negative": {"bbox1": [177, 591, 1, 425], "bbox2": [334, 605, 376, 492], "obj1": "truck", "obj2": "person", "relationship": "near"}}, {"filename1": "7080311677_a34b86ff91_b.jpg", "filename2": "8980767753_6c847546ee_b.jpg", "positive": {"bbox1": [148, 521, 68, 974], "bbox2": [164, 408, 935, 990], "obj1": "truck", "obj2": "person", "relationship": "look"}, "negative": {"bbox1": [285, 715, 101, 805], "bbox2": [382, 426, 262, 308], "obj1": "truck", "obj2": "person", "relationship": "in"}}, {"filename1": "7080311677_a34b86ff91_b.jpg", "filename2": "8151839977_9eb81fcf02_b.jpg", "positive": {"bbox1": [148, 521, 68, 974], "bbox2": [164, 408, 935, 990], "obj1": "truck", "obj2": "person", "relationship": "look"}, "negative": {"bbox1": [11, 679, 1, 948], "bbox2": [233, 373, 766, 873], "obj1": "truck", "obj2": "person", "relationship": "in"}}, {"filename1": "7080311677_a34b86ff91_b.jpg", "filename2": "8151839977_9eb81fcf02_b.jpg", "positive": {"bbox1": [148, 521, 68, 974], "bbox2": [164, 408, 935, 990], "obj1": "truck", "obj2": "person", "relationship": "look"}, "negative": {"bbox1": [11, 679, 1, 948], "bbox2": [511, 653, 966, 1022], "obj1": "truck", "obj2": "person", "relationship": "behind"}}, {"filename1": "7080311677_a34b86ff91_b.jpg", "filename2": "8151839977_9eb81fcf02_b.jpg", "positive": {"bbox1": [148, 521, 68, 974], "bbox2": [164, 408, 935, 990], "obj1": "truck", "obj2": "person", "relationship": "look"}, "negative": {"bbox1": [11, 679, 1, 948], "bbox2": [520, 576, 997, 1023], "obj1": "truck", "obj2": "person", "relationship": "behind"}}, {"filename1": "7080311677_a34b86ff91_b.jpg", "filename2": "507902681_eda1bcedd4_b.jpg", "positive": {"bbox1": [148, 521, 68, 974], "bbox2": [164, 408, 935, 990], "obj1": "truck", "obj2": "person", "relationship": "look"}, "negative": {"bbox1": [708, 988, 421, 669], "bbox2": [843, 1022, 262, 346], "obj1": "truck", "obj2": "person", "relationship": "near"}}, {"filename1": "7080311677_a34b86ff91_b.jpg", "filename2": "8295620910_5ed4cc38dc_b.jpg", "positive": {"bbox1": [148, 521, 68, 974], "bbox2": [164, 408, 935, 990], "obj1": "truck", "obj2": "person", "relationship": "look"}, "negative": {"bbox1": [185, 358, 267, 636], "bbox2": [253, 353, 592, 624], "obj1": "truck", "obj2": "person", "relationship": "next to"}}, {"filename1": "7080311677_a34b86ff91_b.jpg", "filename2": "2167504551_05f9305272_b.jpg", "positive": {"bbox1": [148, 521, 68, 974], "bbox2": [164, 408, 935, 990], "obj1": "truck", "obj2": "person", "relationship": "look"}, "negative": {"bbox1": [335, 597, 362, 934], "bbox2": [264, 364, 522, 604], "obj1": "truck", "obj2": "person", "relationship": "in"}}, {"filename1": "7080311677_a34b86ff91_b.jpg", "filename2": "2167504551_05f9305272_b.jpg", "positive": {"bbox1": [148, 521, 68, 974], "bbox2": [164, 408, 935, 990], "obj1": "truck", "obj2": "person", "relationship": "look"}, "negative": {"bbox1": [335, 597, 362, 934], "bbox2": [264, 364, 522, 604], "obj1": "truck", "obj2": "person", "relationship": "ride"}}, {"filename1": "7080311677_a34b86ff91_b.jpg", "filename2": "7643907808_53bc952de3_b.jpg", "positive": {"bbox1": [148, 521, 68, 974], "bbox2": [164, 408, 935, 990], "obj1": "truck", "obj2": "person", "relationship": "look"}, "negative": {"bbox1": [218, 630, 201, 1007], "bbox2": [326, 384, 881, 968], "obj1": "truck", "obj2": "person", "relationship": "behind"}}, {"filename1": "7374957764_bfe24eba62_b.jpg", "filename2": "9565361170_d54f928d9a_o.jpg", "positive": {"bbox1": [542, 635, 382, 603], "bbox2": [235, 556, 599, 778], "obj1": "pizza", "obj2": "person", "relationship": "look"}, "negative": {"bbox1": [415, 581, 144, 443], "bbox2": [102, 443, 467, 606], "obj1": "pizza", "obj2": "person", "relationship": "near"}}, {"filename1": "7374957764_bfe24eba62_b.jpg", "filename2": "6630872395_743f448827_b.jpg", "positive": {"bbox1": [542, 635, 382, 603], "bbox2": [235, 556, 599, 778], "obj1": "pizza", "obj2": "person", "relationship": "look"}, "negative": {"bbox1": [220, 273, 337, 494], "bbox2": [7, 679, 71, 455], "obj1": "pizza", "obj2": "person", "relationship": "hold"}}, {"filename1": "7374957764_bfe24eba62_b.jpg", "filename2": "5784081422_6ca2bd292c_b.jpg", "positive": {"bbox1": [542, 635, 382, 603], "bbox2": [235, 556, 599, 778], "obj1": "pizza", "obj2": "person", "relationship": "look"}, "negative": {"bbox1": [349, 409, 306, 388], "bbox2": [133, 676, 313, 726], "obj1": "pizza", "obj2": "person", "relationship": "hold"}}]}