{"predicate": "lying on", "examples": [{"filename1": "3748124407_ea61a72f15_b.jpg", "filename2": "4171343436_2c08c4de8f_b.jpg", "positive": {"bbox1": [544, 823, 88, 484], "bbox2": [565, 695, 165, 271], "obj1": "sofa", "obj2": "pillow", "relationship": "lying on"}, "negative": {"bbox1": [361, 546, 422, 693], "bbox2": [400, 466, 543, 621], "obj1": "sofa", "obj2": "pillow", "relationship": "on"}}, {"filename1": "3748124407_ea61a72f15_b.jpg", "filename2": "66797251_ead3f3a7f6_o.jpg", "positive": {"bbox1": [544, 823, 88, 484], "bbox2": [565, 695, 165, 271], "obj1": "sofa", "obj2": "pillow", "relationship": "lying on"}, "negative": {"bbox1": [328, 540, 445, 955], "bbox2": [363, 451, 498, 565], "obj1": "sofa", "obj2": "pillow", "relationship": "on"}}, {"filename1": "3748124407_ea61a72f15_b.jpg", "filename2": "1164672210_4e513b9e8c_b.jpg", "positive": {"bbox1": [544, 823, 88, 484], "bbox2": [565, 695, 165, 271], "obj1": "sofa", "obj2": "pillow", "relationship": "lying on"}, "negative": {"bbox1": [181, 528, 2, 473], "bbox2": [362, 420, 63, 245], "obj1": "sofa", "obj2": "pillow", "relationship": "on"}}, {"filename1": "3748124407_ea61a72f15_b.jpg", "filename2": "406341719_b9af0604b5_b.jpg", "positive": {"bbox1": [544, 823, 88, 484], "bbox2": [565, 695, 165, 271], "obj1": "sofa", "obj2": "pillow", "relationship": "lying on"}, "negative": {"bbox1": [137, 517, 68, 840], "bbox2": [256, 338, 324, 381], "obj1": "sofa", "obj2": "pillow", "relationship": "on"}}, {"filename1": "3748124407_ea61a72f15_b.jpg", "filename2": "4159052583_abc1cbdd6b_b.jpg", "positive": {"bbox1": [544, 823, 88, 484], "bbox2": [565, 695, 165, 271], "obj1": "sofa", "obj2": "pillow", "relationship": "lying on"}, "negative": {"bbox1": [433, 681, 13, 571], "bbox2": [438, 505, 83, 204], "obj1": "sofa", "obj2": "pillow", "relationship": "on"}}, {"filename1": "3748124407_ea61a72f15_b.jpg", "filename2": "3023886386_bb6c325027_o.jpg", "positive": {"bbox1": [544, 823, 88, 484], "bbox2": [565, 695, 165, 271], "obj1": "sofa", "obj2": "pillow", "relationship": "lying on"}, "negative": {"bbox1": [272, 439, 487, 799], "bbox2": [294, 382, 498, 579], "obj1": "sofa", "obj2": "pillow", "relationship": "on"}}, {"filename1": "3748124407_ea61a72f15_b.jpg", "filename2": "4179774753_b3dcfa443e_o.jpg", "positive": {"bbox1": [544, 823, 88, 484], "bbox2": [565, 695, 165, 271], "obj1": "sofa", "obj2": "pillow", "relationship": "lying on"}, "negative": {"bbox1": [430, 798, 2, 310], "bbox2": [404, 513, 9, 130], "obj1": "sofa", "obj2": "pillow", "relationship": "on"}}, {"filename1": "3748124407_ea61a72f15_b.jpg", "filename2": "4179774753_b3dcfa443e_o.jpg", "positive": {"bbox1": [544, 823, 88, 484], "bbox2": [565, 695, 165, 271], "obj1": "sofa", "obj2": "pillow", "relationship": "lying on"}, "negative": {"bbox1": [430, 798, 2, 310], "bbox2": [614, 657, 44, 195], "obj1": "sofa", "obj2": "pillow", "relationship": "on"}}, {"filename1": "3748124407_ea61a72f15_b.jpg", "filename2": "6863154157_0932f77876_b.jpg", "positive": {"bbox1": [544, 823, 88, 484], "bbox2": [565, 695, 165, 271], "obj1": "sofa", "obj2": "pillow", "relationship": "lying on"}, "negative": {"bbox1": [302, 679, 462, 965], "bbox2": [383, 443, 726, 862], "obj1": "sofa", "obj2": "pillow", "relationship": "on"}}, {"filename1": "3748124407_ea61a72f15_b.jpg", "filename2": "2970889362_976f4461c8_b.jpg", "positive": {"bbox1": [544, 823, 88, 484], "bbox2": [565, 695, 165, 271], "obj1": "sofa", "obj2": "pillow", "relationship": "lying on"}, "negative": {"bbox1": [307, 682, 2, 424], "bbox2": [361, 392, 156, 237], "obj1": "sofa", "obj2": "pillow", "relationship": "on"}}, {"filename1": "3748124407_ea61a72f15_b.jpg", "filename2": "3796785615_6060efbfaa_o.jpg", "positive": {"bbox1": [544, 823, 88, 484], "bbox2": [565, 695, 165, 271], "obj1": "sofa", "obj2": "pillow", "relationship": "lying on"}, "negative": {"bbox1": [329, 449, 641, 899], "bbox2": [339, 393, 800, 856], "obj1": "sofa", "obj2": "pillow", "relationship": "on"}}, {"filename1": "3748124407_ea61a72f15_b.jpg", "filename2": "2557616124_5033660437_b.jpg", "positive": {"bbox1": [544, 823, 88, 484], "bbox2": [565, 695, 165, 271], "obj1": "sofa", "obj2": "pillow", "relationship": "lying on"}, "negative": {"bbox1": [271, 699, 1, 529], "bbox2": [356, 544, 1, 133], "obj1": "sofa", "obj2": "pillow", "relationship": "on"}}, {"filename1": "3748124407_ea61a72f15_b.jpg", "filename2": "5177280261_b6d24058c4_b.jpg", "positive": {"bbox1": [544, 823, 88, 484], "bbox2": [565, 695, 165, 271], "obj1": "sofa", "obj2": "pillow", "relationship": "lying on"}, "negative": {"bbox1": [308, 765, 12, 1021], "bbox2": [490, 600, 52, 221], "obj1": "sofa", "obj2": "pillow", "relationship": "on"}}, {"filename1": "3748124407_ea61a72f15_b.jpg", "filename2": "5177280261_b6d24058c4_b.jpg", "positive": {"bbox1": [544, 823, 88, 484], "bbox2": [565, 695, 165, 271], "obj1": "sofa", "obj2": "pillow", "relationship": "lying on"}, "negative": {"bbox1": [308, 765, 12, 1021], "bbox2": [329, 423, 25, 118], "obj1": "sofa", "obj2": "pillow", "relationship": "on"}}, {"filename1": "3748124407_ea61a72f15_b.jpg", "filename2": "3387348463_161941a71b_o.jpg", "positive": {"bbox1": [544, 823, 88, 484], "bbox2": [565, 695, 165, 271], "obj1": "sofa", "obj2": "pillow", "relationship": "lying on"}, "negative": {"bbox1": [328, 598, 186, 605], "bbox2": [359, 417, 253, 341], "obj1": "sofa", "obj2": "pillow", "relationship": "on"}}, {"filename1": "3748124407_ea61a72f15_b.jpg", "filename2": "4011187781_71a3dd6fa9_o.jpg", "positive": {"bbox1": [544, 823, 88, 484], "bbox2": [565, 695, 165, 271], "obj1": "sofa", "obj2": "pillow", "relationship": "lying on"}, "negative": {"bbox1": [356, 1021, 320, 1274], "bbox2": [595, 930, 977, 1269], "obj1": "sofa", "obj2": "pillow", "relationship": "on"}}, {"filename1": "3748124407_ea61a72f15_b.jpg", "filename2": "6854515076_e15c52414e_b.jpg", "positive": {"bbox1": [544, 823, 88, 484], "bbox2": [565, 695, 165, 271], "obj1": "sofa", "obj2": "pillow", "relationship": "lying on"}, "negative": {"bbox1": [369, 635, 662, 1022], "bbox2": [432, 547, 897, 974], "obj1": "sofa", "obj2": "pillow", "relationship": "on"}}, {"filename1": "3748124407_ea61a72f15_b.jpg", "filename2": "5330971749_cfbabacf3e_b.jpg", "positive": {"bbox1": [544, 823, 88, 484], "bbox2": [565, 695, 165, 271], "obj1": "sofa", "obj2": "pillow", "relationship": "lying on"}, "negative": {"bbox1": [510, 703, 524, 684], "bbox2": [617, 655, 587, 679], "obj1": "sofa", "obj2": "pillow", "relationship": "on"}}, {"filename1": "3748124407_ea61a72f15_b.jpg", "filename2": "4625274192_c9f66750f0_o.jpg", "positive": {"bbox1": [544, 823, 88, 484], "bbox2": [565, 695, 165, 271], "obj1": "sofa", "obj2": "pillow", "relationship": "lying on"}, "negative": {"bbox1": [243, 666, 1, 390], "bbox2": [251, 423, 2, 138], "obj1": "sofa", "obj2": "pillow", "relationship": "on"}}, {"filename1": "5010532066_7a40d3472b_b.jpg", "filename2": "7386755464_c037c44b96_b.jpg", "positive": {"bbox1": [311, 346, 558, 626], "bbox2": [302, 328, 589, 648], "obj1": "surfboard", "obj2": "person", "relationship": "lying on"}, "negative": {"bbox1": [345, 381, 627, 891], "bbox2": [236, 505, 480, 658], "obj1": "surfboard", "obj2": "person", "relationship": "next to"}}, {"filename1": "5010532066_7a40d3472b_b.jpg", "filename2": "8452255903_35b4a95d81_b.jpg", "positive": {"bbox1": [311, 346, 558, 626], "bbox2": [302, 328, 589, 648], "obj1": "surfboard", "obj2": "person", "relationship": "lying on"}, "negative": {"bbox1": [384, 550, 650, 815], "bbox2": [165, 502, 417, 704], "obj1": "surfboard", "obj2": "person", "relationship": "on the left of"}}, {"filename1": "5010532066_7a40d3472b_b.jpg", "filename2": "8452255903_35b4a95d81_b.jpg", "positive": {"bbox1": [311, 346, 558, 626], "bbox2": [302, 328, 589, 648], "obj1": "surfboard", "obj2": "person", "relationship": "lying on"}, "negative": {"bbox1": [384, 550, 650, 815], "bbox2": [165, 502, 417, 704], "obj1": "surfboard", "obj2": "person", "relationship": "hold"}}, {"filename1": "5010532066_7a40d3472b_b.jpg", "filename2": "8452255903_35b4a95d81_b.jpg", "positive": {"bbox1": [311, 346, 558, 626], "bbox2": [302, 328, 589, 648], "obj1": "surfboard", "obj2": "person", "relationship": "lying on"}, "negative": {"bbox1": [384, 550, 650, 815], "bbox2": [165, 502, 417, 704], "obj1": "surfboard", "obj2": "person", "relationship": "hold"}}, {"filename1": "5010532066_7a40d3472b_b.jpg", "filename2": "2728295995_5a4d20b330_b.jpg", "positive": {"bbox1": [311, 346, 558, 626], "bbox2": [302, 328, 589, 648], "obj1": "surfboard", "obj2": "person", "relationship": "lying on"}, "negative": {"bbox1": [388, 580, 215, 590], "bbox2": [292, 736, 212, 594], "obj1": "surfboard", "obj2": "person", "relationship": "carry"}}, {"filename1": "5010532066_7a40d3472b_b.jpg", "filename2": "6113956197_17219f94bf_b.jpg", "positive": {"bbox1": [311, 346, 558, 626], "bbox2": [302, 328, 589, 648], "obj1": "surfboard", "obj2": "person", "relationship": "lying on"}, "negative": {"bbox1": [630, 710, 79, 374], "bbox2": [320, 675, 177, 314], "obj1": "surfboard", "obj2": "person", "relationship": "on"}}, {"filename1": "5010532066_7a40d3472b_b.jpg", "filename2": "6063798510_0470b89db7_b.jpg", "positive": {"bbox1": [311, 346, 558, 626], "bbox2": [302, 328, 589, 648], "obj1": "surfboard", "obj2": "person", "relationship": "lying on"}, "negative": {"bbox1": [603, 632, 410, 550], "bbox2": [572, 629, 443, 484], "obj1": "surfboard", "obj2": "person", "relationship": "near"}}, {"filename1": "5010532066_7a40d3472b_b.jpg", "filename2": "6063798510_0470b89db7_b.jpg", "positive": {"bbox1": [311, 346, 558, 626], "bbox2": [302, 328, 589, 648], "obj1": "surfboard", "obj2": "person", "relationship": "lying on"}, "negative": {"bbox1": [515, 553, 499, 576], "bbox2": [509, 541, 521, 549], "obj1": "surfboard", "obj2": "person", "relationship": "hold"}}, {"filename1": "5010532066_7a40d3472b_b.jpg", "filename2": "2749003094_33e04079be_b.jpg", "positive": {"bbox1": [311, 346, 558, 626], "bbox2": [302, 328, 589, 648], "obj1": "surfboard", "obj2": "person", "relationship": "lying on"}, "negative": {"bbox1": [110, 681, 392, 460], "bbox2": [63, 682, 22, 353], "obj1": "surfboard", "obj2": "person", "relationship": "look"}}, {"filename1": "5010532066_7a40d3472b_b.jpg", "filename2": "7588911304_71522fb34d_o.jpg", "positive": {"bbox1": [311, 346, 558, 626], "bbox2": [302, 328, 589, 648], "obj1": "surfboard", "obj2": "person", "relationship": "lying on"}, "negative": {"bbox1": [234, 402, 2, 611], "bbox2": [99, 551, 256, 382], "obj1": "surfboard", "obj2": "person", "relationship": "behind"}}, {"filename1": "5010532066_7a40d3472b_b.jpg", "filename2": "7588911304_71522fb34d_o.jpg", "positive": {"bbox1": [311, 346, 558, 626], "bbox2": [302, 328, 589, 648], "obj1": "surfboard", "obj2": "person", "relationship": "lying on"}, "negative": {"bbox1": [234, 402, 2, 611], "bbox2": [81, 588, 97, 248], "obj1": "surfboard", "obj2": "person", "relationship": "with"}}, {"filename1": "5010532066_7a40d3472b_b.jpg", "filename2": "7588911304_71522fb34d_o.jpg", "positive": {"bbox1": [311, 346, 558, 626], "bbox2": [302, 328, 589, 648], "obj1": "surfboard", "obj2": "person", "relationship": "lying on"}, "negative": {"bbox1": [234, 402, 2, 611], "bbox2": [81, 588, 97, 248], "obj1": "surfboard", "obj2": "person", "relationship": "next to"}}, {"filename1": "5010532066_7a40d3472b_b.jpg", "filename2": "7588911304_71522fb34d_o.jpg", "positive": {"bbox1": [311, 346, 558, 626], "bbox2": [302, 328, 589, 648], "obj1": "surfboard", "obj2": "person", "relationship": "lying on"}, "negative": {"bbox1": [234, 402, 2, 611], "bbox2": [81, 588, 97, 248], "obj1": "surfboard", "obj2": "person", "relationship": "has"}}, {"filename1": "5010532066_7a40d3472b_b.jpg", "filename2": "7588911304_71522fb34d_o.jpg", "positive": {"bbox1": [311, 346, 558, 626], "bbox2": [302, 328, 589, 648], "obj1": "surfboard", "obj2": "person", "relationship": "lying on"}, "negative": {"bbox1": [234, 402, 2, 611], "bbox2": [81, 588, 97, 248], "obj1": "surfboard", "obj2": "person", "relationship": "hold"}}, {"filename1": "5010532066_7a40d3472b_b.jpg", "filename2": "7528392004_5a2ca89b45_b.jpg", "positive": {"bbox1": [311, 346, 558, 626], "bbox2": [302, 328, 589, 648], "obj1": "surfboard", "obj2": "person", "relationship": "lying on"}, "negative": {"bbox1": [380, 421, 376, 802], "bbox2": [173, 402, 523, 672], "obj1": "surfboard", "obj2": "person", "relationship": "on"}}, {"filename1": "5010532066_7a40d3472b_b.jpg", "filename2": "7528392004_5a2ca89b45_b.jpg", "positive": {"bbox1": [311, 346, 558, 626], "bbox2": [302, 328, 589, 648], "obj1": "surfboard", "obj2": "person", "relationship": "lying on"}, "negative": {"bbox1": [380, 421, 376, 802], "bbox2": [173, 402, 523, 672], "obj1": "surfboard", "obj2": "person", "relationship": "stand on"}}, {"filename1": "5010532066_7a40d3472b_b.jpg", "filename2": "7528392004_5a2ca89b45_b.jpg", "positive": {"bbox1": [311, 346, 558, 626], "bbox2": [302, 328, 589, 648], "obj1": "surfboard", "obj2": "person", "relationship": "lying on"}, "negative": {"bbox1": [380, 421, 376, 802], "bbox2": [173, 402, 523, 672], "obj1": "surfboard", "obj2": "person", "relationship": "on the top of"}}, {"filename1": "5010532066_7a40d3472b_b.jpg", "filename2": "7528392004_5a2ca89b45_b.jpg", "positive": {"bbox1": [311, 346, 558, 626], "bbox2": [302, 328, 589, 648], "obj1": "surfboard", "obj2": "person", "relationship": "lying on"}, "negative": {"bbox1": [227, 240, 455, 645], "bbox2": [143, 235, 517, 543], "obj1": "surfboard", "obj2": "person", "relationship": "on"}}, {"filename1": "5010532066_7a40d3472b_b.jpg", "filename2": "7528392004_5a2ca89b45_b.jpg", "positive": {"bbox1": [311, 346, 558, 626], "bbox2": [302, 328, 589, 648], "obj1": "surfboard", "obj2": "person", "relationship": "lying on"}, "negative": {"bbox1": [652, 728, 2, 637], "bbox2": [452, 722, 30, 529], "obj1": "surfboard", "obj2": "person", "relationship": "near"}}, {"filename1": "5010532066_7a40d3472b_b.jpg", "filename2": "4919149964_9106df846b_b.jpg", "positive": {"bbox1": [311, 346, 558, 626], "bbox2": [302, 328, 589, 648], "obj1": "surfboard", "obj2": "person", "relationship": "lying on"}, "negative": {"bbox1": [7, 729, 501, 657], "bbox2": [86, 731, 320, 664], "obj1": "surfboard", "obj2": "person", "relationship": "with"}}, {"filename1": "5010532066_7a40d3472b_b.jpg", "filename2": "8099249271_e86c4ff64a_b.jpg", "positive": {"bbox1": [311, 346, 558, 626], "bbox2": [302, 328, 589, 648], "obj1": "surfboard", "obj2": "person", "relationship": "lying on"}, "negative": {"bbox1": [226, 291, 143, 415], "bbox2": [238, 533, 239, 362], "obj1": "surfboard", "obj2": "person", "relationship": "hold"}}, {"filename1": "5010532066_7a40d3472b_b.jpg", "filename2": "8099249271_e86c4ff64a_b.jpg", "positive": {"bbox1": [311, 346, 558, 626], "bbox2": [302, 328, 589, 648], "obj1": "surfboard", "obj2": "person", "relationship": "lying on"}, "negative": {"bbox1": [226, 291, 143, 415], "bbox2": [238, 533, 239, 362], "obj1": "surfboard", "obj2": "person", "relationship": "under"}}, {"filename1": "5010532066_7a40d3472b_b.jpg", "filename2": "8197613732_1e52dcf50d_b.jpg", "positive": {"bbox1": [311, 346, 558, 626], "bbox2": [302, 328, 589, 648], "obj1": "surfboard", "obj2": "person", "relationship": "lying on"}, "negative": {"bbox1": [424, 510, 732, 1023], "bbox2": [140, 392, 882, 1023], "obj1": "surfboard", "obj2": "person", "relationship": "beside"}}, {"filename1": "5010532066_7a40d3472b_b.jpg", "filename2": "470168958_bceeb41ef6_o.jpg", "positive": {"bbox1": [311, 346, 558, 626], "bbox2": [302, 328, 589, 648], "obj1": "surfboard", "obj2": "person", "relationship": "lying on"}, "negative": {"bbox1": [135, 237, 259, 959], "bbox2": [192, 598, 525, 694], "obj1": "surfboard", "obj2": "person", "relationship": "carry"}}, {"filename1": "5010532066_7a40d3472b_b.jpg", "filename2": "470168958_bceeb41ef6_o.jpg", "positive": {"bbox1": [311, 346, 558, 626], "bbox2": [302, 328, 589, 648], "obj1": "surfboard", "obj2": "person", "relationship": "lying on"}, "negative": {"bbox1": [312, 471, 330, 967], "bbox2": [220, 608, 588, 727], "obj1": "surfboard", "obj2": "person", "relationship": "carry"}}, {"filename1": "5010532066_7a40d3472b_b.jpg", "filename2": "1342508700_ee68748509_b.jpg", "positive": {"bbox1": [311, 346, 558, 626], "bbox2": [302, 328, 589, 648], "obj1": "surfboard", "obj2": "person", "relationship": "lying on"}, "negative": {"bbox1": [115, 680, 319, 801], "bbox2": [233, 681, 449, 677], "obj1": "surfboard", "obj2": "person", "relationship": "hold"}}, {"filename1": "5010532066_7a40d3472b_b.jpg", "filename2": "6116946649_7be3d70d6c_b.jpg", "positive": {"bbox1": [311, 346, 558, 626], "bbox2": [302, 328, 589, 648], "obj1": "surfboard", "obj2": "person", "relationship": "lying on"}, "negative": {"bbox1": [629, 958, 495, 573], "bbox2": [323, 988, 557, 728], "obj1": "surfboard", "obj2": "person", "relationship": "near"}}, {"filename1": "5010532066_7a40d3472b_b.jpg", "filename2": "8587162602_cf61ce6745_b.jpg", "positive": {"bbox1": [311, 346, 558, 626], "bbox2": [302, 328, 589, 648], "obj1": "surfboard", "obj2": "person", "relationship": "lying on"}, "negative": {"bbox1": [204, 296, 882, 1006], "bbox2": [78, 317, 912, 1022], "obj1": "surfboard", "obj2": "person", "relationship": "hold"}}, {"filename1": "5010532066_7a40d3472b_b.jpg", "filename2": "7166124583_289e18421c_b.jpg", "positive": {"bbox1": [311, 346, 558, 626], "bbox2": [302, 328, 589, 648], "obj1": "surfboard", "obj2": "person", "relationship": "lying on"}, "negative": {"bbox1": [617, 774, 79, 263], "bbox2": [197, 687, 77, 268], "obj1": "surfboard", "obj2": "person", "relationship": "stand on"}}, {"filename1": "5010532066_7a40d3472b_b.jpg", "filename2": "369296684_c2cf284755_o.jpg", "positive": {"bbox1": [311, 346, 558, 626], "bbox2": [302, 328, 589, 648], "obj1": "surfboard", "obj2": "person", "relationship": "lying on"}, "negative": {"bbox1": [353, 507, 483, 1179], "bbox2": [271, 724, 137, 628], "obj1": "surfboard", "obj2": "person", "relationship": "next to"}}, {"filename1": "5010532066_7a40d3472b_b.jpg", "filename2": "3840758300_932cbe9171_b.jpg", "positive": {"bbox1": [311, 346, 558, 626], "bbox2": [302, 328, 589, 648], "obj1": "surfboard", "obj2": "person", "relationship": "lying on"}, "negative": {"bbox1": [507, 595, 239, 343], "bbox2": [416, 731, 323, 442], "obj1": "surfboard", "obj2": "person", "relationship": "carry"}}, {"filename1": "5010532066_7a40d3472b_b.jpg", "filename2": "3840758300_932cbe9171_b.jpg", "positive": {"bbox1": [311, 346, 558, 626], "bbox2": [302, 328, 589, 648], "obj1": "surfboard", "obj2": "person", "relationship": "lying on"}, "negative": {"bbox1": [466, 615, 592, 717], "bbox2": [416, 731, 323, 442], "obj1": "surfboard", "obj2": "person", "relationship": "hold"}}, {"filename1": "5010532066_7a40d3472b_b.jpg", "filename2": "7522445644_26dca2cbde_o.jpg", "positive": {"bbox1": [311, 346, 558, 626], "bbox2": [302, 328, 589, 648], "obj1": "surfboard", "obj2": "person", "relationship": "lying on"}, "negative": {"bbox1": [89, 348, 334, 438], "bbox2": [176, 611, 490, 611], "obj1": "surfboard", "obj2": "person", "relationship": "near"}}, {"filename1": "5010532066_7a40d3472b_b.jpg", "filename2": "7975160776_39d1588a75_b.jpg", "positive": {"bbox1": [311, 346, 558, 626], "bbox2": [302, 328, 589, 648], "obj1": "surfboard", "obj2": "person", "relationship": "lying on"}, "negative": {"bbox1": [381, 984, 72, 240], "bbox2": [323, 862, 100, 296], "obj1": "surfboard", "obj2": "person", "relationship": "carry"}}, {"filename1": "5010532066_7a40d3472b_b.jpg", "filename2": "7975160776_39d1588a75_b.jpg", "positive": {"bbox1": [311, 346, 558, 626], "bbox2": [302, 328, 589, 648], "obj1": "surfboard", "obj2": "person", "relationship": "lying on"}, "negative": {"bbox1": [381, 984, 72, 240], "bbox2": [323, 862, 100, 296], "obj1": "surfboard", "obj2": "person", "relationship": "hold"}}, {"filename1": "5010532066_7a40d3472b_b.jpg", "filename2": "7975160776_39d1588a75_b.jpg", "positive": {"bbox1": [311, 346, 558, 626], "bbox2": [302, 328, 589, 648], "obj1": "surfboard", "obj2": "person", "relationship": "lying on"}, "negative": {"bbox1": [480, 685, 860, 975], "bbox2": [383, 791, 734, 891], "obj1": "surfboard", "obj2": "person", "relationship": "hold"}}, {"filename1": "5010532066_7a40d3472b_b.jpg", "filename2": "5454109883_d4f95733e8_b.jpg", "positive": {"bbox1": [311, 346, 558, 626], "bbox2": [302, 328, 589, 648], "obj1": "surfboard", "obj2": "person", "relationship": "lying on"}, "negative": {"bbox1": [190, 597, 755, 1023], "bbox2": [112, 564, 825, 981], "obj1": "surfboard", "obj2": "person", "relationship": "hold"}}, {"filename1": "5010532066_7a40d3472b_b.jpg", "filename2": "5454109883_d4f95733e8_b.jpg", "positive": {"bbox1": [311, 346, 558, 626], "bbox2": [302, 328, 589, 648], "obj1": "surfboard", "obj2": "person", "relationship": "lying on"}, "negative": {"bbox1": [190, 597, 755, 1023], "bbox2": [289, 681, 415, 572], "obj1": "surfboard", "obj2": "person", "relationship": "on the left of"}}, {"filename1": "5010532066_7a40d3472b_b.jpg", "filename2": "6665990339_d9ce91180b_b.jpg", "positive": {"bbox1": [311, 346, 558, 626], "bbox2": [302, 328, 589, 648], "obj1": "surfboard", "obj2": "person", "relationship": "lying on"}, "negative": {"bbox1": [350, 377, 261, 304], "bbox2": [339, 394, 264, 297], "obj1": "surfboard", "obj2": "person", "relationship": "has"}}, {"filename1": "3518936687_c62b9e2983_b.jpg", "filename2": "2600212326_0d1a473c83_b.jpg", "positive": {"bbox1": [147, 458, 341, 829], "bbox2": [166, 491, 505, 776], "obj1": "sofa", "obj2": "person", "relationship": "lying on"}, "negative": {"bbox1": [329, 763, 7, 786], "bbox2": [219, 713, 478, 796], "obj1": "sofa", "obj2": "person", "relationship": "on"}}, {"filename1": "3518936687_c62b9e2983_b.jpg", "filename2": "1287355133_53f4b3435b_o.jpg", "positive": {"bbox1": [147, 458, 341, 829], "bbox2": [166, 491, 505, 776], "obj1": "sofa", "obj2": "person", "relationship": "lying on"}, "negative": {"bbox1": [148, 372, 130, 800], "bbox2": [71, 362, 197, 541], "obj1": "sofa", "obj2": "person", "relationship": "above"}}, {"filename1": "3518936687_c62b9e2983_b.jpg", "filename2": "337505168_903fa2bb0d_b.jpg", "positive": {"bbox1": [147, 458, 341, 829], "bbox2": [166, 491, 505, 776], "obj1": "sofa", "obj2": "person", "relationship": "lying on"}, "negative": {"bbox1": [430, 667, 843, 1023], "bbox2": [394, 515, 845, 953], "obj1": "sofa", "obj2": "person", "relationship": "on"}}, {"filename1": "3518936687_c62b9e2983_b.jpg", "filename2": "2557616124_5033660437_b.jpg", "positive": {"bbox1": [147, 458, 341, 829], "bbox2": [166, 491, 505, 776], "obj1": "sofa", "obj2": "person", "relationship": "lying on"}, "negative": {"bbox1": [271, 699, 1, 529], "bbox2": [179, 562, 335, 567], "obj1": "sofa", "obj2": "person", "relationship": "sit on"}}, {"filename1": "3518936687_c62b9e2983_b.jpg", "filename2": "8079425504_3b93e3fae3_b.jpg", "positive": {"bbox1": [147, 458, 341, 829], "bbox2": [166, 491, 505, 776], "obj1": "sofa", "obj2": "person", "relationship": "lying on"}, "negative": {"bbox1": [434, 1015, 363, 678], "bbox2": [36, 1012, 137, 455], "obj1": "sofa", "obj2": "person", "relationship": "by"}}, {"filename1": "3518936687_c62b9e2983_b.jpg", "filename2": "3051610946_68d10bab71_o.jpg", "positive": {"bbox1": [147, 458, 341, 829], "bbox2": [166, 491, 505, 776], "obj1": "sofa", "obj2": "person", "relationship": "lying on"}, "negative": {"bbox1": [246, 577, 400, 681], "bbox2": [171, 510, 433, 681], "obj1": "sofa", "obj2": "person", "relationship": "on"}}, {"filename1": "3518936687_c62b9e2983_b.jpg", "filename2": "2464743434_6c87ffbec4_b.jpg", "positive": {"bbox1": [147, 458, 341, 829], "bbox2": [166, 491, 505, 776], "obj1": "sofa", "obj2": "person", "relationship": "lying on"}, "negative": {"bbox1": [328, 1003, 3, 680], "bbox2": [185, 335, 1, 112], "obj1": "sofa", "obj2": "person", "relationship": "behind"}}, {"filename1": "3518936687_c62b9e2983_b.jpg", "filename2": "719883855_0e4dfeb348_o.jpg", "positive": {"bbox1": [147, 458, 341, 829], "bbox2": [166, 491, 505, 776], "obj1": "sofa", "obj2": "person", "relationship": "lying on"}, "negative": {"bbox1": [434, 912, 3, 722], "bbox2": [529, 831, 529, 847], "obj1": "sofa", "obj2": "person", "relationship": "against"}}, {"filename1": "3518936687_c62b9e2983_b.jpg", "filename2": "4214979990_f2d2c46520_b.jpg", "positive": {"bbox1": [147, 458, 341, 829], "bbox2": [166, 491, 505, 776], "obj1": "sofa", "obj2": "person", "relationship": "lying on"}, "negative": {"bbox1": [239, 705, 14, 1022], "bbox2": [172, 705, 242, 588], "obj1": "sofa", "obj2": "person", "relationship": "sit on"}}, {"filename1": "6068733163_fd5006922a_b.jpg", "filename2": "194872763_0593c92057_b.jpg", "positive": {"bbox1": [179, 681, 1, 1023], "bbox2": [420, 682, 318, 758], "obj1": "grass", "obj2": "person", "relationship": "lying on"}, "negative": {"bbox1": [769, 1021, 6, 675], "bbox2": [649, 884, 315, 420], "obj1": "grass", "obj2": "person", "relationship": "stand on"}}, {"filename1": "6068733163_fd5006922a_b.jpg", "filename2": "194872763_0593c92057_b.jpg", "positive": {"bbox1": [179, 681, 1, 1023], "bbox2": [420, 682, 318, 758], "obj1": "grass", "obj2": "person", "relationship": "lying on"}, "negative": {"bbox1": [769, 1021, 6, 675], "bbox2": [649, 884, 315, 420], "obj1": "grass", "obj2": "person", "relationship": "on"}}, {"filename1": "6068733163_fd5006922a_b.jpg", "filename2": "194872763_0593c92057_b.jpg", "positive": {"bbox1": [179, 681, 1, 1023], "bbox2": [420, 682, 318, 758], "obj1": "grass", "obj2": "person", "relationship": "lying on"}, "negative": {"bbox1": [769, 1021, 6, 675], "bbox2": [654, 814, 535, 632], "obj1": "grass", "obj2": "person", "relationship": "on"}}, {"filename1": "6068733163_fd5006922a_b.jpg", "filename2": "2771321302_666b72d47e_b.jpg", "positive": {"bbox1": [179, 681, 1, 1023], "bbox2": [420, 682, 318, 758], "obj1": "grass", "obj2": "person", "relationship": "lying on"}, "negative": {"bbox1": [188, 321, 4, 1024], "bbox2": [24, 202, 470, 543], "obj1": "grass", "obj2": "person", "relationship": "behind"}}, {"filename1": "6068733163_fd5006922a_b.jpg", "filename2": "2771321302_666b72d47e_b.jpg", "positive": {"bbox1": [179, 681, 1, 1023], "bbox2": [420, 682, 318, 758], "obj1": "grass", "obj2": "person", "relationship": "lying on"}, "negative": {"bbox1": [188, 321, 4, 1024], "bbox2": [53, 336, 135, 323], "obj1": "grass", "obj2": "person", "relationship": "above"}}, {"filename1": "6068733163_fd5006922a_b.jpg", "filename2": "2438309278_488df89f66_b.jpg", "positive": {"bbox1": [179, 681, 1, 1023], "bbox2": [420, 682, 318, 758], "obj1": "grass", "obj2": "person", "relationship": "lying on"}, "negative": {"bbox1": [332, 651, 1, 1022], "bbox2": [220, 442, 704, 805], "obj1": "grass", "obj2": "person", "relationship": "on"}}, {"filename1": "6068733163_fd5006922a_b.jpg", "filename2": "2438309278_488df89f66_b.jpg", "positive": {"bbox1": [179, 681, 1, 1023], "bbox2": [420, 682, 318, 758], "obj1": "grass", "obj2": "person", "relationship": "lying on"}, "negative": {"bbox1": [332, 651, 1, 1022], "bbox2": [318, 388, 662, 725], "obj1": "grass", "obj2": "person", "relationship": "sit on"}}, {"filename1": "6068733163_fd5006922a_b.jpg", "filename2": "655943072_b41d8cb0e8_b.jpg", "positive": {"bbox1": [179, 681, 1, 1023], "bbox2": [420, 682, 318, 758], "obj1": "grass", "obj2": "person", "relationship": "lying on"}, "negative": {"bbox1": [794, 1021, 2, 764], "bbox2": [676, 896, 116, 209], "obj1": "grass", "obj2": "person", "relationship": "on"}}, {"filename1": "6068733163_fd5006922a_b.jpg", "filename2": "4936616520_2d8bac97a0_b.jpg", "positive": {"bbox1": [179, 681, 1, 1023], "bbox2": [420, 682, 318, 758], "obj1": "grass", "obj2": "person", "relationship": "lying on"}, "negative": {"bbox1": [192, 682, 3, 1024], "bbox2": [165, 526, 178, 303], "obj1": "grass", "obj2": "person", "relationship": "on"}}]}