{"predicate": "outside of", "examples": [{"filename1": "5048801862_20e068ebc6_b.jpg", "filename2": "327080145_45ffe514d3_o.jpg", "positive": {"bbox1": [3, 764, 5, 894], "bbox2": [143, 764, 310, 550], "obj1": "building", "obj2": "traffic light", "relationship": "outside of"}, "negative": {"bbox1": [256, 741, 2, 688], "bbox2": [669, 699, 487, 503], "obj1": "building", "obj2": "traffic light", "relationship": "in the front of"}}, {"filename1": "5048801862_20e068ebc6_b.jpg", "filename2": "5201215382_93889a2996_b.jpg", "positive": {"bbox1": [3, 764, 5, 894], "bbox2": [143, 764, 310, 550], "obj1": "building", "obj2": "traffic light", "relationship": "outside of"}, "negative": {"bbox1": [2, 473, 2, 219], "bbox2": [120, 578, 106, 221], "obj1": "building", "obj2": "traffic light", "relationship": "in the front of"}}, {"filename1": "5048801862_20e068ebc6_b.jpg", "filename2": "9217153769_25a9320216_b.jpg", "positive": {"bbox1": [3, 764, 5, 894], "bbox2": [143, 764, 310, 550], "obj1": "building", "obj2": "traffic light", "relationship": "outside of"}, "negative": {"bbox1": [4, 374, 6, 365], "bbox2": [204, 353, 237, 252], "obj1": "building", "obj2": "traffic light", "relationship": "in the front of"}}, {"filename1": "5048801862_20e068ebc6_b.jpg", "filename2": "10300024456_8b0bffef3c_b.jpg", "positive": {"bbox1": [3, 764, 5, 894], "bbox2": [143, 764, 310, 550], "obj1": "building", "obj2": "traffic light", "relationship": "outside of"}, "negative": {"bbox1": [159, 854, 182, 577], "bbox2": [732, 837, 453, 540], "obj1": "building", "obj2": "traffic light", "relationship": "in the front of"}}, {"filename1": "5048801862_20e068ebc6_b.jpg", "filename2": "3385256622_aa4ab18c68_b.jpg", "positive": {"bbox1": [3, 764, 5, 894], "bbox2": [143, 764, 310, 550], "obj1": "building", "obj2": "traffic light", "relationship": "outside of"}, "negative": {"bbox1": [123, 571, 3, 867], "bbox2": [286, 360, 484, 525], "obj1": "building", "obj2": "traffic light", "relationship": "in the front of"}}, {"filename1": "5048801862_20e068ebc6_b.jpg", "filename2": "282186013_44905ee459_o.jpg", "positive": {"bbox1": [3, 764, 5, 894], "bbox2": [143, 764, 310, 550], "obj1": "building", "obj2": "traffic light", "relationship": "outside of"}, "negative": {"bbox1": [287, 674, 1, 608], "bbox2": [617, 672, 55, 78], "obj1": "building", "obj2": "traffic light", "relationship": "in the front of"}}]}