{"predicate": "park on", "examples": [{"filename1": "3132214618_5c9a5219b7_o.jpg", "filename2": "9529014465_cedd06f60a_b.jpg", "positive": {"bbox1": [389, 558, 4, 181], "bbox2": [150, 362, 57, 361], "obj1": "street", "obj2": "bus", "relationship": "park on"}, "negative": {"bbox1": [456, 767, 4, 1020], "bbox2": [200, 483, 179, 779], "obj1": "street", "obj2": "bus", "relationship": "on"}}, {"filename1": "3132214618_5c9a5219b7_o.jpg", "filename2": "9400125810_137d291662_b.jpg", "positive": {"bbox1": [389, 558, 4, 181], "bbox2": [150, 362, 57, 361], "obj1": "street", "obj2": "bus", "relationship": "park on"}, "negative": {"bbox1": [625, 707, 1, 239], "bbox2": [23, 785, 217, 937], "obj1": "street", "obj2": "bus", "relationship": "beside"}}, {"filename1": "3132214618_5c9a5219b7_o.jpg", "filename2": "2310497663_c2ff837ab9_o.jpg", "positive": {"bbox1": [389, 558, 4, 181], "bbox2": [150, 362, 57, 361], "obj1": "street", "obj2": "bus", "relationship": "park on"}, "negative": {"bbox1": [471, 664, 7, 1009], "bbox2": [401, 581, 285, 789], "obj1": "street", "obj2": "bus", "relationship": "next to"}}, {"filename1": "3132214618_5c9a5219b7_o.jpg", "filename2": "2310497663_c2ff837ab9_o.jpg", "positive": {"bbox1": [389, 558, 4, 181], "bbox2": [150, 362, 57, 361], "obj1": "street", "obj2": "bus", "relationship": "park on"}, "negative": {"bbox1": [554, 625, 3, 370], "bbox2": [401, 581, 285, 789], "obj1": "street", "obj2": "bus", "relationship": "next to"}}, {"filename1": "3132214618_5c9a5219b7_o.jpg", "filename2": "2310497663_c2ff837ab9_o.jpg", "positive": {"bbox1": [389, 558, 4, 181], "bbox2": [150, 362, 57, 361], "obj1": "street", "obj2": "bus", "relationship": "park on"}, "negative": {"bbox1": [496, 960, 1, 1278], "bbox2": [401, 581, 285, 789], "obj1": "street", "obj2": "bus", "relationship": "on"}}, {"filename1": "3132214618_5c9a5219b7_o.jpg", "filename2": "131637655_0ee63dcd2d_b.jpg", "positive": {"bbox1": [389, 558, 4, 181], "bbox2": [150, 362, 57, 361], "obj1": "street", "obj2": "bus", "relationship": "park on"}, "negative": {"bbox1": [561, 767, 351, 1010], "bbox2": [380, 590, 689, 991], "obj1": "street", "obj2": "bus", "relationship": "on"}}, {"filename1": "3132214618_5c9a5219b7_o.jpg", "filename2": "3461445267_0231dbbf99_o.jpg", "positive": {"bbox1": [389, 558, 4, 181], "bbox2": [150, 362, 57, 361], "obj1": "street", "obj2": "bus", "relationship": "park on"}, "negative": {"bbox1": [582, 959, 1, 1280], "bbox2": [284, 730, 171, 752], "obj1": "street", "obj2": "bus", "relationship": "on"}}, {"filename1": "3132214618_5c9a5219b7_o.jpg", "filename2": "3461445267_0231dbbf99_o.jpg", "positive": {"bbox1": [389, 558, 4, 181], "bbox2": [150, 362, 57, 361], "obj1": "street", "obj2": "bus", "relationship": "park on"}, "negative": {"bbox1": [582, 959, 1, 1280], "bbox2": [383, 614, 1, 74], "obj1": "street", "obj2": "bus", "relationship": "on"}}, {"filename1": "3132214618_5c9a5219b7_o.jpg", "filename2": "7315235362_1e3c31ab25_b.jpg", "positive": {"bbox1": [389, 558, 4, 181], "bbox2": [150, 362, 57, 361], "obj1": "street", "obj2": "bus", "relationship": "park on"}, "negative": {"bbox1": [389, 679, 2, 1023], "bbox2": [272, 367, 285, 654], "obj1": "street", "obj2": "bus", "relationship": "on"}}, {"filename1": "3132214618_5c9a5219b7_o.jpg", "filename2": "7836380018_c6123a65fd_b.jpg", "positive": {"bbox1": [389, 558, 4, 181], "bbox2": [150, 362, 57, 361], "obj1": "street", "obj2": "bus", "relationship": "park on"}, "negative": {"bbox1": [440, 766, 3, 1020], "bbox2": [155, 581, 102, 843], "obj1": "street", "obj2": "bus", "relationship": "on"}}, {"filename1": "3132214618_5c9a5219b7_o.jpg", "filename2": "7977686035_2d761b3796_b.jpg", "positive": {"bbox1": [389, 558, 4, 181], "bbox2": [150, 362, 57, 361], "obj1": "street", "obj2": "bus", "relationship": "park on"}, "negative": {"bbox1": [427, 639, 1, 971], "bbox2": [86, 590, 126, 706], "obj1": "street", "obj2": "bus", "relationship": "on"}}, {"filename1": "3132214618_5c9a5219b7_o.jpg", "filename2": "8906988804_64a667b151_b.jpg", "positive": {"bbox1": [389, 558, 4, 181], "bbox2": [150, 362, 57, 361], "obj1": "street", "obj2": "bus", "relationship": "park on"}, "negative": {"bbox1": [346, 766, 14, 1023], "bbox2": [211, 474, 321, 760], "obj1": "street", "obj2": "bus", "relationship": "in"}}, {"filename1": "3132214618_5c9a5219b7_o.jpg", "filename2": "8906988804_64a667b151_b.jpg", "positive": {"bbox1": [389, 558, 4, 181], "bbox2": [150, 362, 57, 361], "obj1": "street", "obj2": "bus", "relationship": "park on"}, "negative": {"bbox1": [346, 766, 14, 1023], "bbox2": [304, 360, 961, 1021], "obj1": "street", "obj2": "bus", "relationship": "on"}}, {"filename1": "3132214618_5c9a5219b7_o.jpg", "filename2": "8333165364_dc73e6d363_b.jpg", "positive": {"bbox1": [389, 558, 4, 181], "bbox2": [150, 362, 57, 361], "obj1": "street", "obj2": "bus", "relationship": "park on"}, "negative": {"bbox1": [451, 678, 5, 1023], "bbox2": [115, 556, 85, 502], "obj1": "street", "obj2": "bus", "relationship": "on"}}, {"filename1": "3132214618_5c9a5219b7_o.jpg", "filename2": "8333165364_dc73e6d363_b.jpg", "positive": {"bbox1": [389, 558, 4, 181], "bbox2": [150, 362, 57, 361], "obj1": "street", "obj2": "bus", "relationship": "park on"}, "negative": {"bbox1": [451, 678, 5, 1023], "bbox2": [105, 529, 84, 912], "obj1": "street", "obj2": "bus", "relationship": "on"}}, {"filename1": "3132214618_5c9a5219b7_o.jpg", "filename2": "8659862867_d7c900b7e8_b.jpg", "positive": {"bbox1": [389, 558, 4, 181], "bbox2": [150, 362, 57, 361], "obj1": "street", "obj2": "bus", "relationship": "park on"}, "negative": {"bbox1": [331, 680, 1, 1021], "bbox2": [118, 490, 220, 904], "obj1": "street", "obj2": "bus", "relationship": "above"}}, {"filename1": "3132214618_5c9a5219b7_o.jpg", "filename2": "9217153769_25a9320216_b.jpg", "positive": {"bbox1": [389, 558, 4, 181], "bbox2": [150, 362, 57, 361], "obj1": "street", "obj2": "bus", "relationship": "park on"}, "negative": {"bbox1": [323, 558, 5, 1023], "bbox2": [102, 485, 297, 856], "obj1": "street", "obj2": "bus", "relationship": "on"}}, {"filename1": "3132214618_5c9a5219b7_o.jpg", "filename2": "5994550040_19a6199736_b.jpg", "positive": {"bbox1": [389, 558, 4, 181], "bbox2": [150, 362, 57, 361], "obj1": "street", "obj2": "bus", "relationship": "park on"}, "negative": {"bbox1": [378, 685, 1, 461], "bbox2": [212, 448, 382, 712], "obj1": "street", "obj2": "bus", "relationship": "near"}}, {"filename1": "3132214618_5c9a5219b7_o.jpg", "filename2": "9035022212_c35f7f726c_b.jpg", "positive": {"bbox1": [389, 558, 4, 181], "bbox2": [150, 362, 57, 361], "obj1": "street", "obj2": "bus", "relationship": "park on"}, "negative": {"bbox1": [553, 763, 3, 1017], "bbox2": [470, 666, 440, 676], "obj1": "street", "obj2": "bus", "relationship": "on"}}, {"filename1": "3132214618_5c9a5219b7_o.jpg", "filename2": "9108877160_b796980c6c_b.jpg", "positive": {"bbox1": [389, 558, 4, 181], "bbox2": [150, 362, 57, 361], "obj1": "street", "obj2": "bus", "relationship": "park on"}, "negative": {"bbox1": [432, 765, 3, 1023], "bbox2": [230, 520, 264, 715], "obj1": "street", "obj2": "bus", "relationship": "on"}}, {"filename1": "3132214618_5c9a5219b7_o.jpg", "filename2": "8144804064_c50bdb3206_b.jpg", "positive": {"bbox1": [389, 558, 4, 181], "bbox2": [150, 362, 57, 361], "obj1": "street", "obj2": "bus", "relationship": "park on"}, "negative": {"bbox1": [423, 677, 6, 1021], "bbox2": [170, 649, 1, 459], "obj1": "street", "obj2": "bus", "relationship": "by"}}, {"filename1": "3132214618_5c9a5219b7_o.jpg", "filename2": "8144804064_c50bdb3206_b.jpg", "positive": {"bbox1": [389, 558, 4, 181], "bbox2": [150, 362, 57, 361], "obj1": "street", "obj2": "bus", "relationship": "park on"}, "negative": {"bbox1": [423, 677, 6, 1021], "bbox2": [310, 508, 450, 737], "obj1": "street", "obj2": "bus", "relationship": "by"}}, {"filename1": "3132214618_5c9a5219b7_o.jpg", "filename2": "8144804064_c50bdb3206_b.jpg", "positive": {"bbox1": [389, 558, 4, 181], "bbox2": [150, 362, 57, 361], "obj1": "street", "obj2": "bus", "relationship": "park on"}, "negative": {"bbox1": [423, 677, 6, 1021], "bbox2": [323, 474, 655, 833], "obj1": "street", "obj2": "bus", "relationship": "by"}}, {"filename1": "3132214618_5c9a5219b7_o.jpg", "filename2": "468123010_2c9137ff6a_o.jpg", "positive": {"bbox1": [389, 558, 4, 181], "bbox2": [150, 362, 57, 361], "obj1": "street", "obj2": "bus", "relationship": "park on"}, "negative": {"bbox1": [719, 1271, 5, 959], "bbox2": [549, 789, 463, 700], "obj1": "street", "obj2": "bus", "relationship": "over"}}, {"filename1": "3132214618_5c9a5219b7_o.jpg", "filename2": "468123010_2c9137ff6a_o.jpg", "positive": {"bbox1": [389, 558, 4, 181], "bbox2": [150, 362, 57, 361], "obj1": "street", "obj2": "bus", "relationship": "park on"}, "negative": {"bbox1": [719, 1271, 5, 959], "bbox2": [549, 789, 463, 700], "obj1": "street", "obj2": "bus", "relationship": "above"}}, {"filename1": "3132214618_5c9a5219b7_o.jpg", "filename2": "468123010_2c9137ff6a_o.jpg", "positive": {"bbox1": [389, 558, 4, 181], "bbox2": [150, 362, 57, 361], "obj1": "street", "obj2": "bus", "relationship": "park on"}, "negative": {"bbox1": [719, 1271, 5, 959], "bbox2": [549, 789, 463, 700], "obj1": "street", "obj2": "bus", "relationship": "next to"}}, {"filename1": "3132214618_5c9a5219b7_o.jpg", "filename2": "5148485217_78d33b7f44_b.jpg", "positive": {"bbox1": [389, 558, 4, 181], "bbox2": [150, 362, 57, 361], "obj1": "street", "obj2": "bus", "relationship": "park on"}, "negative": {"bbox1": [966, 1021, 509, 759], "bbox2": [941, 1023, 429, 531], "obj1": "street", "obj2": "bus", "relationship": "on"}}, {"filename1": "3132214618_5c9a5219b7_o.jpg", "filename2": "8599277972_14ac71ca9a_b.jpg", "positive": {"bbox1": [389, 558, 4, 181], "bbox2": [150, 362, 57, 361], "obj1": "street", "obj2": "bus", "relationship": "park on"}, "negative": {"bbox1": [407, 765, 340, 986], "bbox2": [138, 502, 395, 780], "obj1": "street", "obj2": "bus", "relationship": "next to"}}, {"filename1": "3132214618_5c9a5219b7_o.jpg", "filename2": "7440734920_03007b1f3f_b.jpg", "positive": {"bbox1": [389, 558, 4, 181], "bbox2": [150, 362, 57, 361], "obj1": "street", "obj2": "bus", "relationship": "park on"}, "negative": {"bbox1": [781, 1022, 1, 1011], "bbox2": [215, 972, 8, 946], "obj1": "street", "obj2": "bus", "relationship": "on"}}, {"filename1": "3132214618_5c9a5219b7_o.jpg", "filename2": "5517129014_fd79fa8aeb_b.jpg", "positive": {"bbox1": [389, 558, 4, 181], "bbox2": [150, 362, 57, 361], "obj1": "street", "obj2": "bus", "relationship": "park on"}, "negative": {"bbox1": [395, 648, 2, 1022], "bbox2": [327, 563, 561, 846], "obj1": "street", "obj2": "bus", "relationship": "on"}}, {"filename1": "3132214618_5c9a5219b7_o.jpg", "filename2": "5517129014_fd79fa8aeb_b.jpg", "positive": {"bbox1": [389, 558, 4, 181], "bbox2": [150, 362, 57, 361], "obj1": "street", "obj2": "bus", "relationship": "park on"}, "negative": {"bbox1": [395, 648, 2, 1022], "bbox2": [327, 563, 561, 846], "obj1": "street", "obj2": "bus", "relationship": "above"}}, {"filename1": "3132214618_5c9a5219b7_o.jpg", "filename2": "3008054318_8dfe57c0d0_b.jpg", "positive": {"bbox1": [389, 558, 4, 181], "bbox2": [150, 362, 57, 361], "obj1": "street", "obj2": "bus", "relationship": "park on"}, "negative": {"bbox1": [463, 762, 5, 1019], "bbox2": [415, 474, 37, 125], "obj1": "street", "obj2": "bus", "relationship": "on"}}, {"filename1": "3132214618_5c9a5219b7_o.jpg", "filename2": "443543803_b0a33b13e6_b.jpg", "positive": {"bbox1": [389, 558, 4, 181], "bbox2": [150, 362, 57, 361], "obj1": "street", "obj2": "bus", "relationship": "park on"}, "negative": {"bbox1": [442, 567, 1, 1023], "bbox2": [455, 499, 499, 541], "obj1": "street", "obj2": "bus", "relationship": "on"}}, {"filename1": "3132214618_5c9a5219b7_o.jpg", "filename2": "443543803_b0a33b13e6_b.jpg", "positive": {"bbox1": [389, 558, 4, 181], "bbox2": [150, 362, 57, 361], "obj1": "street", "obj2": "bus", "relationship": "park on"}, "negative": {"bbox1": [442, 567, 1, 1023], "bbox2": [455, 499, 499, 541], "obj1": "street", "obj2": "bus", "relationship": "across"}}, {"filename1": "3132214618_5c9a5219b7_o.jpg", "filename2": "9534513677_cb3b6eed7e_b.jpg", "positive": {"bbox1": [389, 558, 4, 181], "bbox2": [150, 362, 57, 361], "obj1": "street", "obj2": "bus", "relationship": "park on"}, "negative": {"bbox1": [431, 673, 302, 1024], "bbox2": [244, 612, 314, 804], "obj1": "street", "obj2": "bus", "relationship": "on"}}, {"filename1": "3132214618_5c9a5219b7_o.jpg", "filename2": "7624808688_072e6fa9fe_b.jpg", "positive": {"bbox1": [389, 558, 4, 181], "bbox2": [150, 362, 57, 361], "obj1": "street", "obj2": "bus", "relationship": "park on"}, "negative": {"bbox1": [328, 573, 2, 1020], "bbox2": [11, 427, 1, 421], "obj1": "street", "obj2": "bus", "relationship": "over"}}, {"filename1": "3132214618_5c9a5219b7_o.jpg", "filename2": "7624808688_072e6fa9fe_b.jpg", "positive": {"bbox1": [389, 558, 4, 181], "bbox2": [150, 362, 57, 361], "obj1": "street", "obj2": "bus", "relationship": "park on"}, "negative": {"bbox1": [328, 573, 2, 1020], "bbox2": [11, 427, 1, 421], "obj1": "street", "obj2": "bus", "relationship": "near"}}, {"filename1": "3132214618_5c9a5219b7_o.jpg", "filename2": "7624808688_072e6fa9fe_b.jpg", "positive": {"bbox1": [389, 558, 4, 181], "bbox2": [150, 362, 57, 361], "obj1": "street", "obj2": "bus", "relationship": "park on"}, "negative": {"bbox1": [328, 573, 2, 1020], "bbox2": [128, 444, 410, 920], "obj1": "street", "obj2": "bus", "relationship": "on"}}, {"filename1": "3132214618_5c9a5219b7_o.jpg", "filename2": "8843519334_2e429fe674_b.jpg", "positive": {"bbox1": [389, 558, 4, 181], "bbox2": [150, 362, 57, 361], "obj1": "street", "obj2": "bus", "relationship": "park on"}, "negative": {"bbox1": [559, 671, 139, 860], "bbox2": [323, 529, 521, 641], "obj1": "street", "obj2": "bus", "relationship": "over"}}, {"filename1": "3132214618_5c9a5219b7_o.jpg", "filename2": "8843519334_2e429fe674_b.jpg", "positive": {"bbox1": [389, 558, 4, 181], "bbox2": [150, 362, 57, 361], "obj1": "street", "obj2": "bus", "relationship": "park on"}, "negative": {"bbox1": [559, 671, 139, 860], "bbox2": [323, 529, 521, 641], "obj1": "street", "obj2": "bus", "relationship": "on"}}, {"filename1": "3132214618_5c9a5219b7_o.jpg", "filename2": "3830952157_f0ab13a3b3_b.jpg", "positive": {"bbox1": [389, 558, 4, 181], "bbox2": [150, 362, 57, 361], "obj1": "street", "obj2": "bus", "relationship": "park on"}, "negative": {"bbox1": [65, 767, 1, 1023], "bbox2": [255, 441, 181, 374], "obj1": "street", "obj2": "bus", "relationship": "above"}}, {"filename1": "3132214618_5c9a5219b7_o.jpg", "filename2": "8180292400_8eed5b8120_b.jpg", "positive": {"bbox1": [389, 558, 4, 181], "bbox2": [150, 362, 57, 361], "obj1": "street", "obj2": "bus", "relationship": "park on"}, "negative": {"bbox1": [486, 766, 1, 1022], "bbox2": [152, 522, 347, 591], "obj1": "street", "obj2": "bus", "relationship": "on"}}, {"filename1": "3132214618_5c9a5219b7_o.jpg", "filename2": "8719454964_b335dd4cd5_b.jpg", "positive": {"bbox1": [389, 558, 4, 181], "bbox2": [150, 362, 57, 361], "obj1": "street", "obj2": "bus", "relationship": "park on"}, "negative": {"bbox1": [448, 761, 6, 1019], "bbox2": [393, 522, 274, 537], "obj1": "street", "obj2": "bus", "relationship": "on"}}, {"filename1": "3132214618_5c9a5219b7_o.jpg", "filename2": "9106657955_9eab8c674e_b.jpg", "positive": {"bbox1": [389, 558, 4, 181], "bbox2": [150, 362, 57, 361], "obj1": "street", "obj2": "bus", "relationship": "park on"}, "negative": {"bbox1": [475, 767, 4, 1022], "bbox2": [278, 598, 319, 702], "obj1": "street", "obj2": "bus", "relationship": "on"}}, {"filename1": "3132214618_5c9a5219b7_o.jpg", "filename2": "7092600177_eb6b3ff901_b.jpg", "positive": {"bbox1": [389, 558, 4, 181], "bbox2": [150, 362, 57, 361], "obj1": "street", "obj2": "bus", "relationship": "park on"}, "negative": {"bbox1": [368, 1023, 2, 353], "bbox2": [181, 537, 85, 434], "obj1": "street", "obj2": "bus", "relationship": "next to"}}, {"filename1": "3132214618_5c9a5219b7_o.jpg", "filename2": "7092600177_eb6b3ff901_b.jpg", "positive": {"bbox1": [389, 558, 4, 181], "bbox2": [150, 362, 57, 361], "obj1": "street", "obj2": "bus", "relationship": "park on"}, "negative": {"bbox1": [378, 1023, 2, 680], "bbox2": [181, 537, 85, 434], "obj1": "street", "obj2": "bus", "relationship": "on"}}, {"filename1": "3132214618_5c9a5219b7_o.jpg", "filename2": "8577700076_29cd39570e_b.jpg", "positive": {"bbox1": [389, 558, 4, 181], "bbox2": [150, 362, 57, 361], "obj1": "street", "obj2": "bus", "relationship": "park on"}, "negative": {"bbox1": [590, 765, 2, 1021], "bbox2": [286, 632, 289, 838], "obj1": "street", "obj2": "bus", "relationship": "on"}}, {"filename1": "3132214618_5c9a5219b7_o.jpg", "filename2": "8380975902_772f093f8e_b.jpg", "positive": {"bbox1": [389, 558, 4, 181], "bbox2": [150, 362, 57, 361], "obj1": "street", "obj2": "bus", "relationship": "park on"}, "negative": {"bbox1": [396, 680, 3, 894], "bbox2": [159, 523, 395, 816], "obj1": "street", "obj2": "bus", "relationship": "on"}}, {"filename1": "3132214618_5c9a5219b7_o.jpg", "filename2": "8380975902_772f093f8e_b.jpg", "positive": {"bbox1": [389, 558, 4, 181], "bbox2": [150, 362, 57, 361], "obj1": "street", "obj2": "bus", "relationship": "park on"}, "negative": {"bbox1": [396, 680, 3, 894], "bbox2": [159, 523, 395, 816], "obj1": "street", "obj2": "bus", "relationship": "near"}}, {"filename1": "3132214618_5c9a5219b7_o.jpg", "filename2": "6050135290_038888df93_b.jpg", "positive": {"bbox1": [389, 558, 4, 181], "bbox2": [150, 362, 57, 361], "obj1": "street", "obj2": "bus", "relationship": "park on"}, "negative": {"bbox1": [388, 671, 1, 809], "bbox2": [187, 501, 342, 654], "obj1": "street", "obj2": "bus", "relationship": "on"}}, {"filename1": "3132214618_5c9a5219b7_o.jpg", "filename2": "8355436346_fb0dd8983f_b.jpg", "positive": {"bbox1": [389, 558, 4, 181], "bbox2": [150, 362, 57, 361], "obj1": "street", "obj2": "bus", "relationship": "park on"}, "negative": {"bbox1": [710, 766, 1, 1021], "bbox2": [271, 745, 221, 889], "obj1": "street", "obj2": "bus", "relationship": "on"}}, {"filename1": "3132214618_5c9a5219b7_o.jpg", "filename2": "6279844510_dc29051950_b.jpg", "positive": {"bbox1": [389, 558, 4, 181], "bbox2": [150, 362, 57, 361], "obj1": "street", "obj2": "bus", "relationship": "park on"}, "negative": {"bbox1": [331, 627, 2, 1021], "bbox2": [273, 539, 303, 679], "obj1": "street", "obj2": "bus", "relationship": "over"}}, {"filename1": "3132214618_5c9a5219b7_o.jpg", "filename2": "6279844510_dc29051950_b.jpg", "positive": {"bbox1": [389, 558, 4, 181], "bbox2": [150, 362, 57, 361], "obj1": "street", "obj2": "bus", "relationship": "park on"}, "negative": {"bbox1": [254, 630, 1, 1021], "bbox2": [273, 539, 303, 679], "obj1": "street", "obj2": "bus", "relationship": "on"}}, {"filename1": "3132214618_5c9a5219b7_o.jpg", "filename2": "947317936_6816fc0426_o.jpg", "positive": {"bbox1": [389, 558, 4, 181], "bbox2": [150, 362, 57, 361], "obj1": "street", "obj2": "bus", "relationship": "park on"}, "negative": {"bbox1": [466, 1275, 8, 955], "bbox2": [459, 503, 482, 648], "obj1": "street", "obj2": "bus", "relationship": "drive on"}}, {"filename1": "3132214618_5c9a5219b7_o.jpg", "filename2": "9234597945_67aec25336_b.jpg", "positive": {"bbox1": [389, 558, 4, 181], "bbox2": [150, 362, 57, 361], "obj1": "street", "obj2": "bus", "relationship": "park on"}, "negative": {"bbox1": [341, 575, 1, 1024], "bbox2": [11, 493, 107, 780], "obj1": "street", "obj2": "bus", "relationship": "on"}}, {"filename1": "3132214618_5c9a5219b7_o.jpg", "filename2": "8403082046_c24bfe8f85_b.jpg", "positive": {"bbox1": [389, 558, 4, 181], "bbox2": [150, 362, 57, 361], "obj1": "street", "obj2": "bus", "relationship": "park on"}, "negative": {"bbox1": [362, 682, 1, 1024], "bbox2": [234, 411, 456, 666], "obj1": "street", "obj2": "bus", "relationship": "above"}}, {"filename1": "3132214618_5c9a5219b7_o.jpg", "filename2": "8403082046_c24bfe8f85_b.jpg", "positive": {"bbox1": [389, 558, 4, 181], "bbox2": [150, 362, 57, 361], "obj1": "street", "obj2": "bus", "relationship": "park on"}, "negative": {"bbox1": [389, 681, 2, 1021], "bbox2": [234, 411, 456, 666], "obj1": "street", "obj2": "bus", "relationship": "on"}}, {"filename1": "3132214618_5c9a5219b7_o.jpg", "filename2": "8657823953_4777616843_o.jpg", "positive": {"bbox1": [389, 558, 4, 181], "bbox2": [150, 362, 57, 361], "obj1": "street", "obj2": "bus", "relationship": "park on"}, "negative": {"bbox1": [215, 358, 1, 639], "bbox2": [56, 261, 216, 341], "obj1": "street", "obj2": "bus", "relationship": "on"}}, {"filename1": "3132214618_5c9a5219b7_o.jpg", "filename2": "7568880522_18abd0af4f_b.jpg", "positive": {"bbox1": [389, 558, 4, 181], "bbox2": [150, 362, 57, 361], "obj1": "street", "obj2": "bus", "relationship": "park on"}, "negative": {"bbox1": [458, 757, 13, 1022], "bbox2": [123, 586, 257, 819], "obj1": "street", "obj2": "bus", "relationship": "on"}}, {"filename1": "3132214618_5c9a5219b7_o.jpg", "filename2": "8490806600_119e755c22_b.jpg", "positive": {"bbox1": [389, 558, 4, 181], "bbox2": [150, 362, 57, 361], "obj1": "street", "obj2": "bus", "relationship": "park on"}, "negative": {"bbox1": [524, 767, 6, 1019], "bbox2": [341, 577, 308, 872], "obj1": "street", "obj2": "bus", "relationship": "above"}}, {"filename1": "3132214618_5c9a5219b7_o.jpg", "filename2": "8153712679_011e2d340c_b.jpg", "positive": {"bbox1": [389, 558, 4, 181], "bbox2": [150, 362, 57, 361], "obj1": "street", "obj2": "bus", "relationship": "park on"}, "negative": {"bbox1": [449, 767, 1, 992], "bbox2": [408, 514, 340, 572], "obj1": "street", "obj2": "bus", "relationship": "on"}}, {"filename1": "3132214618_5c9a5219b7_o.jpg", "filename2": "8153712679_011e2d340c_b.jpg", "positive": {"bbox1": [389, 558, 4, 181], "bbox2": [150, 362, 57, 361], "obj1": "street", "obj2": "bus", "relationship": "park on"}, "negative": {"bbox1": [449, 767, 1, 992], "bbox2": [408, 514, 340, 572], "obj1": "street", "obj2": "bus", "relationship": "on"}}, {"filename1": "3132214618_5c9a5219b7_o.jpg", "filename2": "4173453794_466cdbf6ee_b.jpg", "positive": {"bbox1": [389, 558, 4, 181], "bbox2": [150, 362, 57, 361], "obj1": "street", "obj2": "bus", "relationship": "park on"}, "negative": {"bbox1": [504, 677, 1, 1024], "bbox2": [325, 614, 393, 919], "obj1": "street", "obj2": "bus", "relationship": "on"}}, {"filename1": "3132214618_5c9a5219b7_o.jpg", "filename2": "4173453794_466cdbf6ee_b.jpg", "positive": {"bbox1": [389, 558, 4, 181], "bbox2": [150, 362, 57, 361], "obj1": "street", "obj2": "bus", "relationship": "park on"}, "negative": {"bbox1": [504, 677, 1, 1024], "bbox2": [325, 614, 393, 919], "obj1": "street", "obj2": "bus", "relationship": "on"}}, {"filename1": "3132214618_5c9a5219b7_o.jpg", "filename2": "8634409094_bd46c499ac_b.jpg", "positive": {"bbox1": [389, 558, 4, 181], "bbox2": [150, 362, 57, 361], "obj1": "street", "obj2": "bus", "relationship": "park on"}, "negative": {"bbox1": [661, 887, 117, 1021], "bbox2": [383, 744, 583, 1018], "obj1": "street", "obj2": "bus", "relationship": "on"}}, {"filename1": "3132214618_5c9a5219b7_o.jpg", "filename2": "9951556393_616962e4a4_b.jpg", "positive": {"bbox1": [389, 558, 4, 181], "bbox2": [150, 362, 57, 361], "obj1": "street", "obj2": "bus", "relationship": "park on"}, "negative": {"bbox1": [270, 673, 17, 1019], "bbox2": [315, 589, 103, 575], "obj1": "street", "obj2": "bus", "relationship": "in"}}, {"filename1": "3132214618_5c9a5219b7_o.jpg", "filename2": "2178951345_dc6cde7ebd_b.jpg", "positive": {"bbox1": [389, 558, 4, 181], "bbox2": [150, 362, 57, 361], "obj1": "street", "obj2": "bus", "relationship": "park on"}, "negative": {"bbox1": [485, 766, 2, 1017], "bbox2": [220, 586, 588, 946], "obj1": "street", "obj2": "bus", "relationship": "on"}}, {"filename1": "3132214618_5c9a5219b7_o.jpg", "filename2": "3377176196_eda7666688_b.jpg", "positive": {"bbox1": [389, 558, 4, 181], "bbox2": [150, 362, 57, 361], "obj1": "street", "obj2": "bus", "relationship": "park on"}, "negative": {"bbox1": [78, 447, 14, 1014], "bbox2": [94, 172, 580, 861], "obj1": "street", "obj2": "bus", "relationship": "on"}}, {"filename1": "3132214618_5c9a5219b7_o.jpg", "filename2": "6758869169_cb1d2306e5_b.jpg", "positive": {"bbox1": [389, 558, 4, 181], "bbox2": [150, 362, 57, 361], "obj1": "street", "obj2": "bus", "relationship": "park on"}, "negative": {"bbox1": [591, 1023, 31, 501], "bbox2": [932, 1023, 56, 127], "obj1": "street", "obj2": "bus", "relationship": "on"}}, {"filename1": "3132214618_5c9a5219b7_o.jpg", "filename2": "8750726399_6f14b42d73_b.jpg", "positive": {"bbox1": [389, 558, 4, 181], "bbox2": [150, 362, 57, 361], "obj1": "street", "obj2": "bus", "relationship": "park on"}, "negative": {"bbox1": [424, 767, 1, 1021], "bbox2": [314, 546, 472, 804], "obj1": "street", "obj2": "bus", "relationship": "on"}}, {"filename1": "3132214618_5c9a5219b7_o.jpg", "filename2": "8493697552_b363c11959_b.jpg", "positive": {"bbox1": [389, 558, 4, 181], "bbox2": [150, 362, 57, 361], "obj1": "street", "obj2": "bus", "relationship": "park on"}, "negative": {"bbox1": [456, 650, 3, 1023], "bbox2": [256, 507, 447, 706], "obj1": "street", "obj2": "bus", "relationship": "above"}}, {"filename1": "3132214618_5c9a5219b7_o.jpg", "filename2": "8403377415_2afaf3c864_b.jpg", "positive": {"bbox1": [389, 558, 4, 181], "bbox2": [150, 362, 57, 361], "obj1": "street", "obj2": "bus", "relationship": "park on"}, "negative": {"bbox1": [438, 594, 7, 1016], "bbox2": [287, 563, 57, 986], "obj1": "street", "obj2": "bus", "relationship": "on"}}, {"filename1": "3132214618_5c9a5219b7_o.jpg", "filename2": "8182301279_4732e768b3_b.jpg", "positive": {"bbox1": [389, 558, 4, 181], "bbox2": [150, 362, 57, 361], "obj1": "street", "obj2": "bus", "relationship": "park on"}, "negative": {"bbox1": [379, 681, 7, 804], "bbox2": [304, 468, 301, 470], "obj1": "street", "obj2": "bus", "relationship": "drive on"}}, {"filename1": "3132214618_5c9a5219b7_o.jpg", "filename2": "6732759807_4583b60355_b.jpg", "positive": {"bbox1": [389, 558, 4, 181], "bbox2": [150, 362, 57, 361], "obj1": "street", "obj2": "bus", "relationship": "park on"}, "negative": {"bbox1": [701, 765, 1, 1024], "bbox2": [485, 733, 1, 536], "obj1": "street", "obj2": "bus", "relationship": "on"}}, {"filename1": "3132214618_5c9a5219b7_o.jpg", "filename2": "9111041062_c98c498497_b.jpg", "positive": {"bbox1": [389, 558, 4, 181], "bbox2": [150, 362, 57, 361], "obj1": "street", "obj2": "bus", "relationship": "park on"}, "negative": {"bbox1": [475, 767, 8, 745], "bbox2": [344, 512, 180, 355], "obj1": "street", "obj2": "bus", "relationship": "on"}}, {"filename1": "3132214618_5c9a5219b7_o.jpg", "filename2": "8426918868_0387fb2e49_o.jpg", "positive": {"bbox1": [389, 558, 4, 181], "bbox2": [150, 362, 57, 361], "obj1": "street", "obj2": "bus", "relationship": "park on"}, "negative": {"bbox1": [1, 510, 400, 634], "bbox2": [107, 433, 188, 507], "obj1": "street", "obj2": "bus", "relationship": "on"}}, {"filename1": "3132214618_5c9a5219b7_o.jpg", "filename2": "8426918868_0387fb2e49_o.jpg", "positive": {"bbox1": [389, 558, 4, 181], "bbox2": [150, 362, 57, 361], "obj1": "street", "obj2": "bus", "relationship": "park on"}, "negative": {"bbox1": [1, 510, 400, 634], "bbox2": [107, 433, 188, 507], "obj1": "street", "obj2": "bus", "relationship": "on the top of"}}, {"filename1": "3132214618_5c9a5219b7_o.jpg", "filename2": "8426918868_0387fb2e49_o.jpg", "positive": {"bbox1": [389, 558, 4, 181], "bbox2": [150, 362, 57, 361], "obj1": "street", "obj2": "bus", "relationship": "park on"}, "negative": {"bbox1": [1, 510, 400, 634], "bbox2": [107, 433, 188, 507], "obj1": "street", "obj2": "bus", "relationship": "on"}}, {"filename1": "3132214618_5c9a5219b7_o.jpg", "filename2": "2211776283_f56cffd7cc_b.jpg", "positive": {"bbox1": [389, 558, 4, 181], "bbox2": [150, 362, 57, 361], "obj1": "street", "obj2": "bus", "relationship": "park on"}, "negative": {"bbox1": [470, 755, 11, 1023], "bbox2": [315, 481, 271, 747], "obj1": "street", "obj2": "bus", "relationship": "on"}}, {"filename1": "3132214618_5c9a5219b7_o.jpg", "filename2": "9619130106_c27b3b7323_b.jpg", "positive": {"bbox1": [389, 558, 4, 181], "bbox2": [150, 362, 57, 361], "obj1": "street", "obj2": "bus", "relationship": "park on"}, "negative": {"bbox1": [625, 842, 5, 1024], "bbox2": [562, 648, 738, 933], "obj1": "street", "obj2": "bus", "relationship": "on"}}, {"filename1": "3132214618_5c9a5219b7_o.jpg", "filename2": "9619130106_c27b3b7323_b.jpg", "positive": {"bbox1": [389, 558, 4, 181], "bbox2": [150, 362, 57, 361], "obj1": "street", "obj2": "bus", "relationship": "park on"}, "negative": {"bbox1": [625, 842, 5, 1024], "bbox2": [562, 648, 738, 933], "obj1": "street", "obj2": "bus", "relationship": "on"}}, {"filename1": "2037997834_6fdaca5c99_b.jpg", "filename2": "8607127984_71df08e537_b.jpg", "positive": {"bbox1": [590, 683, 549, 979], "bbox2": [615, 684, 553, 677], "obj1": "street", "obj2": "car", "relationship": "park on"}, "negative": {"bbox1": [243, 765, 2, 1020], "bbox2": [393, 510, 859, 983], "obj1": "street", "obj2": "car", "relationship": "on"}}, {"filename1": "2037997834_6fdaca5c99_b.jpg", "filename2": "8607127984_71df08e537_b.jpg", "positive": {"bbox1": [590, 683, 549, 979], "bbox2": [615, 684, 553, 677], "obj1": "street", "obj2": "car", "relationship": "park on"}, "negative": {"bbox1": [243, 765, 2, 1020], "bbox2": [412, 527, 339, 498], "obj1": "street", "obj2": "car", "relationship": "on"}}, {"filename1": "2037997834_6fdaca5c99_b.jpg", "filename2": "10300024456_8b0bffef3c_b.jpg", "positive": {"bbox1": [590, 683, 549, 979], "bbox2": [615, 684, 553, 677], "obj1": "street", "obj2": "car", "relationship": "park on"}, "negative": {"bbox1": [847, 1020, 1, 764], "bbox2": [837, 886, 524, 584], "obj1": "street", "obj2": "car", "relationship": "on"}}, {"filename1": "2037997834_6fdaca5c99_b.jpg", "filename2": "8400328659_10d964f0fe_b.jpg", "positive": {"bbox1": [590, 683, 549, 979], "bbox2": [615, 684, 553, 677], "obj1": "street", "obj2": "car", "relationship": "park on"}, "negative": {"bbox1": [481, 767, 5, 1021], "bbox2": [444, 520, 768, 900], "obj1": "street", "obj2": "car", "relationship": "in"}}, {"filename1": "2037997834_6fdaca5c99_b.jpg", "filename2": "8400328659_10d964f0fe_b.jpg", "positive": {"bbox1": [590, 683, 549, 979], "bbox2": [615, 684, 553, 677], "obj1": "street", "obj2": "car", "relationship": "park on"}, "negative": {"bbox1": [481, 767, 5, 1021], "bbox2": [445, 503, 862, 957], "obj1": "street", "obj2": "car", "relationship": "in"}}, {"filename1": "2037997834_6fdaca5c99_b.jpg", "filename2": "9108877160_b796980c6c_b.jpg", "positive": {"bbox1": [590, 683, 549, 979], "bbox2": [615, 684, 553, 677], "obj1": "street", "obj2": "car", "relationship": "park on"}, "negative": {"bbox1": [432, 765, 3, 1023], "bbox2": [412, 467, 724, 799], "obj1": "street", "obj2": "car", "relationship": "on"}}, {"filename1": "2037997834_6fdaca5c99_b.jpg", "filename2": "8127117860_a0d783289a_b.jpg", "positive": {"bbox1": [590, 683, 549, 979], "bbox2": [615, 684, 553, 677], "obj1": "street", "obj2": "car", "relationship": "park on"}, "negative": {"bbox1": [510, 1019, 3, 679], "bbox2": [424, 555, 532, 621], "obj1": "street", "obj2": "car", "relationship": "above"}}, {"filename1": "2037997834_6fdaca5c99_b.jpg", "filename2": "8127117860_a0d783289a_b.jpg", "positive": {"bbox1": [590, 683, 549, 979], "bbox2": [615, 684, 553, 677], "obj1": "street", "obj2": "car", "relationship": "park on"}, "negative": {"bbox1": [510, 1019, 3, 679], "bbox2": [374, 651, 582, 682], "obj1": "street", "obj2": "car", "relationship": "above"}}, {"filename1": "2037997834_6fdaca5c99_b.jpg", "filename2": "7377162790_f3404c6be3_o.jpg", "positive": {"bbox1": [590, 683, 549, 979], "bbox2": [615, 684, 553, 677], "obj1": "street", "obj2": "car", "relationship": "park on"}, "negative": {"bbox1": [229, 608, 1, 609], "bbox2": [202, 277, 393, 453], "obj1": "street", "obj2": "car", "relationship": "on"}}, {"filename1": "2037997834_6fdaca5c99_b.jpg", "filename2": "5447845352_d66c8a378a_b.jpg", "positive": {"bbox1": [590, 683, 549, 979], "bbox2": [615, 684, 553, 677], "obj1": "street", "obj2": "car", "relationship": "park on"}, "negative": {"bbox1": [577, 662, 3, 1014], "bbox2": [506, 613, 255, 529], "obj1": "street", "obj2": "car", "relationship": "on"}}, {"filename1": "2037997834_6fdaca5c99_b.jpg", "filename2": "8202503478_e2a837a373_b.jpg", "positive": {"bbox1": [590, 683, 549, 979], "bbox2": [615, 684, 553, 677], "obj1": "street", "obj2": "car", "relationship": "park on"}, "negative": {"bbox1": [525, 677, 1, 1023], "bbox2": [423, 542, 876, 1020], "obj1": "street", "obj2": "car", "relationship": "on"}}, {"filename1": "2037997834_6fdaca5c99_b.jpg", "filename2": "34251540_bec994ec35_o.jpg", "positive": {"bbox1": [590, 683, 549, 979], "bbox2": [615, 684, 553, 677], "obj1": "street", "obj2": "car", "relationship": "park on"}, "negative": {"bbox1": [185, 337, 2, 450], "bbox2": [167, 236, 286, 391], "obj1": "street", "obj2": "car", "relationship": "on"}}, {"filename1": "2037997834_6fdaca5c99_b.jpg", "filename2": "5517129014_fd79fa8aeb_b.jpg", "positive": {"bbox1": [590, 683, 549, 979], "bbox2": [615, 684, 553, 677], "obj1": "street", "obj2": "car", "relationship": "park on"}, "negative": {"bbox1": [395, 648, 2, 1022], "bbox2": [481, 566, 889, 996], "obj1": "street", "obj2": "car", "relationship": "on"}}, {"filename1": "2037997834_6fdaca5c99_b.jpg", "filename2": "6221866833_3e53bce1da_b.jpg", "positive": {"bbox1": [590, 683, 549, 979], "bbox2": [615, 684, 553, 677], "obj1": "street", "obj2": "car", "relationship": "park on"}, "negative": {"bbox1": [849, 1018, 1, 764], "bbox2": [835, 920, 466, 662], "obj1": "street", "obj2": "car", "relationship": "on"}}, {"filename1": "2037997834_6fdaca5c99_b.jpg", "filename2": "4559376344_63eb53f854_b.jpg", "positive": {"bbox1": [590, 683, 549, 979], "bbox2": [615, 684, 553, 677], "obj1": "street", "obj2": "car", "relationship": "park on"}, "negative": {"bbox1": [458, 767, 7, 1023], "bbox2": [450, 635, 179, 517], "obj1": "street", "obj2": "car", "relationship": "on"}}, {"filename1": "2037997834_6fdaca5c99_b.jpg", "filename2": "4559376344_63eb53f854_b.jpg", "positive": {"bbox1": [590, 683, 549, 979], "bbox2": [615, 684, 553, 677], "obj1": "street", "obj2": "car", "relationship": "park on"}, "negative": {"bbox1": [458, 767, 7, 1023], "bbox2": [439, 486, 762, 831], "obj1": "street", "obj2": "car", "relationship": "on"}}, {"filename1": "2037997834_6fdaca5c99_b.jpg", "filename2": "5870356720_1369aacf2b_b.jpg", "positive": {"bbox1": [590, 683, 549, 979], "bbox2": [615, 684, 553, 677], "obj1": "street", "obj2": "car", "relationship": "park on"}, "negative": {"bbox1": [529, 764, 389, 1021], "bbox2": [489, 605, 106, 349], "obj1": "street", "obj2": "car", "relationship": "by"}}, {"filename1": "2037997834_6fdaca5c99_b.jpg", "filename2": "443543803_b0a33b13e6_b.jpg", "positive": {"bbox1": [590, 683, 549, 979], "bbox2": [615, 684, 553, 677], "obj1": "street", "obj2": "car", "relationship": "park on"}, "negative": {"bbox1": [442, 567, 1, 1023], "bbox2": [463, 503, 588, 659], "obj1": "street", "obj2": "car", "relationship": "on"}}, {"filename1": "2037997834_6fdaca5c99_b.jpg", "filename2": "5683956034_266c835656_b.jpg", "positive": {"bbox1": [590, 683, 549, 979], "bbox2": [615, 684, 553, 677], "obj1": "street", "obj2": "car", "relationship": "park on"}, "negative": {"bbox1": [612, 1020, 525, 1001], "bbox2": [588, 704, 895, 1011], "obj1": "street", "obj2": "car", "relationship": "next to"}}, {"filename1": "2037997834_6fdaca5c99_b.jpg", "filename2": "5683956034_266c835656_b.jpg", "positive": {"bbox1": [590, 683, 549, 979], "bbox2": [615, 684, 553, 677], "obj1": "street", "obj2": "car", "relationship": "park on"}, "negative": {"bbox1": [612, 1020, 525, 1001], "bbox2": [588, 704, 895, 1011], "obj1": "street", "obj2": "car", "relationship": "on the right of"}}, {"filename1": "2037997834_6fdaca5c99_b.jpg", "filename2": "5683956034_266c835656_b.jpg", "positive": {"bbox1": [590, 683, 549, 979], "bbox2": [615, 684, 553, 677], "obj1": "street", "obj2": "car", "relationship": "park on"}, "negative": {"bbox1": [612, 1020, 525, 1001], "bbox2": [574, 680, 800, 929], "obj1": "street", "obj2": "car", "relationship": "on the right of"}}, {"filename1": "2037997834_6fdaca5c99_b.jpg", "filename2": "5683956034_266c835656_b.jpg", "positive": {"bbox1": [590, 683, 549, 979], "bbox2": [615, 684, 553, 677], "obj1": "street", "obj2": "car", "relationship": "park on"}, "negative": {"bbox1": [612, 1020, 525, 1001], "bbox2": [574, 680, 800, 929], "obj1": "street", "obj2": "car", "relationship": "next to"}}, {"filename1": "2037997834_6fdaca5c99_b.jpg", "filename2": "4102498978_29b80ea652_b.jpg", "positive": {"bbox1": [590, 683, 549, 979], "bbox2": [615, 684, 553, 677], "obj1": "street", "obj2": "car", "relationship": "park on"}, "negative": {"bbox1": [577, 765, 1, 377], "bbox2": [543, 642, 38, 145], "obj1": "street", "obj2": "car", "relationship": "on"}}, {"filename1": "2037997834_6fdaca5c99_b.jpg", "filename2": "7939710016_ef9ecb356b_b.jpg", "positive": {"bbox1": [590, 683, 549, 979], "bbox2": [615, 684, 553, 677], "obj1": "street", "obj2": "car", "relationship": "park on"}, "negative": {"bbox1": [75, 765, 58, 1019], "bbox2": [144, 219, 856, 948], "obj1": "street", "obj2": "car", "relationship": "on"}}, {"filename1": "2037997834_6fdaca5c99_b.jpg", "filename2": "8216172261_c9787f8191_b.jpg", "positive": {"bbox1": [590, 683, 549, 979], "bbox2": [615, 684, 553, 677], "obj1": "street", "obj2": "car", "relationship": "park on"}, "negative": {"bbox1": [479, 637, 1, 1022], "bbox2": [460, 528, 685, 915], "obj1": "street", "obj2": "car", "relationship": "on"}}, {"filename1": "2037997834_6fdaca5c99_b.jpg", "filename2": "213302785_4d9451fdce_b.jpg", "positive": {"bbox1": [590, 683, 549, 979], "bbox2": [615, 684, 553, 677], "obj1": "street", "obj2": "car", "relationship": "park on"}, "negative": {"bbox1": [835, 883, 797, 1024], "bbox2": [825, 860, 936, 980], "obj1": "street", "obj2": "car", "relationship": "on"}}, {"filename1": "2037997834_6fdaca5c99_b.jpg", "filename2": "2634589934_9b5a685189_o.jpg", "positive": {"bbox1": [590, 683, 549, 979], "bbox2": [615, 684, 553, 677], "obj1": "street", "obj2": "car", "relationship": "park on"}, "negative": {"bbox1": [343, 696, 1, 535], "bbox2": [342, 437, 1, 178], "obj1": "street", "obj2": "car", "relationship": "on"}}, {"filename1": "2037997834_6fdaca5c99_b.jpg", "filename2": "7388155922_fd711b168c_b.jpg", "positive": {"bbox1": [590, 683, 549, 979], "bbox2": [615, 684, 553, 677], "obj1": "street", "obj2": "car", "relationship": "park on"}, "negative": {"bbox1": [409, 767, 118, 1021], "bbox2": [437, 551, 793, 1021], "obj1": "street", "obj2": "car", "relationship": "on"}}, {"filename1": "2037997834_6fdaca5c99_b.jpg", "filename2": "7532862850_49e924ce7e_b.jpg", "positive": {"bbox1": [590, 683, 549, 979], "bbox2": [615, 684, 553, 677], "obj1": "street", "obj2": "car", "relationship": "park on"}, "negative": {"bbox1": [408, 638, 1, 1023], "bbox2": [314, 498, 65, 526], "obj1": "street", "obj2": "car", "relationship": "on"}}, {"filename1": "2037997834_6fdaca5c99_b.jpg", "filename2": "7162772807_969b288e08_b.jpg", "positive": {"bbox1": [590, 683, 549, 979], "bbox2": [615, 684, 553, 677], "obj1": "street", "obj2": "car", "relationship": "park on"}, "negative": {"bbox1": [662, 1024, 27, 594], "bbox2": [626, 950, 482, 767], "obj1": "street", "obj2": "car", "relationship": "on"}}, {"filename1": "2037997834_6fdaca5c99_b.jpg", "filename2": "4021028091_aa2abb2990_b.jpg", "positive": {"bbox1": [590, 683, 549, 979], "bbox2": [615, 684, 553, 677], "obj1": "street", "obj2": "car", "relationship": "park on"}, "negative": {"bbox1": [299, 679, 10, 1023], "bbox2": [628, 679, 415, 639], "obj1": "street", "obj2": "car", "relationship": "above"}}, {"filename1": "2037997834_6fdaca5c99_b.jpg", "filename2": "4021028091_aa2abb2990_b.jpg", "positive": {"bbox1": [590, 683, 549, 979], "bbox2": [615, 684, 553, 677], "obj1": "street", "obj2": "car", "relationship": "park on"}, "negative": {"bbox1": [299, 679, 10, 1023], "bbox2": [534, 675, 575, 779], "obj1": "street", "obj2": "car", "relationship": "above"}}, {"filename1": "2037997834_6fdaca5c99_b.jpg", "filename2": "2054226154_812277d10a_o.jpg", "positive": {"bbox1": [590, 683, 549, 979], "bbox2": [615, 684, 553, 677], "obj1": "street", "obj2": "car", "relationship": "park on"}, "negative": {"bbox1": [392, 1275, 1, 954], "bbox2": [375, 559, 671, 956], "obj1": "street", "obj2": "car", "relationship": "by"}}, {"filename1": "2037997834_6fdaca5c99_b.jpg", "filename2": "4607601147_412c14a80d_b.jpg", "positive": {"bbox1": [590, 683, 549, 979], "bbox2": [615, 684, 553, 677], "obj1": "street", "obj2": "car", "relationship": "park on"}, "negative": {"bbox1": [354, 598, 11, 1016], "bbox2": [336, 467, 202, 404], "obj1": "street", "obj2": "car", "relationship": "on"}}, {"filename1": "2037997834_6fdaca5c99_b.jpg", "filename2": "5834907410_170c4aa7fb_b.jpg", "positive": {"bbox1": [590, 683, 549, 979], "bbox2": [615, 684, 553, 677], "obj1": "street", "obj2": "car", "relationship": "park on"}, "negative": {"bbox1": [481, 767, 3, 1022], "bbox2": [400, 576, 140, 597], "obj1": "street", "obj2": "car", "relationship": "on"}}, {"filename1": "2037997834_6fdaca5c99_b.jpg", "filename2": "5834907410_170c4aa7fb_b.jpg", "positive": {"bbox1": [590, 683, 549, 979], "bbox2": [615, 684, 553, 677], "obj1": "street", "obj2": "car", "relationship": "park on"}, "negative": {"bbox1": [481, 767, 3, 1022], "bbox2": [393, 509, 669, 878], "obj1": "street", "obj2": "car", "relationship": "on"}}, {"filename1": "2037997834_6fdaca5c99_b.jpg", "filename2": "3830952157_f0ab13a3b3_b.jpg", "positive": {"bbox1": [590, 683, 549, 979], "bbox2": [615, 684, 553, 677], "obj1": "street", "obj2": "car", "relationship": "park on"}, "negative": {"bbox1": [65, 767, 1, 1023], "bbox2": [614, 700, 273, 387], "obj1": "street", "obj2": "car", "relationship": "above"}}, {"filename1": "2037997834_6fdaca5c99_b.jpg", "filename2": "3830952157_f0ab13a3b3_b.jpg", "positive": {"bbox1": [590, 683, 549, 979], "bbox2": [615, 684, 553, 677], "obj1": "street", "obj2": "car", "relationship": "park on"}, "negative": {"bbox1": [65, 767, 1, 1023], "bbox2": [472, 550, 65, 184], "obj1": "street", "obj2": "car", "relationship": "above"}}, {"filename1": "2037997834_6fdaca5c99_b.jpg", "filename2": "8719454964_b335dd4cd5_b.jpg", "positive": {"bbox1": [590, 683, 549, 979], "bbox2": [615, 684, 553, 677], "obj1": "street", "obj2": "car", "relationship": "park on"}, "negative": {"bbox1": [448, 761, 6, 1019], "bbox2": [470, 622, 103, 379], "obj1": "street", "obj2": "car", "relationship": "on"}}, {"filename1": "2037997834_6fdaca5c99_b.jpg", "filename2": "1328887959_e43630c4de_b.jpg", "positive": {"bbox1": [590, 683, 549, 979], "bbox2": [615, 684, 553, 677], "obj1": "street", "obj2": "car", "relationship": "park on"}, "negative": {"bbox1": [562, 767, 4, 1014], "bbox2": [552, 574, 325, 350], "obj1": "street", "obj2": "car", "relationship": "above"}}, {"filename1": "2037997834_6fdaca5c99_b.jpg", "filename2": "3141015389_d1dd4fa2ee_b.jpg", "positive": {"bbox1": [590, 683, 549, 979], "bbox2": [615, 684, 553, 677], "obj1": "street", "obj2": "car", "relationship": "park on"}, "negative": {"bbox1": [628, 994, 3, 764], "bbox2": [565, 908, 1, 620], "obj1": "street", "obj2": "car", "relationship": "on"}}, {"filename1": "2037997834_6fdaca5c99_b.jpg", "filename2": "7092600177_eb6b3ff901_b.jpg", "positive": {"bbox1": [590, 683, 549, 979], "bbox2": [615, 684, 553, 677], "obj1": "street", "obj2": "car", "relationship": "park on"}, "negative": {"bbox1": [378, 1023, 2, 680], "bbox2": [439, 476, 543, 620], "obj1": "street", "obj2": "car", "relationship": "on"}}, {"filename1": "2037997834_6fdaca5c99_b.jpg", "filename2": "3990733951_956a08d4f0_o.jpg", "positive": {"bbox1": [590, 683, 549, 979], "bbox2": [615, 684, 553, 677], "obj1": "street", "obj2": "car", "relationship": "park on"}, "negative": {"bbox1": [351, 766, 3, 1023], "bbox2": [100, 473, 30, 915], "obj1": "street", "obj2": "car", "relationship": "on"}}, {"filename1": "2037997834_6fdaca5c99_b.jpg", "filename2": "5859949267_15846dccd8_b.jpg", "positive": {"bbox1": [590, 683, 549, 979], "bbox2": [615, 684, 553, 677], "obj1": "street", "obj2": "car", "relationship": "park on"}, "negative": {"bbox1": [279, 679, 2, 1023], "bbox2": [96, 550, 1, 433], "obj1": "street", "obj2": "car", "relationship": "on"}}, {"filename1": "2037997834_6fdaca5c99_b.jpg", "filename2": "5859949267_15846dccd8_b.jpg", "positive": {"bbox1": [590, 683, 549, 979], "bbox2": [615, 684, 553, 677], "obj1": "street", "obj2": "car", "relationship": "park on"}, "negative": {"bbox1": [279, 679, 2, 1023], "bbox2": [96, 550, 1, 433], "obj1": "street", "obj2": "car", "relationship": "over"}}, {"filename1": "2037997834_6fdaca5c99_b.jpg", "filename2": "7619247358_08bc495f66_b.jpg", "positive": {"bbox1": [590, 683, 549, 979], "bbox2": [615, 684, 553, 677], "obj1": "street", "obj2": "car", "relationship": "park on"}, "negative": {"bbox1": [646, 796, 4, 417], "bbox2": [594, 658, 272, 349], "obj1": "street", "obj2": "car", "relationship": "on"}}, {"filename1": "2037997834_6fdaca5c99_b.jpg", "filename2": "5072767630_019b84b27e_b.jpg", "positive": {"bbox1": [590, 683, 549, 979], "bbox2": [615, 684, 553, 677], "obj1": "street", "obj2": "car", "relationship": "park on"}, "negative": {"bbox1": [178, 351, 5, 531], "bbox2": [139, 219, 1, 179], "obj1": "street", "obj2": "car", "relationship": "on"}}, {"filename1": "2037997834_6fdaca5c99_b.jpg", "filename2": "8155102245_2db613336b_b.jpg", "positive": {"bbox1": [590, 683, 549, 979], "bbox2": [615, 684, 553, 677], "obj1": "street", "obj2": "car", "relationship": "park on"}, "negative": {"bbox1": [266, 679, 1, 1013], "bbox2": [160, 345, 136, 344], "obj1": "street", "obj2": "car", "relationship": "on"}}, {"filename1": "2037997834_6fdaca5c99_b.jpg", "filename2": "526874983_6d0c785581_b.jpg", "positive": {"bbox1": [590, 683, 549, 979], "bbox2": [615, 684, 553, 677], "obj1": "street", "obj2": "car", "relationship": "park on"}, "negative": {"bbox1": [493, 1022, 58, 965], "bbox2": [308, 565, 319, 612], "obj1": "street", "obj2": "car", "relationship": "above"}}, {"filename1": "2037997834_6fdaca5c99_b.jpg", "filename2": "6279844510_dc29051950_b.jpg", "positive": {"bbox1": [590, 683, 549, 979], "bbox2": [615, 684, 553, 677], "obj1": "street", "obj2": "car", "relationship": "park on"}, "negative": {"bbox1": [331, 627, 2, 1021], "bbox2": [408, 488, 247, 294], "obj1": "street", "obj2": "car", "relationship": "over"}}, {"filename1": "2037997834_6fdaca5c99_b.jpg", "filename2": "6279844510_dc29051950_b.jpg", "positive": {"bbox1": [590, 683, 549, 979], "bbox2": [615, 684, 553, 677], "obj1": "street", "obj2": "car", "relationship": "park on"}, "negative": {"bbox1": [331, 627, 2, 1021], "bbox2": [408, 488, 247, 294], "obj1": "street", "obj2": "car", "relationship": "on"}}, {"filename1": "2037997834_6fdaca5c99_b.jpg", "filename2": "8224728949_fa09beb316_b.jpg", "positive": {"bbox1": [590, 683, 549, 979], "bbox2": [615, 684, 553, 677], "obj1": "street", "obj2": "car", "relationship": "park on"}, "negative": {"bbox1": [323, 1012, 1, 730], "bbox2": [310, 361, 425, 483], "obj1": "street", "obj2": "car", "relationship": "on"}}, {"filename1": "2037997834_6fdaca5c99_b.jpg", "filename2": "6670376855_f729a4d31c_b.jpg", "positive": {"bbox1": [590, 683, 549, 979], "bbox2": [615, 684, 553, 677], "obj1": "street", "obj2": "car", "relationship": "park on"}, "negative": {"bbox1": [337, 448, 2, 1022], "bbox2": [134, 390, 230, 877], "obj1": "street", "obj2": "car", "relationship": "on"}}, {"filename1": "2037997834_6fdaca5c99_b.jpg", "filename2": "7249383284_61572f86f3_b.jpg", "positive": {"bbox1": [590, 683, 549, 979], "bbox2": [615, 684, 553, 677], "obj1": "street", "obj2": "car", "relationship": "park on"}, "negative": {"bbox1": [466, 1021, 2, 679], "bbox2": [112, 902, 4, 580], "obj1": "street", "obj2": "car", "relationship": "on"}}, {"filename1": "2037997834_6fdaca5c99_b.jpg", "filename2": "7249383284_61572f86f3_b.jpg", "positive": {"bbox1": [590, 683, 549, 979], "bbox2": [615, 684, 553, 677], "obj1": "street", "obj2": "car", "relationship": "park on"}, "negative": {"bbox1": [466, 1021, 2, 679], "bbox2": [112, 902, 4, 580], "obj1": "street", "obj2": "car", "relationship": "over"}}, {"filename1": "2037997834_6fdaca5c99_b.jpg", "filename2": "7249383284_61572f86f3_b.jpg", "positive": {"bbox1": [590, 683, 549, 979], "bbox2": [615, 684, 553, 677], "obj1": "street", "obj2": "car", "relationship": "park on"}, "negative": {"bbox1": [466, 1021, 2, 679], "bbox2": [112, 902, 4, 580], "obj1": "street", "obj2": "car", "relationship": "above"}}, {"filename1": "2037997834_6fdaca5c99_b.jpg", "filename2": "3273003557_1b5a286704_b.jpg", "positive": {"bbox1": [590, 683, 549, 979], "bbox2": [615, 684, 553, 677], "obj1": "street", "obj2": "car", "relationship": "park on"}, "negative": {"bbox1": [326, 723, 1, 1014], "bbox2": [374, 489, 541, 695], "obj1": "street", "obj2": "car", "relationship": "on"}}, {"filename1": "2037997834_6fdaca5c99_b.jpg", "filename2": "6732475087_830b573776_b.jpg", "positive": {"bbox1": [590, 683, 549, 979], "bbox2": [615, 684, 553, 677], "obj1": "street", "obj2": "car", "relationship": "park on"}, "negative": {"bbox1": [557, 749, 8, 1022], "bbox2": [512, 708, 611, 971], "obj1": "street", "obj2": "car", "relationship": "on"}}, {"filename1": "2037997834_6fdaca5c99_b.jpg", "filename2": "8427774880_31c97daac6_b.jpg", "positive": {"bbox1": [590, 683, 549, 979], "bbox2": [615, 684, 553, 677], "obj1": "street", "obj2": "car", "relationship": "park on"}, "negative": {"bbox1": [385, 678, 5, 1018], "bbox2": [428, 648, 2, 659], "obj1": "street", "obj2": "car", "relationship": "on"}}, {"filename1": "2037997834_6fdaca5c99_b.jpg", "filename2": "8427774880_31c97daac6_b.jpg", "positive": {"bbox1": [590, 683, 549, 979], "bbox2": [615, 684, 553, 677], "obj1": "street", "obj2": "car", "relationship": "park on"}, "negative": {"bbox1": [385, 678, 5, 1018], "bbox2": [404, 489, 1, 311], "obj1": "street", "obj2": "car", "relationship": "on"}}, {"filename1": "2037997834_6fdaca5c99_b.jpg", "filename2": "1427534373_3c1cb3d496_o.jpg", "positive": {"bbox1": [590, 683, 549, 979], "bbox2": [615, 684, 553, 677], "obj1": "street", "obj2": "car", "relationship": "park on"}, "negative": {"bbox1": [356, 479, 2, 637], "bbox2": [351, 399, 341, 476], "obj1": "street", "obj2": "car", "relationship": "on"}}, {"filename1": "2037997834_6fdaca5c99_b.jpg", "filename2": "1427534373_3c1cb3d496_o.jpg", "positive": {"bbox1": [590, 683, 549, 979], "bbox2": [615, 684, 553, 677], "obj1": "street", "obj2": "car", "relationship": "park on"}, "negative": {"bbox1": [356, 479, 2, 637], "bbox2": [337, 385, 3, 134], "obj1": "street", "obj2": "car", "relationship": "on"}}, {"filename1": "2037997834_6fdaca5c99_b.jpg", "filename2": "8403082046_c24bfe8f85_b.jpg", "positive": {"bbox1": [590, 683, 549, 979], "bbox2": [615, 684, 553, 677], "obj1": "street", "obj2": "car", "relationship": "park on"}, "negative": {"bbox1": [389, 681, 2, 1021], "bbox2": [308, 483, 745, 981], "obj1": "street", "obj2": "car", "relationship": "on"}}, {"filename1": "2037997834_6fdaca5c99_b.jpg", "filename2": "8403082046_c24bfe8f85_b.jpg", "positive": {"bbox1": [590, 683, 549, 979], "bbox2": [615, 684, 553, 677], "obj1": "street", "obj2": "car", "relationship": "park on"}, "negative": {"bbox1": [389, 681, 2, 1021], "bbox2": [297, 434, 778, 1021], "obj1": "street", "obj2": "car", "relationship": "on"}}, {"filename1": "2037997834_6fdaca5c99_b.jpg", "filename2": "8403082046_c24bfe8f85_b.jpg", "positive": {"bbox1": [590, 683, 549, 979], "bbox2": [615, 684, 553, 677], "obj1": "street", "obj2": "car", "relationship": "park on"}, "negative": {"bbox1": [389, 681, 2, 1021], "bbox2": [323, 396, 655, 740], "obj1": "street", "obj2": "car", "relationship": "on"}}, {"filename1": "2037997834_6fdaca5c99_b.jpg", "filename2": "507902681_eda1bcedd4_b.jpg", "positive": {"bbox1": [590, 683, 549, 979], "bbox2": [615, 684, 553, 677], "obj1": "street", "obj2": "car", "relationship": "park on"}, "negative": {"bbox1": [861, 1024, 17, 723], "bbox2": [865, 945, 661, 765], "obj1": "street", "obj2": "car", "relationship": "on"}}, {"filename1": "2037997834_6fdaca5c99_b.jpg", "filename2": "5342421768_f17b3c4792_b.jpg", "positive": {"bbox1": [590, 683, 549, 979], "bbox2": [615, 684, 553, 677], "obj1": "street", "obj2": "car", "relationship": "park on"}, "negative": {"bbox1": [547, 681, 255, 482], "bbox2": [532, 597, 171, 248], "obj1": "street", "obj2": "car", "relationship": "beside"}}, {"filename1": "2037997834_6fdaca5c99_b.jpg", "filename2": "8153712679_011e2d340c_b.jpg", "positive": {"bbox1": [590, 683, 549, 979], "bbox2": [615, 684, 553, 677], "obj1": "street", "obj2": "car", "relationship": "park on"}, "negative": {"bbox1": [449, 767, 1, 992], "bbox2": [485, 678, 728, 947], "obj1": "street", "obj2": "car", "relationship": "on"}}, {"filename1": "2037997834_6fdaca5c99_b.jpg", "filename2": "8153712679_011e2d340c_b.jpg", "positive": {"bbox1": [590, 683, 549, 979], "bbox2": [615, 684, 553, 677], "obj1": "street", "obj2": "car", "relationship": "park on"}, "negative": {"bbox1": [449, 767, 1, 992], "bbox2": [465, 536, 8, 93], "obj1": "street", "obj2": "car", "relationship": "on"}}, {"filename1": "2037997834_6fdaca5c99_b.jpg", "filename2": "4173453794_466cdbf6ee_b.jpg", "positive": {"bbox1": [590, 683, 549, 979], "bbox2": [615, 684, 553, 677], "obj1": "street", "obj2": "car", "relationship": "park on"}, "negative": {"bbox1": [504, 677, 1, 1024], "bbox2": [471, 561, 1, 61], "obj1": "street", "obj2": "car", "relationship": "on"}}, {"filename1": "2037997834_6fdaca5c99_b.jpg", "filename2": "8634409094_bd46c499ac_b.jpg", "positive": {"bbox1": [590, 683, 549, 979], "bbox2": [615, 684, 553, 677], "obj1": "street", "obj2": "car", "relationship": "park on"}, "negative": {"bbox1": [661, 887, 117, 1021], "bbox2": [604, 685, 214, 335], "obj1": "street", "obj2": "car", "relationship": "on"}}, {"filename1": "2037997834_6fdaca5c99_b.jpg", "filename2": "3497604631_e0433d39d9_b.jpg", "positive": {"bbox1": [590, 683, 549, 979], "bbox2": [615, 684, 553, 677], "obj1": "street", "obj2": "car", "relationship": "park on"}, "negative": {"bbox1": [266, 678, 818, 1023], "bbox2": [352, 406, 925, 975], "obj1": "street", "obj2": "car", "relationship": "on"}}, {"filename1": "2037997834_6fdaca5c99_b.jpg", "filename2": "3497604631_e0433d39d9_b.jpg", "positive": {"bbox1": [590, 683, 549, 979], "bbox2": [615, 684, 553, 677], "obj1": "street", "obj2": "car", "relationship": "park on"}, "negative": {"bbox1": [266, 678, 818, 1023], "bbox2": [327, 359, 948, 981], "obj1": "street", "obj2": "car", "relationship": "on"}}, {"filename1": "2037997834_6fdaca5c99_b.jpg", "filename2": "3377176196_eda7666688_b.jpg", "positive": {"bbox1": [590, 683, 549, 979], "bbox2": [615, 684, 553, 677], "obj1": "street", "obj2": "car", "relationship": "park on"}, "negative": {"bbox1": [78, 447, 14, 1014], "bbox2": [182, 239, 176, 274], "obj1": "street", "obj2": "car", "relationship": "on"}}, {"filename1": "2037997834_6fdaca5c99_b.jpg", "filename2": "6758869169_cb1d2306e5_b.jpg", "positive": {"bbox1": [590, 683, 549, 979], "bbox2": [615, 684, 553, 677], "obj1": "street", "obj2": "car", "relationship": "park on"}, "negative": {"bbox1": [591, 1023, 31, 501], "bbox2": [798, 827, 323, 351], "obj1": "street", "obj2": "car", "relationship": "on"}}, {"filename1": "2037997834_6fdaca5c99_b.jpg", "filename2": "8750726399_6f14b42d73_b.jpg", "positive": {"bbox1": [590, 683, 549, 979], "bbox2": [615, 684, 553, 677], "obj1": "street", "obj2": "car", "relationship": "park on"}, "negative": {"bbox1": [424, 767, 1, 1021], "bbox2": [424, 467, 919, 971], "obj1": "street", "obj2": "car", "relationship": "on"}}, {"filename1": "2037997834_6fdaca5c99_b.jpg", "filename2": "8295620910_5ed4cc38dc_b.jpg", "positive": {"bbox1": [590, 683, 549, 979], "bbox2": [615, 684, 553, 677], "obj1": "street", "obj2": "car", "relationship": "park on"}, "negative": {"bbox1": [292, 500, 2, 889], "bbox2": [273, 294, 676, 715], "obj1": "street", "obj2": "car", "relationship": "in"}}, {"filename1": "2037997834_6fdaca5c99_b.jpg", "filename2": "7145000627_f66fab8eb6_b.jpg", "positive": {"bbox1": [590, 683, 549, 979], "bbox2": [615, 684, 553, 677], "obj1": "street", "obj2": "car", "relationship": "park on"}, "negative": {"bbox1": [516, 533, 1, 206], "bbox2": [494, 530, 71, 188], "obj1": "street", "obj2": "car", "relationship": "on"}}, {"filename1": "2037997834_6fdaca5c99_b.jpg", "filename2": "8744519339_ffb9a7b3b7_b.jpg", "positive": {"bbox1": [590, 683, 549, 979], "bbox2": [615, 684, 553, 677], "obj1": "street", "obj2": "car", "relationship": "park on"}, "negative": {"bbox1": [416, 757, 120, 1021], "bbox2": [522, 597, 878, 1004], "obj1": "street", "obj2": "car", "relationship": "on"}}, {"filename1": "2037997834_6fdaca5c99_b.jpg", "filename2": "8744519339_ffb9a7b3b7_b.jpg", "positive": {"bbox1": [590, 683, 549, 979], "bbox2": [615, 684, 553, 677], "obj1": "street", "obj2": "car", "relationship": "park on"}, "negative": {"bbox1": [416, 757, 120, 1021], "bbox2": [550, 639, 965, 1024], "obj1": "street", "obj2": "car", "relationship": "on"}}, {"filename1": "2037997834_6fdaca5c99_b.jpg", "filename2": "8182301279_4732e768b3_b.jpg", "positive": {"bbox1": [590, 683, 549, 979], "bbox2": [615, 684, 553, 677], "obj1": "street", "obj2": "car", "relationship": "park on"}, "negative": {"bbox1": [377, 571, 508, 1024], "bbox2": [389, 458, 533, 624], "obj1": "street", "obj2": "car", "relationship": "beside"}}, {"filename1": "2037997834_6fdaca5c99_b.jpg", "filename2": "8182301279_4732e768b3_b.jpg", "positive": {"bbox1": [590, 683, 549, 979], "bbox2": [615, 684, 553, 677], "obj1": "street", "obj2": "car", "relationship": "park on"}, "negative": {"bbox1": [377, 571, 508, 1024], "bbox2": [389, 458, 533, 624], "obj1": "street", "obj2": "car", "relationship": "by"}}, {"filename1": "2037997834_6fdaca5c99_b.jpg", "filename2": "8182301279_4732e768b3_b.jpg", "positive": {"bbox1": [590, 683, 549, 979], "bbox2": [615, 684, 553, 677], "obj1": "street", "obj2": "car", "relationship": "park on"}, "negative": {"bbox1": [379, 681, 7, 804], "bbox2": [363, 678, 4, 315], "obj1": "street", "obj2": "car", "relationship": "drive on"}}, {"filename1": "2037997834_6fdaca5c99_b.jpg", "filename2": "7280950042_45b937f2cf_b.jpg", "positive": {"bbox1": [590, 683, 549, 979], "bbox2": [615, 684, 553, 677], "obj1": "street", "obj2": "car", "relationship": "park on"}, "negative": {"bbox1": [45, 763, 3, 1022], "bbox2": [24, 496, 1, 482], "obj1": "street", "obj2": "car", "relationship": "on"}}, {"filename1": "2037997834_6fdaca5c99_b.jpg", "filename2": "3646485212_91ba43bb9c_b.jpg", "positive": {"bbox1": [590, 683, 549, 979], "bbox2": [615, 684, 553, 677], "obj1": "street", "obj2": "car", "relationship": "park on"}, "negative": {"bbox1": [415, 762, 259, 1016], "bbox2": [242, 629, 662, 1023], "obj1": "street", "obj2": "car", "relationship": "on"}}, {"filename1": "2037997834_6fdaca5c99_b.jpg", "filename2": "3646485212_91ba43bb9c_b.jpg", "positive": {"bbox1": [590, 683, 549, 979], "bbox2": [615, 684, 553, 677], "obj1": "street", "obj2": "car", "relationship": "park on"}, "negative": {"bbox1": [415, 762, 259, 1016], "bbox2": [242, 629, 662, 1023], "obj1": "street", "obj2": "car", "relationship": "on the top of"}}, {"filename1": "2037997834_6fdaca5c99_b.jpg", "filename2": "476439581_739db6f412_b.jpg", "positive": {"bbox1": [590, 683, 549, 979], "bbox2": [615, 684, 553, 677], "obj1": "street", "obj2": "car", "relationship": "park on"}, "negative": {"bbox1": [566, 767, 177, 1023], "bbox2": [562, 664, 502, 686], "obj1": "street", "obj2": "car", "relationship": "on"}}, {"filename1": "2037997834_6fdaca5c99_b.jpg", "filename2": "3125233905_b566622f77_b.jpg", "positive": {"bbox1": [590, 683, 549, 979], "bbox2": [615, 684, 553, 677], "obj1": "street", "obj2": "car", "relationship": "park on"}, "negative": {"bbox1": [682, 1022, 1, 767], "bbox2": [735, 826, 18, 171], "obj1": "street", "obj2": "car", "relationship": "above"}}, {"filename1": "2037997834_6fdaca5c99_b.jpg", "filename2": "5858166375_b1e21e013c_b.jpg", "positive": {"bbox1": [590, 683, 549, 979], "bbox2": [615, 684, 553, 677], "obj1": "street", "obj2": "car", "relationship": "park on"}, "negative": {"bbox1": [428, 763, 2, 1021], "bbox2": [288, 484, 965, 1022], "obj1": "street", "obj2": "car", "relationship": "on"}}, {"filename1": "2037997834_6fdaca5c99_b.jpg", "filename2": "9619130106_c27b3b7323_b.jpg", "positive": {"bbox1": [590, 683, 549, 979], "bbox2": [615, 684, 553, 677], "obj1": "street", "obj2": "car", "relationship": "park on"}, "negative": {"bbox1": [625, 842, 5, 1024], "bbox2": [558, 809, 249, 810], "obj1": "street", "obj2": "car", "relationship": "on"}}, {"filename1": "2037997834_6fdaca5c99_b.jpg", "filename2": "3580941967_a33d14ae6d_b.jpg", "positive": {"bbox1": [590, 683, 549, 979], "bbox2": [615, 684, 553, 677], "obj1": "street", "obj2": "car", "relationship": "park on"}, "negative": {"bbox1": [377, 513, 337, 639], "bbox2": [410, 476, 292, 387], "obj1": "street", "obj2": "car", "relationship": "above"}}, {"filename1": "6126969134_fbec042409_b.jpg", "filename2": "6447683987_24417c4024_b.jpg", "positive": {"bbox1": [503, 679, 6, 886], "bbox2": [482, 650, 723, 904], "obj1": "street", "obj2": "truck", "relationship": "park on"}, "negative": {"bbox1": [361, 684, 54, 1023], "bbox2": [201, 484, 240, 811], "obj1": "street", "obj2": "truck", "relationship": "on"}}, {"filename1": "6126969134_fbec042409_b.jpg", "filename2": "8227611016_6f4b82dea0_b.jpg", "positive": {"bbox1": [503, 679, 6, 886], "bbox2": [482, 650, 723, 904], "obj1": "street", "obj2": "truck", "relationship": "park on"}, "negative": {"bbox1": [290, 678, 4, 832], "bbox2": [134, 330, 211, 792], "obj1": "street", "obj2": "truck", "relationship": "on"}}, {"filename1": "6126969134_fbec042409_b.jpg", "filename2": "8227611016_6f4b82dea0_b.jpg", "positive": {"bbox1": [503, 679, 6, 886], "bbox2": [482, 650, 723, 904], "obj1": "street", "obj2": "truck", "relationship": "park on"}, "negative": {"bbox1": [253, 679, 172, 1023], "bbox2": [134, 330, 211, 792], "obj1": "street", "obj2": "truck", "relationship": "by"}}, {"filename1": "6126969134_fbec042409_b.jpg", "filename2": "7612145156_9be0cb1e38_o.jpg", "positive": {"bbox1": [503, 679, 6, 886], "bbox2": [482, 650, 723, 904], "obj1": "street", "obj2": "truck", "relationship": "park on"}, "negative": {"bbox1": [342, 529, 2, 610], "bbox2": [359, 514, 135, 589], "obj1": "street", "obj2": "truck", "relationship": "on"}}, {"filename1": "6126969134_fbec042409_b.jpg", "filename2": "4021028091_aa2abb2990_b.jpg", "positive": {"bbox1": [503, 679, 6, 886], "bbox2": [482, 650, 723, 904], "obj1": "street", "obj2": "truck", "relationship": "park on"}, "negative": {"bbox1": [299, 679, 10, 1023], "bbox2": [272, 437, 165, 635], "obj1": "street", "obj2": "truck", "relationship": "above"}}, {"filename1": "6126969134_fbec042409_b.jpg", "filename2": "4607601147_412c14a80d_b.jpg", "positive": {"bbox1": [503, 679, 6, 886], "bbox2": [482, 650, 723, 904], "obj1": "street", "obj2": "truck", "relationship": "park on"}, "negative": {"bbox1": [354, 598, 11, 1016], "bbox2": [232, 405, 1, 124], "obj1": "street", "obj2": "truck", "relationship": "on"}}, {"filename1": "6126969134_fbec042409_b.jpg", "filename2": "6037890406_04f924436f_b.jpg", "positive": {"bbox1": [503, 679, 6, 886], "bbox2": [482, 650, 723, 904], "obj1": "street", "obj2": "truck", "relationship": "park on"}, "negative": {"bbox1": [489, 763, 3, 1022], "bbox2": [503, 689, 694, 1023], "obj1": "street", "obj2": "truck", "relationship": "on"}}, {"filename1": "6126969134_fbec042409_b.jpg", "filename2": "9106657955_9eab8c674e_b.jpg", "positive": {"bbox1": [503, 679, 6, 886], "bbox2": [482, 650, 723, 904], "obj1": "street", "obj2": "truck", "relationship": "park on"}, "negative": {"bbox1": [475, 767, 4, 1022], "bbox2": [462, 591, 70, 322], "obj1": "street", "obj2": "truck", "relationship": "on"}}, {"filename1": "6126969134_fbec042409_b.jpg", "filename2": "4398594823_ba8ca59ea9_b.jpg", "positive": {"bbox1": [503, 679, 6, 886], "bbox2": [482, 650, 723, 904], "obj1": "street", "obj2": "truck", "relationship": "park on"}, "negative": {"bbox1": [540, 611, 2, 173], "bbox2": [471, 592, 33, 137], "obj1": "street", "obj2": "truck", "relationship": "on"}}, {"filename1": "6126969134_fbec042409_b.jpg", "filename2": "5815897341_e3b7445c32_b.jpg", "positive": {"bbox1": [503, 679, 6, 886], "bbox2": [482, 650, 723, 904], "obj1": "street", "obj2": "truck", "relationship": "park on"}, "negative": {"bbox1": [574, 766, 651, 1023], "bbox2": [544, 631, 767, 920], "obj1": "street", "obj2": "truck", "relationship": "on"}}, {"filename1": "6126969134_fbec042409_b.jpg", "filename2": "5279063062_73688d095f_b.jpg", "positive": {"bbox1": [503, 679, 6, 886], "bbox2": [482, 650, 723, 904], "obj1": "street", "obj2": "truck", "relationship": "park on"}, "negative": {"bbox1": [267, 611, 1, 1024], "bbox2": [244, 327, 383, 690], "obj1": "street", "obj2": "truck", "relationship": "on"}}, {"filename1": "6126969134_fbec042409_b.jpg", "filename2": "7975274397_503eb498f4_b.jpg", "positive": {"bbox1": [503, 679, 6, 886], "bbox2": [482, 650, 723, 904], "obj1": "street", "obj2": "truck", "relationship": "park on"}, "negative": {"bbox1": [481, 766, 837, 1021], "bbox2": [470, 496, 879, 906], "obj1": "street", "obj2": "truck", "relationship": "on"}}, {"filename1": "6126969134_fbec042409_b.jpg", "filename2": "8224728949_fa09beb316_b.jpg", "positive": {"bbox1": [503, 679, 6, 886], "bbox2": [482, 650, 723, 904], "obj1": "street", "obj2": "truck", "relationship": "park on"}, "negative": {"bbox1": [323, 1012, 1, 730], "bbox2": [269, 327, 429, 482], "obj1": "street", "obj2": "truck", "relationship": "on"}}, {"filename1": "6126969134_fbec042409_b.jpg", "filename2": "6670376855_f729a4d31c_b.jpg", "positive": {"bbox1": [503, 679, 6, 886], "bbox2": [482, 650, 723, 904], "obj1": "street", "obj2": "truck", "relationship": "park on"}, "negative": {"bbox1": [337, 448, 2, 1022], "bbox2": [20, 306, 899, 1022], "obj1": "street", "obj2": "truck", "relationship": "above"}}, {"filename1": "6126969134_fbec042409_b.jpg", "filename2": "507902681_eda1bcedd4_b.jpg", "positive": {"bbox1": [503, 679, 6, 886], "bbox2": [482, 650, 723, 904], "obj1": "street", "obj2": "truck", "relationship": "park on"}, "negative": {"bbox1": [892, 1024, 157, 446], "bbox2": [708, 988, 421, 669], "obj1": "street", "obj2": "truck", "relationship": "on"}}, {"filename1": "6126969134_fbec042409_b.jpg", "filename2": "9763666406_2ccafb1192_b.jpg", "positive": {"bbox1": [503, 679, 6, 886], "bbox2": [482, 650, 723, 904], "obj1": "street", "obj2": "truck", "relationship": "park on"}, "negative": {"bbox1": [825, 1022, 133, 748], "bbox2": [744, 1022, 3, 140], "obj1": "street", "obj2": "truck", "relationship": "on"}}, {"filename1": "6126969134_fbec042409_b.jpg", "filename2": "9763666406_2ccafb1192_b.jpg", "positive": {"bbox1": [503, 679, 6, 886], "bbox2": [482, 650, 723, 904], "obj1": "street", "obj2": "truck", "relationship": "park on"}, "negative": {"bbox1": [822, 1018, 98, 747], "bbox2": [744, 1022, 3, 140], "obj1": "street", "obj2": "truck", "relationship": "next to"}}, {"filename1": "6126969134_fbec042409_b.jpg", "filename2": "9763666406_2ccafb1192_b.jpg", "positive": {"bbox1": [503, 679, 6, 886], "bbox2": [482, 650, 723, 904], "obj1": "street", "obj2": "truck", "relationship": "park on"}, "negative": {"bbox1": [783, 1021, 135, 644], "bbox2": [744, 1022, 3, 140], "obj1": "street", "obj2": "truck", "relationship": "on"}}, {"filename1": "6126969134_fbec042409_b.jpg", "filename2": "4173453794_466cdbf6ee_b.jpg", "positive": {"bbox1": [503, 679, 6, 886], "bbox2": [482, 650, 723, 904], "obj1": "street", "obj2": "truck", "relationship": "park on"}, "negative": {"bbox1": [504, 677, 1, 1024], "bbox2": [267, 589, 55, 522], "obj1": "street", "obj2": "truck", "relationship": "on"}}, {"filename1": "6126969134_fbec042409_b.jpg", "filename2": "4173453794_466cdbf6ee_b.jpg", "positive": {"bbox1": [503, 679, 6, 886], "bbox2": [482, 650, 723, 904], "obj1": "street", "obj2": "truck", "relationship": "park on"}, "negative": {"bbox1": [504, 677, 1, 1024], "bbox2": [267, 589, 55, 522], "obj1": "street", "obj2": "truck", "relationship": "on"}}, {"filename1": "6126969134_fbec042409_b.jpg", "filename2": "6927589762_945c6e697a_b.jpg", "positive": {"bbox1": [503, 679, 6, 886], "bbox2": [482, 650, 723, 904], "obj1": "street", "obj2": "truck", "relationship": "park on"}, "negative": {"bbox1": [532, 766, 8, 1022], "bbox2": [115, 626, 98, 822], "obj1": "street", "obj2": "truck", "relationship": "above"}}, {"filename1": "6126969134_fbec042409_b.jpg", "filename2": "8295620910_5ed4cc38dc_b.jpg", "positive": {"bbox1": [503, 679, 6, 886], "bbox2": [482, 650, 723, 904], "obj1": "street", "obj2": "truck", "relationship": "park on"}, "negative": {"bbox1": [292, 500, 2, 889], "bbox2": [185, 358, 267, 636], "obj1": "street", "obj2": "truck", "relationship": "in"}}, {"filename1": "6126969134_fbec042409_b.jpg", "filename2": "8744519339_ffb9a7b3b7_b.jpg", "positive": {"bbox1": [503, 679, 6, 886], "bbox2": [482, 650, 723, 904], "obj1": "street", "obj2": "truck", "relationship": "park on"}, "negative": {"bbox1": [416, 757, 120, 1021], "bbox2": [463, 568, 690, 884], "obj1": "street", "obj2": "truck", "relationship": "on"}}, {"filename1": "6126969134_fbec042409_b.jpg", "filename2": "4207484255_f02d00b2e8_b.jpg", "positive": {"bbox1": [503, 679, 6, 886], "bbox2": [482, 650, 723, 904], "obj1": "street", "obj2": "truck", "relationship": "park on"}, "negative": {"bbox1": [399, 755, 103, 965], "bbox2": [510, 728, 153, 287], "obj1": "street", "obj2": "truck", "relationship": "on"}}]}