{"predicate": "park next", "examples": [{"filename1": "2636230137_3dfd0a1f0b_b.jpg", "filename2": "7122873421_aaae369b9d_b.jpg", "positive": {"bbox1": [107, 362, 25, 224], "bbox2": [189, 433, 307, 505], "obj1": "car", "obj2": "motorcycle", "relationship": "park next"}, "negative": {"bbox1": [1, 534, 1, 988], "bbox2": [7, 683, 6, 1021], "obj1": "car", "obj2": "motorcycle", "relationship": "in the front of"}}, {"filename1": "2636230137_3dfd0a1f0b_b.jpg", "filename2": "227270260_48fb05af59_b.jpg", "positive": {"bbox1": [107, 362, 25, 224], "bbox2": [189, 433, 307, 505], "obj1": "car", "obj2": "motorcycle", "relationship": "park next"}, "negative": {"bbox1": [598, 898, 1, 224], "bbox2": [677, 898, 334, 459], "obj1": "car", "obj2": "motorcycle", "relationship": "by"}}, {"filename1": "2636230137_3dfd0a1f0b_b.jpg", "filename2": "6179165981_3e0a211163_b.jpg", "positive": {"bbox1": [107, 362, 25, 224], "bbox2": [189, 433, 307, 505], "obj1": "car", "obj2": "motorcycle", "relationship": "park next"}, "negative": {"bbox1": [321, 556, 400, 577], "bbox2": [397, 742, 512, 708], "obj1": "car", "obj2": "motorcycle", "relationship": "behind"}}, {"filename1": "2636230137_3dfd0a1f0b_b.jpg", "filename2": "7709024968_ce77584b45_b.jpg", "positive": {"bbox1": [107, 362, 25, 224], "bbox2": [189, 433, 307, 505], "obj1": "car", "obj2": "motorcycle", "relationship": "park next"}, "negative": {"bbox1": [346, 423, 163, 369], "bbox2": [378, 435, 227, 353], "obj1": "car", "obj2": "motorcycle", "relationship": "next to"}}, {"filename1": "2636230137_3dfd0a1f0b_b.jpg", "filename2": "7249383284_61572f86f3_b.jpg", "positive": {"bbox1": [107, 362, 25, 224], "bbox2": [189, 433, 307, 505], "obj1": "car", "obj2": "motorcycle", "relationship": "park next"}, "negative": {"bbox1": [112, 902, 4, 580], "bbox2": [517, 1023, 15, 679], "obj1": "car", "obj2": "motorcycle", "relationship": "near"}}, {"filename1": "2636230137_3dfd0a1f0b_b.jpg", "filename2": "9641306920_f1444f5952_b.jpg", "positive": {"bbox1": [107, 362, 25, 224], "bbox2": [189, 433, 307, 505], "obj1": "car", "obj2": "motorcycle", "relationship": "park next"}, "negative": {"bbox1": [210, 566, 2, 191], "bbox2": [370, 1012, 107, 705], "obj1": "car", "obj2": "motorcycle", "relationship": "next to"}}, {"filename1": "2636230137_3dfd0a1f0b_b.jpg", "filename2": "9641306920_f1444f5952_b.jpg", "positive": {"bbox1": [107, 362, 25, 224], "bbox2": [189, 433, 307, 505], "obj1": "car", "obj2": "motorcycle", "relationship": "park next"}, "negative": {"bbox1": [210, 566, 2, 191], "bbox2": [370, 1012, 107, 705], "obj1": "car", "obj2": "motorcycle", "relationship": "in the front of"}}, {"filename1": "2636230137_3dfd0a1f0b_b.jpg", "filename2": "2522658537_0f0c78d42f_b.jpg", "positive": {"bbox1": [107, 362, 25, 224], "bbox2": [189, 433, 307, 505], "obj1": "car", "obj2": "motorcycle", "relationship": "park next"}, "negative": {"bbox1": [69, 264, 406, 878], "bbox2": [243, 463, 732, 1003], "obj1": "car", "obj2": "motorcycle", "relationship": "near"}}, {"filename1": "2636230137_3dfd0a1f0b_b.jpg", "filename2": "7280950042_45b937f2cf_b.jpg", "positive": {"bbox1": [107, 362, 25, 224], "bbox2": [189, 433, 307, 505], "obj1": "car", "obj2": "motorcycle", "relationship": "park next"}, "negative": {"bbox1": [24, 496, 1, 482], "bbox2": [56, 656, 75, 981], "obj1": "car", "obj2": "motorcycle", "relationship": "in the front of"}}, {"filename1": "3112844867_d332daf138_b.jpg", "filename2": "9083213724_06f8f9c849_b.jpg", "positive": {"bbox1": [694, 783, 790, 1023], "bbox2": [320, 769, 294, 815], "obj1": "grass", "obj2": "truck", "relationship": "park next"}, "negative": {"bbox1": [553, 761, 6, 1020], "bbox2": [456, 571, 657, 958], "obj1": "grass", "obj2": "truck", "relationship": "behind"}}, {"filename1": "3112844867_d332daf138_b.jpg", "filename2": "7525104642_bcd3326247_b.jpg", "positive": {"bbox1": [694, 783, 790, 1023], "bbox2": [320, 769, 294, 815], "obj1": "grass", "obj2": "truck", "relationship": "park next"}, "negative": {"bbox1": [361, 763, 2, 1022], "bbox2": [104, 619, 28, 931], "obj1": "grass", "obj2": "truck", "relationship": "on"}}, {"filename1": "3112844867_d332daf138_b.jpg", "filename2": "6312836326_7446f52dc3_o.jpg", "positive": {"bbox1": [694, 783, 790, 1023], "bbox2": [320, 769, 294, 815], "obj1": "grass", "obj2": "truck", "relationship": "park next"}, "negative": {"bbox1": [85, 587, 21, 590], "bbox2": [22, 160, 395, 593], "obj1": "grass", "obj2": "truck", "relationship": "park on"}}, {"filename1": "3112844867_d332daf138_b.jpg", "filename2": "8162978456_4a4b9feedd_b.jpg", "positive": {"bbox1": [694, 783, 790, 1023], "bbox2": [320, 769, 294, 815], "obj1": "grass", "obj2": "truck", "relationship": "park next"}, "negative": {"bbox1": [315, 675, 1, 1024], "bbox2": [151, 671, 130, 1007], "obj1": "grass", "obj2": "truck", "relationship": "on"}}, {"filename1": "3112844867_d332daf138_b.jpg", "filename2": "3299057590_3ae68e9157_b.jpg", "positive": {"bbox1": [694, 783, 790, 1023], "bbox2": [320, 769, 294, 815], "obj1": "grass", "obj2": "truck", "relationship": "park next"}, "negative": {"bbox1": [26, 108, 610, 1022], "bbox2": [8, 32, 830, 912], "obj1": "grass", "obj2": "truck", "relationship": "above"}}, {"filename1": "3062697181_1985275ba6_b.jpg", "filename2": "432289066_36dd3e8876_b.jpg", "positive": {"bbox1": [327, 478, 300, 993], "bbox2": [433, 509, 727, 869], "obj1": "building", "obj2": "boat", "relationship": "park next"}, "negative": {"bbox1": [1, 481, 1, 1024], "bbox2": [355, 681, 1, 566], "obj1": "building", "obj2": "boat", "relationship": "in the front of"}}, {"filename1": "3062697181_1985275ba6_b.jpg", "filename2": "432289066_36dd3e8876_b.jpg", "positive": {"bbox1": [327, 478, 300, 993], "bbox2": [433, 509, 727, 869], "obj1": "building", "obj2": "boat", "relationship": "park next"}, "negative": {"bbox1": [1, 481, 1, 1024], "bbox2": [381, 619, 400, 792], "obj1": "building", "obj2": "boat", "relationship": "in the front of"}}, {"filename1": "3062697181_1985275ba6_b.jpg", "filename2": "9357674065_d87c53ce02_b.jpg", "positive": {"bbox1": [327, 478, 300, 993], "bbox2": [433, 509, 727, 869], "obj1": "building", "obj2": "boat", "relationship": "park next"}, "negative": {"bbox1": [165, 284, 578, 1024], "bbox2": [194, 310, 808, 1023], "obj1": "building", "obj2": "boat", "relationship": "in the front of"}}, {"filename1": "3062697181_1985275ba6_b.jpg", "filename2": "7698183936_bc6e381250_b.jpg", "positive": {"bbox1": [327, 478, 300, 993], "bbox2": [433, 509, 727, 869], "obj1": "building", "obj2": "boat", "relationship": "park next"}, "negative": {"bbox1": [412, 501, 204, 853], "bbox2": [272, 576, 301, 940], "obj1": "building", "obj2": "boat", "relationship": "near"}}, {"filename1": "3062697181_1985275ba6_b.jpg", "filename2": "7698183936_bc6e381250_b.jpg", "positive": {"bbox1": [327, 478, 300, 993], "bbox2": [433, 509, 727, 869], "obj1": "building", "obj2": "boat", "relationship": "park next"}, "negative": {"bbox1": [412, 501, 204, 853], "bbox2": [272, 576, 301, 940], "obj1": "building", "obj2": "boat", "relationship": "beside"}}, {"filename1": "3062697181_1985275ba6_b.jpg", "filename2": "9537388729_5cdca49e77_b.jpg", "positive": {"bbox1": [327, 478, 300, 993], "bbox2": [433, 509, 727, 869], "obj1": "building", "obj2": "boat", "relationship": "park next"}, "negative": {"bbox1": [53, 396, 596, 1022], "bbox2": [311, 540, 364, 1022], "obj1": "building", "obj2": "boat", "relationship": "near"}}]}