{"predicate": "pull", "examples": [{"filename1": "3023850579_6247820f71_b.jpg", "filename2": "5599935364_c24b38084f_b.jpg", "positive": {"bbox1": [598, 644, 602, 635], "bbox2": [553, 662, 601, 683], "obj1": "luggage", "obj2": "person", "relationship": "pull"}, "negative": {"bbox1": [450, 678, 259, 446], "bbox2": [192, 549, 233, 398], "obj1": "luggage", "obj2": "person", "relationship": "has"}}, {"filename1": "3023850579_6247820f71_b.jpg", "filename2": "5599935364_c24b38084f_b.jpg", "positive": {"bbox1": [598, 644, 602, 635], "bbox2": [553, 662, 601, 683], "obj1": "luggage", "obj2": "person", "relationship": "pull"}, "negative": {"bbox1": [399, 513, 73, 174], "bbox2": [199, 469, 1, 83], "obj1": "luggage", "obj2": "person", "relationship": "has"}}, {"filename1": "3023850579_6247820f71_b.jpg", "filename2": "3644921090_562c2d8891_b.jpg", "positive": {"bbox1": [598, 644, 602, 635], "bbox2": [553, 662, 601, 683], "obj1": "luggage", "obj2": "person", "relationship": "pull"}, "negative": {"bbox1": [614, 765, 416, 556], "bbox2": [415, 767, 414, 550], "obj1": "luggage", "obj2": "person", "relationship": "hold"}}, {"filename1": "3023850579_6247820f71_b.jpg", "filename2": "21604191_3755c03758_o.jpg", "positive": {"bbox1": [598, 644, 602, 635], "bbox2": [553, 662, 601, 683], "obj1": "luggage", "obj2": "person", "relationship": "pull"}, "negative": {"bbox1": [243, 306, 131, 219], "bbox2": [196, 311, 6, 53], "obj1": "luggage", "obj2": "person", "relationship": "next to"}}, {"filename1": "3023850579_6247820f71_b.jpg", "filename2": "8121946653_7156fa5a07_b.jpg", "positive": {"bbox1": [598, 644, 602, 635], "bbox2": [553, 662, 601, 683], "obj1": "luggage", "obj2": "person", "relationship": "pull"}, "negative": {"bbox1": [238, 314, 194, 272], "bbox2": [9, 326, 100, 222], "obj1": "luggage", "obj2": "person", "relationship": "next to"}}, {"filename1": "3023850579_6247820f71_b.jpg", "filename2": "8121946653_7156fa5a07_b.jpg", "positive": {"bbox1": [598, 644, 602, 635], "bbox2": [553, 662, 601, 683], "obj1": "luggage", "obj2": "person", "relationship": "pull"}, "negative": {"bbox1": [238, 314, 194, 272], "bbox2": [9, 326, 100, 222], "obj1": "luggage", "obj2": "person", "relationship": "with"}}, {"filename1": "3023850579_6247820f71_b.jpg", "filename2": "4696377861_83d675c679_b.jpg", "positive": {"bbox1": [598, 644, 602, 635], "bbox2": [553, 662, 601, 683], "obj1": "luggage", "obj2": "person", "relationship": "pull"}, "negative": {"bbox1": [306, 494, 560, 698], "bbox2": [319, 450, 389, 637], "obj1": "luggage", "obj2": "person", "relationship": "sleep next to"}}, {"filename1": "3023850579_6247820f71_b.jpg", "filename2": "4614636925_a1dda12b4c_o.jpg", "positive": {"bbox1": [598, 644, 602, 635], "bbox2": [553, 662, 601, 683], "obj1": "luggage", "obj2": "person", "relationship": "pull"}, "negative": {"bbox1": [566, 1279, 516, 959], "bbox2": [123, 1279, 278, 798], "obj1": "luggage", "obj2": "person", "relationship": "next to"}}, {"filename1": "3023850579_6247820f71_b.jpg", "filename2": "4614636925_a1dda12b4c_o.jpg", "positive": {"bbox1": [598, 644, 602, 635], "bbox2": [553, 662, 601, 683], "obj1": "luggage", "obj2": "person", "relationship": "pull"}, "negative": {"bbox1": [566, 1279, 516, 959], "bbox2": [123, 1279, 278, 798], "obj1": "luggage", "obj2": "person", "relationship": "beside"}}, {"filename1": "3023850579_6247820f71_b.jpg", "filename2": "2451919106_e57dd14435_b.jpg", "positive": {"bbox1": [598, 644, 602, 635], "bbox2": [553, 662, 601, 683], "obj1": "luggage", "obj2": "person", "relationship": "pull"}, "negative": {"bbox1": [712, 1023, 334, 582], "bbox2": [3, 1023, 5, 577], "obj1": "luggage", "obj2": "person", "relationship": "carry"}}, {"filename1": "3023850579_6247820f71_b.jpg", "filename2": "3782366612_197931cf40_b.jpg", "positive": {"bbox1": [598, 644, 602, 635], "bbox2": [553, 662, 601, 683], "obj1": "luggage", "obj2": "person", "relationship": "pull"}, "negative": {"bbox1": [387, 943, 190, 589], "bbox2": [520, 862, 515, 658], "obj1": "luggage", "obj2": "person", "relationship": "ride"}}, {"filename1": "3023850579_6247820f71_b.jpg", "filename2": "2584548799_2750039877_b.jpg", "positive": {"bbox1": [598, 644, 602, 635], "bbox2": [553, 662, 601, 683], "obj1": "luggage", "obj2": "person", "relationship": "pull"}, "negative": {"bbox1": [626, 936, 464, 612], "bbox2": [457, 935, 326, 519], "obj1": "luggage", "obj2": "person", "relationship": "has"}}, {"filename1": "3023850579_6247820f71_b.jpg", "filename2": "8745163880_61dcb74abf_b.jpg", "positive": {"bbox1": [598, 644, 602, 635], "bbox2": [553, 662, 601, 683], "obj1": "luggage", "obj2": "person", "relationship": "pull"}, "negative": {"bbox1": [418, 639, 596, 688], "bbox2": [299, 605, 524, 614], "obj1": "luggage", "obj2": "person", "relationship": "near"}}, {"filename1": "3023850579_6247820f71_b.jpg", "filename2": "3825259338_6c55d591f9_b.jpg", "positive": {"bbox1": [598, 644, 602, 635], "bbox2": [553, 662, 601, 683], "obj1": "luggage", "obj2": "person", "relationship": "pull"}, "negative": {"bbox1": [322, 527, 76, 240], "bbox2": [237, 426, 104, 178], "obj1": "luggage", "obj2": "person", "relationship": "stand next to"}}, {"filename1": "8562352601_b93899eae5_b.jpg", "filename2": "34251540_bec994ec35_o.jpg", "positive": {"bbox1": [210, 597, 663, 1023], "bbox2": [118, 666, 199, 743], "obj1": "cart", "obj2": "horse", "relationship": "pull"}, "negative": {"bbox1": [172, 219, 160, 241], "bbox2": [148, 209, 140, 174], "obj1": "cart", "obj2": "horse", "relationship": "in the front of"}}, {"filename1": "773876874_16a2b6e1ab_b.jpg", "filename2": "348515055_0247c9f45c_b.jpg", "positive": {"bbox1": [599, 923, 151, 305], "bbox2": [208, 955, 237, 493], "obj1": "suitcase", "obj2": "person", "relationship": "pull"}, "negative": {"bbox1": [255, 349, 890, 969], "bbox2": [152, 327, 704, 772], "obj1": "suitcase", "obj2": "person", "relationship": "on the left of"}}, {"filename1": "773876874_16a2b6e1ab_b.jpg", "filename2": "348515055_0247c9f45c_b.jpg", "positive": {"bbox1": [599, 923, 151, 305], "bbox2": [208, 955, 237, 493], "obj1": "suitcase", "obj2": "person", "relationship": "pull"}, "negative": {"bbox1": [255, 349, 890, 969], "bbox2": [133, 348, 934, 1023], "obj1": "suitcase", "obj2": "person", "relationship": "on the right of"}}, {"filename1": "773876874_16a2b6e1ab_b.jpg", "filename2": "3201690411_b89017469e_b.jpg", "positive": {"bbox1": [599, 923, 151, 305], "bbox2": [208, 955, 237, 493], "obj1": "suitcase", "obj2": "person", "relationship": "pull"}, "negative": {"bbox1": [444, 750, 110, 347], "bbox2": [99, 765, 267, 669], "obj1": "suitcase", "obj2": "person", "relationship": "hold"}}]}