{"predicate": "rest on", "examples": [{"filename1": "4614635787_6c7114cbdf_o.jpg", "filename2": "8731725741_dbcc4ab64b_b.jpg", "positive": {"bbox1": [320, 745, 570, 959], "bbox2": [312, 790, 521, 862], "obj1": "cart", "obj2": "person", "relationship": "rest on"}, "negative": {"bbox1": [343, 680, 175, 525], "bbox2": [245, 638, 49, 183], "obj1": "cart", "obj2": "person", "relationship": "near"}}, {"filename1": "4614635787_6c7114cbdf_o.jpg", "filename2": "8731725741_dbcc4ab64b_b.jpg", "positive": {"bbox1": [320, 745, 570, 959], "bbox2": [312, 790, 521, 862], "obj1": "cart", "obj2": "person", "relationship": "rest on"}, "negative": {"bbox1": [343, 680, 175, 525], "bbox2": [253, 628, 591, 713], "obj1": "cart", "obj2": "person", "relationship": "near"}}, {"filename1": "4614635787_6c7114cbdf_o.jpg", "filename2": "3665048296_195062bf2f_o.jpg", "positive": {"bbox1": [320, 745, 570, 959], "bbox2": [312, 790, 521, 862], "obj1": "cart", "obj2": "person", "relationship": "rest on"}, "negative": {"bbox1": [283, 450, 240, 383], "bbox2": [194, 454, 343, 451], "obj1": "cart", "obj2": "person", "relationship": "hold"}}, {"filename1": "4614635787_6c7114cbdf_o.jpg", "filename2": "3665048296_195062bf2f_o.jpg", "positive": {"bbox1": [320, 745, 570, 959], "bbox2": [312, 790, 521, 862], "obj1": "cart", "obj2": "person", "relationship": "rest on"}, "negative": {"bbox1": [283, 450, 240, 383], "bbox2": [194, 454, 343, 451], "obj1": "cart", "obj2": "person", "relationship": "carry"}}, {"filename1": "4614635787_6c7114cbdf_o.jpg", "filename2": "2388528648_c18e9acafb_o.jpg", "positive": {"bbox1": [320, 745, 570, 959], "bbox2": [312, 790, 521, 862], "obj1": "cart", "obj2": "person", "relationship": "rest on"}, "negative": {"bbox1": [273, 365, 86, 313], "bbox2": [261, 359, 324, 349], "obj1": "cart", "obj2": "person", "relationship": "pull"}}, {"filename1": "4614635787_6c7114cbdf_o.jpg", "filename2": "3227652060_41c836d526_b.jpg", "positive": {"bbox1": [320, 745, 570, 959], "bbox2": [312, 790, 521, 862], "obj1": "cart", "obj2": "person", "relationship": "rest on"}, "negative": {"bbox1": [178, 1012, 288, 696], "bbox2": [248, 879, 159, 457], "obj1": "cart", "obj2": "person", "relationship": "behind"}}, {"filename1": "4614635787_6c7114cbdf_o.jpg", "filename2": "3227652060_41c836d526_b.jpg", "positive": {"bbox1": [320, 745, 570, 959], "bbox2": [312, 790, 521, 862], "obj1": "cart", "obj2": "person", "relationship": "rest on"}, "negative": {"bbox1": [178, 1012, 288, 696], "bbox2": [203, 614, 417, 602], "obj1": "cart", "obj2": "person", "relationship": "behind"}}, {"filename1": "4614635787_6c7114cbdf_o.jpg", "filename2": "4696377861_83d675c679_b.jpg", "positive": {"bbox1": [320, 745, 570, 959], "bbox2": [312, 790, 521, 862], "obj1": "cart", "obj2": "person", "relationship": "rest on"}, "negative": {"bbox1": [246, 545, 562, 808], "bbox2": [319, 450, 389, 637], "obj1": "cart", "obj2": "person", "relationship": "near"}}, {"filename1": "4614635787_6c7114cbdf_o.jpg", "filename2": "3818783288_c3034ca2a8_b.jpg", "positive": {"bbox1": [320, 745, 570, 959], "bbox2": [312, 790, 521, 862], "obj1": "cart", "obj2": "person", "relationship": "rest on"}, "negative": {"bbox1": [309, 656, 745, 947], "bbox2": [145, 668, 482, 653], "obj1": "cart", "obj2": "person", "relationship": "next to"}}, {"filename1": "4614635787_6c7114cbdf_o.jpg", "filename2": "3818783288_c3034ca2a8_b.jpg", "positive": {"bbox1": [320, 745, 570, 959], "bbox2": [312, 790, 521, 862], "obj1": "cart", "obj2": "person", "relationship": "rest on"}, "negative": {"bbox1": [309, 656, 745, 947], "bbox2": [145, 668, 482, 653], "obj1": "cart", "obj2": "person", "relationship": "beside"}}, {"filename1": "4614635787_6c7114cbdf_o.jpg", "filename2": "6035542977_ddab138368_b.jpg", "positive": {"bbox1": [320, 745, 570, 959], "bbox2": [312, 790, 521, 862], "obj1": "cart", "obj2": "person", "relationship": "rest on"}, "negative": {"bbox1": [455, 578, 285, 494], "bbox2": [447, 582, 612, 677], "obj1": "cart", "obj2": "person", "relationship": "near"}}, {"filename1": "4614635787_6c7114cbdf_o.jpg", "filename2": "7377162790_f3404c6be3_o.jpg", "positive": {"bbox1": [320, 745, 570, 959], "bbox2": [312, 790, 521, 862], "obj1": "cart", "obj2": "person", "relationship": "rest on"}, "negative": {"bbox1": [348, 608, 406, 611], "bbox2": [268, 523, 349, 555], "obj1": "cart", "obj2": "person", "relationship": "sit on"}}, {"filename1": "4614635787_6c7114cbdf_o.jpg", "filename2": "7377162790_f3404c6be3_o.jpg", "positive": {"bbox1": [320, 745, 570, 959], "bbox2": [312, 790, 521, 862], "obj1": "cart", "obj2": "person", "relationship": "rest on"}, "negative": {"bbox1": [348, 608, 406, 611], "bbox2": [268, 523, 349, 555], "obj1": "cart", "obj2": "person", "relationship": "on"}}, {"filename1": "4614635787_6c7114cbdf_o.jpg", "filename2": "7377162790_f3404c6be3_o.jpg", "positive": {"bbox1": [320, 745, 570, 959], "bbox2": [312, 790, 521, 862], "obj1": "cart", "obj2": "person", "relationship": "rest on"}, "negative": {"bbox1": [348, 608, 406, 611], "bbox2": [268, 523, 349, 555], "obj1": "cart", "obj2": "person", "relationship": "in"}}, {"filename1": "4614635787_6c7114cbdf_o.jpg", "filename2": "34251540_bec994ec35_o.jpg", "positive": {"bbox1": [320, 745, 570, 959], "bbox2": [312, 790, 521, 862], "obj1": "cart", "obj2": "person", "relationship": "rest on"}, "negative": {"bbox1": [172, 219, 160, 241], "bbox2": [161, 174, 169, 182], "obj1": "cart", "obj2": "person", "relationship": "on"}}, {"filename1": "4614635787_6c7114cbdf_o.jpg", "filename2": "34251540_bec994ec35_o.jpg", "positive": {"bbox1": [320, 745, 570, 959], "bbox2": [312, 790, 521, 862], "obj1": "cart", "obj2": "person", "relationship": "rest on"}, "negative": {"bbox1": [172, 219, 160, 241], "bbox2": [155, 184, 193, 218], "obj1": "cart", "obj2": "person", "relationship": "sit on"}}, {"filename1": "4614635787_6c7114cbdf_o.jpg", "filename2": "1414821862_846f743d67_b.jpg", "positive": {"bbox1": [320, 745, 570, 959], "bbox2": [312, 790, 521, 862], "obj1": "cart", "obj2": "person", "relationship": "rest on"}, "negative": {"bbox1": [359, 613, 392, 552], "bbox2": [224, 383, 424, 556], "obj1": "cart", "obj2": "person", "relationship": "hold"}}, {"filename1": "4614635787_6c7114cbdf_o.jpg", "filename2": "3606132043_ce58663150_b.jpg", "positive": {"bbox1": [320, 745, 570, 959], "bbox2": [312, 790, 521, 862], "obj1": "cart", "obj2": "person", "relationship": "rest on"}, "negative": {"bbox1": [383, 655, 439, 727], "bbox2": [205, 637, 430, 617], "obj1": "cart", "obj2": "person", "relationship": "behind"}}, {"filename1": "4614635787_6c7114cbdf_o.jpg", "filename2": "3606132043_ce58663150_b.jpg", "positive": {"bbox1": [320, 745, 570, 959], "bbox2": [312, 790, 521, 862], "obj1": "cart", "obj2": "person", "relationship": "rest on"}, "negative": {"bbox1": [383, 655, 439, 727], "bbox2": [407, 430, 623, 663], "obj1": "cart", "obj2": "person", "relationship": "look"}}, {"filename1": "4614635787_6c7114cbdf_o.jpg", "filename2": "3606132043_ce58663150_b.jpg", "positive": {"bbox1": [320, 745, 570, 959], "bbox2": [312, 790, 521, 862], "obj1": "cart", "obj2": "person", "relationship": "rest on"}, "negative": {"bbox1": [383, 655, 439, 727], "bbox2": [407, 430, 623, 663], "obj1": "cart", "obj2": "person", "relationship": "behind"}}, {"filename1": "4614635787_6c7114cbdf_o.jpg", "filename2": "3606132043_ce58663150_b.jpg", "positive": {"bbox1": [320, 745, 570, 959], "bbox2": [312, 790, 521, 862], "obj1": "cart", "obj2": "person", "relationship": "rest on"}, "negative": {"bbox1": [383, 655, 439, 727], "bbox2": [407, 430, 623, 663], "obj1": "cart", "obj2": "person", "relationship": "behind"}}, {"filename1": "4614635787_6c7114cbdf_o.jpg", "filename2": "8176559170_c1c32e3d82_b.jpg", "positive": {"bbox1": [320, 745, 570, 959], "bbox2": [312, 790, 521, 862], "obj1": "cart", "obj2": "person", "relationship": "rest on"}, "negative": {"bbox1": [401, 439, 5, 62], "bbox2": [372, 412, 12, 39], "obj1": "cart", "obj2": "person", "relationship": "near"}}, {"filename1": "4614635787_6c7114cbdf_o.jpg", "filename2": "2488208920_6254dec118_b.jpg", "positive": {"bbox1": [320, 745, 570, 959], "bbox2": [312, 790, 521, 862], "obj1": "cart", "obj2": "person", "relationship": "rest on"}, "negative": {"bbox1": [355, 615, 799, 938], "bbox2": [301, 606, 706, 815], "obj1": "cart", "obj2": "person", "relationship": "pull"}}]}