{"predicate": "sleep on", "examples": [{"filename1": "6592262967_0c85220c7b_b.jpg", "filename2": "7100929885_4ac61f9d3e_b.jpg", "positive": {"bbox1": [6, 600, 7, 1023], "bbox2": [174, 562, 608, 950], "obj1": "bed", "obj2": "person", "relationship": "sleep on"}, "negative": {"bbox1": [4, 474, 2, 1022], "bbox2": [255, 369, 383, 822], "obj1": "bed", "obj2": "person", "relationship": "below"}}, {"filename1": "6592262967_0c85220c7b_b.jpg", "filename2": "7100929885_4ac61f9d3e_b.jpg", "positive": {"bbox1": [6, 600, 7, 1023], "bbox2": [174, 562, 608, 950], "obj1": "bed", "obj2": "person", "relationship": "sleep on"}, "negative": {"bbox1": [4, 474, 2, 1022], "bbox2": [255, 369, 383, 822], "obj1": "bed", "obj2": "person", "relationship": "under"}}, {"filename1": "6592262967_0c85220c7b_b.jpg", "filename2": "3898952936_54782cfbb1_b.jpg", "positive": {"bbox1": [6, 600, 7, 1023], "bbox2": [174, 562, 608, 950], "obj1": "bed", "obj2": "person", "relationship": "sleep on"}, "negative": {"bbox1": [74, 410, 1, 500], "bbox2": [135, 259, 326, 420], "obj1": "bed", "obj2": "person", "relationship": "lying on"}}, {"filename1": "6592262967_0c85220c7b_b.jpg", "filename2": "2379448064_b57e474984_b.jpg", "positive": {"bbox1": [6, 600, 7, 1023], "bbox2": [174, 562, 608, 950], "obj1": "bed", "obj2": "person", "relationship": "sleep on"}, "negative": {"bbox1": [148, 763, 48, 1022], "bbox2": [249, 501, 329, 672], "obj1": "bed", "obj2": "person", "relationship": "in"}}, {"filename1": "6592262967_0c85220c7b_b.jpg", "filename2": "2379448064_b57e474984_b.jpg", "positive": {"bbox1": [6, 600, 7, 1023], "bbox2": [174, 562, 608, 950], "obj1": "bed", "obj2": "person", "relationship": "sleep on"}, "negative": {"bbox1": [148, 763, 48, 1022], "bbox2": [207, 517, 594, 915], "obj1": "bed", "obj2": "person", "relationship": "in"}}, {"filename1": "6592262967_0c85220c7b_b.jpg", "filename2": "8980767753_6c847546ee_b.jpg", "positive": {"bbox1": [6, 600, 7, 1023], "bbox2": [174, 562, 608, 950], "obj1": "bed", "obj2": "person", "relationship": "sleep on"}, "negative": {"bbox1": [395, 578, 107, 342], "bbox2": [382, 426, 262, 308], "obj1": "bed", "obj2": "person", "relationship": "in"}}, {"filename1": "6592262967_0c85220c7b_b.jpg", "filename2": "8287793659_831bc0feba_o.jpg", "positive": {"bbox1": [6, 600, 7, 1023], "bbox2": [174, 562, 608, 950], "obj1": "bed", "obj2": "person", "relationship": "sleep on"}, "negative": {"bbox1": [51, 606, 7, 611], "bbox2": [7, 58, 216, 328], "obj1": "bed", "obj2": "person", "relationship": "on"}}, {"filename1": "6592262967_0c85220c7b_b.jpg", "filename2": "8287793659_831bc0feba_o.jpg", "positive": {"bbox1": [6, 600, 7, 1023], "bbox2": [174, 562, 608, 950], "obj1": "bed", "obj2": "person", "relationship": "sleep on"}, "negative": {"bbox1": [52, 222, 35, 610], "bbox2": [7, 58, 216, 328], "obj1": "bed", "obj2": "person", "relationship": "lying on"}}, {"filename1": "6592262967_0c85220c7b_b.jpg", "filename2": "8287793659_831bc0feba_o.jpg", "positive": {"bbox1": [6, 600, 7, 1023], "bbox2": [174, 562, 608, 950], "obj1": "bed", "obj2": "person", "relationship": "sleep on"}, "negative": {"bbox1": [51, 606, 7, 611], "bbox2": [298, 421, 74, 281], "obj1": "bed", "obj2": "person", "relationship": "in"}}, {"filename1": "6592262967_0c85220c7b_b.jpg", "filename2": "5127248425_bc107ebe04_b.jpg", "positive": {"bbox1": [6, 600, 7, 1023], "bbox2": [174, 562, 608, 950], "obj1": "bed", "obj2": "person", "relationship": "sleep on"}, "negative": {"bbox1": [397, 767, 295, 1020], "bbox2": [46, 768, 1, 311], "obj1": "bed", "obj2": "person", "relationship": "beside"}}, {"filename1": "6592262967_0c85220c7b_b.jpg", "filename2": "5127248425_bc107ebe04_b.jpg", "positive": {"bbox1": [6, 600, 7, 1023], "bbox2": [174, 562, 608, 950], "obj1": "bed", "obj2": "person", "relationship": "sleep on"}, "negative": {"bbox1": [397, 767, 295, 1020], "bbox2": [200, 696, 383, 838], "obj1": "bed", "obj2": "person", "relationship": "on"}}, {"filename1": "6592262967_0c85220c7b_b.jpg", "filename2": "8428293302_4e61a80913_b.jpg", "positive": {"bbox1": [6, 600, 7, 1023], "bbox2": [174, 562, 608, 950], "obj1": "bed", "obj2": "person", "relationship": "sleep on"}, "negative": {"bbox1": [228, 322, 298, 615], "bbox2": [203, 285, 425, 489], "obj1": "bed", "obj2": "person", "relationship": "on"}}, {"filename1": "6592262967_0c85220c7b_b.jpg", "filename2": "3533901899_36b4e3d540_o.jpg", "positive": {"bbox1": [6, 600, 7, 1023], "bbox2": [174, 562, 608, 950], "obj1": "bed", "obj2": "person", "relationship": "sleep on"}, "negative": {"bbox1": [276, 529, 11, 797], "bbox2": [191, 345, 268, 340], "obj1": "bed", "obj2": "person", "relationship": "on"}}, {"filename1": "6592262967_0c85220c7b_b.jpg", "filename2": "3533901899_36b4e3d540_o.jpg", "positive": {"bbox1": [6, 600, 7, 1023], "bbox2": [174, 562, 608, 950], "obj1": "bed", "obj2": "person", "relationship": "sleep on"}, "negative": {"bbox1": [276, 529, 11, 797], "bbox2": [191, 345, 268, 340], "obj1": "bed", "obj2": "person", "relationship": "sit on"}}]}