{"predicate": "walk", "examples": [{"filename1": "553590016_8c366f2732_b.jpg", "filename2": "8960603161_04ba7f8950_b.jpg", "positive": {"bbox1": [320, 406, 244, 276], "bbox2": [121, 450, 255, 360], "obj1": "dog", "obj2": "person", "relationship": "walk"}, "negative": {"bbox1": [412, 669, 432, 682], "bbox2": [199, 695, 206, 458], "obj1": "dog", "obj2": "person", "relationship": "next to"}}, {"filename1": "553590016_8c366f2732_b.jpg", "filename2": "8960603161_04ba7f8950_b.jpg", "positive": {"bbox1": [320, 406, 244, 276], "bbox2": [121, 450, 255, 360], "obj1": "dog", "obj2": "person", "relationship": "walk"}, "negative": {"bbox1": [412, 669, 432, 682], "bbox2": [199, 695, 206, 458], "obj1": "dog", "obj2": "person", "relationship": "beside"}}, {"filename1": "553590016_8c366f2732_b.jpg", "filename2": "8960603161_04ba7f8950_b.jpg", "positive": {"bbox1": [320, 406, 244, 276], "bbox2": [121, 450, 255, 360], "obj1": "dog", "obj2": "person", "relationship": "walk"}, "negative": {"bbox1": [412, 669, 432, 682], "bbox2": [199, 695, 206, 458], "obj1": "dog", "obj2": "person", "relationship": "near"}}, {"filename1": "553590016_8c366f2732_b.jpg", "filename2": "8960603161_04ba7f8950_b.jpg", "positive": {"bbox1": [320, 406, 244, 276], "bbox2": [121, 450, 255, 360], "obj1": "dog", "obj2": "person", "relationship": "walk"}, "negative": {"bbox1": [412, 669, 432, 682], "bbox2": [199, 695, 206, 458], "obj1": "dog", "obj2": "person", "relationship": "walk to"}}, {"filename1": "553590016_8c366f2732_b.jpg", "filename2": "6873975245_173fbfffd2_b.jpg", "positive": {"bbox1": [320, 406, 244, 276], "bbox2": [121, 450, 255, 360], "obj1": "dog", "obj2": "person", "relationship": "walk"}, "negative": {"bbox1": [473, 552, 535, 681], "bbox2": [338, 569, 589, 697], "obj1": "dog", "obj2": "person", "relationship": "near"}}, {"filename1": "553590016_8c366f2732_b.jpg", "filename2": "8612830022_2f5a367e06_b.jpg", "positive": {"bbox1": [320, 406, 244, 276], "bbox2": [121, 450, 255, 360], "obj1": "dog", "obj2": "person", "relationship": "walk"}, "negative": {"bbox1": [491, 621, 335, 474], "bbox2": [180, 694, 180, 355], "obj1": "dog", "obj2": "person", "relationship": "beside"}}, {"filename1": "553590016_8c366f2732_b.jpg", "filename2": "4239043150_ae31aece89_o.jpg", "positive": {"bbox1": [320, 406, 244, 276], "bbox2": [121, 450, 255, 360], "obj1": "dog", "obj2": "person", "relationship": "walk"}, "negative": {"bbox1": [540, 779, 556, 662], "bbox2": [262, 742, 363, 611], "obj1": "dog", "obj2": "person", "relationship": "near"}}, {"filename1": "553590016_8c366f2732_b.jpg", "filename2": "4239043150_ae31aece89_o.jpg", "positive": {"bbox1": [320, 406, 244, 276], "bbox2": [121, 450, 255, 360], "obj1": "dog", "obj2": "person", "relationship": "walk"}, "negative": {"bbox1": [540, 779, 556, 662], "bbox2": [262, 742, 363, 611], "obj1": "dog", "obj2": "person", "relationship": "on the left of"}}, {"filename1": "553590016_8c366f2732_b.jpg", "filename2": "4239043150_ae31aece89_o.jpg", "positive": {"bbox1": [320, 406, 244, 276], "bbox2": [121, 450, 255, 360], "obj1": "dog", "obj2": "person", "relationship": "walk"}, "negative": {"bbox1": [557, 749, 633, 723], "bbox2": [259, 721, 647, 888], "obj1": "dog", "obj2": "person", "relationship": "near"}}, {"filename1": "553590016_8c366f2732_b.jpg", "filename2": "4239043150_ae31aece89_o.jpg", "positive": {"bbox1": [320, 406, 244, 276], "bbox2": [121, 450, 255, 360], "obj1": "dog", "obj2": "person", "relationship": "walk"}, "negative": {"bbox1": [540, 779, 556, 662], "bbox2": [259, 721, 647, 888], "obj1": "dog", "obj2": "person", "relationship": "on the right of"}}, {"filename1": "553590016_8c366f2732_b.jpg", "filename2": "8072460121_afd62ec8c4_b.jpg", "positive": {"bbox1": [320, 406, 244, 276], "bbox2": [121, 450, 255, 360], "obj1": "dog", "obj2": "person", "relationship": "walk"}, "negative": {"bbox1": [496, 898, 374, 734], "bbox2": [31, 1023, 23, 742], "obj1": "dog", "obj2": "person", "relationship": "hold"}}, {"filename1": "553590016_8c366f2732_b.jpg", "filename2": "5972675429_691cc29ea6_b.jpg", "positive": {"bbox1": [320, 406, 244, 276], "bbox2": [121, 450, 255, 360], "obj1": "dog", "obj2": "person", "relationship": "walk"}, "negative": {"bbox1": [194, 825, 111, 593], "bbox2": [140, 577, 466, 591], "obj1": "dog", "obj2": "person", "relationship": "behind"}}, {"filename1": "553590016_8c366f2732_b.jpg", "filename2": "5972675429_691cc29ea6_b.jpg", "positive": {"bbox1": [320, 406, 244, 276], "bbox2": [121, 450, 255, 360], "obj1": "dog", "obj2": "person", "relationship": "walk"}, "negative": {"bbox1": [194, 825, 111, 593], "bbox2": [171, 594, 72, 219], "obj1": "dog", "obj2": "person", "relationship": "behind"}}, {"filename1": "553590016_8c366f2732_b.jpg", "filename2": "6937158405_3e09ee397a_b.jpg", "positive": {"bbox1": [320, 406, 244, 276], "bbox2": [121, 450, 255, 360], "obj1": "dog", "obj2": "person", "relationship": "walk"}, "negative": {"bbox1": [361, 411, 843, 871], "bbox2": [267, 409, 765, 848], "obj1": "dog", "obj2": "person", "relationship": "has"}}, {"filename1": "553590016_8c366f2732_b.jpg", "filename2": "2116016405_4983a72d1e_b.jpg", "positive": {"bbox1": [320, 406, 244, 276], "bbox2": [121, 450, 255, 360], "obj1": "dog", "obj2": "person", "relationship": "walk"}, "negative": {"bbox1": [508, 679, 696, 914], "bbox2": [292, 581, 690, 934], "obj1": "dog", "obj2": "person", "relationship": "behind"}}, {"filename1": "553590016_8c366f2732_b.jpg", "filename2": "8713396144_ea7d431000_b.jpg", "positive": {"bbox1": [320, 406, 244, 276], "bbox2": [121, 450, 255, 360], "obj1": "dog", "obj2": "person", "relationship": "walk"}, "negative": {"bbox1": [559, 746, 415, 473], "bbox2": [162, 529, 357, 468], "obj1": "dog", "obj2": "person", "relationship": "behind"}}, {"filename1": "553590016_8c366f2732_b.jpg", "filename2": "354685962_5f09b4e780_b.jpg", "positive": {"bbox1": [320, 406, 244, 276], "bbox2": [121, 450, 255, 360], "obj1": "dog", "obj2": "person", "relationship": "walk"}, "negative": {"bbox1": [228, 762, 260, 582], "bbox2": [153, 766, 235, 978], "obj1": "dog", "obj2": "person", "relationship": "hold"}}, {"filename1": "553590016_8c366f2732_b.jpg", "filename2": "4289230907_a30840e030_b.jpg", "positive": {"bbox1": [320, 406, 244, 276], "bbox2": [121, 450, 255, 360], "obj1": "dog", "obj2": "person", "relationship": "walk"}, "negative": {"bbox1": [571, 1014, 237, 642], "bbox2": [151, 882, 29, 347], "obj1": "dog", "obj2": "person", "relationship": "next to"}}, {"filename1": "553590016_8c366f2732_b.jpg", "filename2": "4289230907_a30840e030_b.jpg", "positive": {"bbox1": [320, 406, 244, 276], "bbox2": [121, 450, 255, 360], "obj1": "dog", "obj2": "person", "relationship": "walk"}, "negative": {"bbox1": [571, 1014, 237, 642], "bbox2": [151, 882, 29, 347], "obj1": "dog", "obj2": "person", "relationship": "stand next to"}}, {"filename1": "553590016_8c366f2732_b.jpg", "filename2": "3704387571_eb6921889f_b.jpg", "positive": {"bbox1": [320, 406, 244, 276], "bbox2": [121, 450, 255, 360], "obj1": "dog", "obj2": "person", "relationship": "walk"}, "negative": {"bbox1": [436, 646, 795, 1021], "bbox2": [460, 767, 600, 954], "obj1": "dog", "obj2": "person", "relationship": "hold"}}, {"filename1": "553590016_8c366f2732_b.jpg", "filename2": "8366428232_9951e938f5_b.jpg", "positive": {"bbox1": [320, 406, 244, 276], "bbox2": [121, 450, 255, 360], "obj1": "dog", "obj2": "person", "relationship": "walk"}, "negative": {"bbox1": [328, 536, 467, 792], "bbox2": [118, 755, 370, 965], "obj1": "dog", "obj2": "person", "relationship": "hold"}}, {"filename1": "553590016_8c366f2732_b.jpg", "filename2": "8348731733_900f27037f_b.jpg", "positive": {"bbox1": [320, 406, 244, 276], "bbox2": [121, 450, 255, 360], "obj1": "dog", "obj2": "person", "relationship": "walk"}, "negative": {"bbox1": [753, 841, 563, 766], "bbox2": [1, 1022, 1, 537], "obj1": "dog", "obj2": "person", "relationship": "in the front of"}}, {"filename1": "553590016_8c366f2732_b.jpg", "filename2": "9757349321_25782e0e6f_b.jpg", "positive": {"bbox1": [320, 406, 244, 276], "bbox2": [121, 450, 255, 360], "obj1": "dog", "obj2": "person", "relationship": "walk"}, "negative": {"bbox1": [550, 682, 554, 817], "bbox2": [291, 681, 589, 897], "obj1": "dog", "obj2": "person", "relationship": "behind"}}, {"filename1": "553590016_8c366f2732_b.jpg", "filename2": "3248737123_cf22d720ea_b.jpg", "positive": {"bbox1": [320, 406, 244, 276], "bbox2": [121, 450, 255, 360], "obj1": "dog", "obj2": "person", "relationship": "walk"}, "negative": {"bbox1": [464, 577, 415, 597], "bbox2": [18, 678, 556, 784], "obj1": "dog", "obj2": "person", "relationship": "on the right of"}}, {"filename1": "553590016_8c366f2732_b.jpg", "filename2": "8691175420_8c5178559a_b.jpg", "positive": {"bbox1": [320, 406, 244, 276], "bbox2": [121, 450, 255, 360], "obj1": "dog", "obj2": "person", "relationship": "walk"}, "negative": {"bbox1": [823, 876, 675, 720], "bbox2": [635, 908, 688, 768], "obj1": "dog", "obj2": "person", "relationship": "has"}}, {"filename1": "553590016_8c366f2732_b.jpg", "filename2": "4216057008_760d08bdb7_o.jpg", "positive": {"bbox1": [320, 406, 244, 276], "bbox2": [121, 450, 255, 360], "obj1": "dog", "obj2": "person", "relationship": "walk"}, "negative": {"bbox1": [92, 168, 87, 167], "bbox2": [23, 158, 179, 262], "obj1": "dog", "obj2": "person", "relationship": "by"}}, {"filename1": "553590016_8c366f2732_b.jpg", "filename2": "4216057008_760d08bdb7_o.jpg", "positive": {"bbox1": [320, 406, 244, 276], "bbox2": [121, 450, 255, 360], "obj1": "dog", "obj2": "person", "relationship": "walk"}, "negative": {"bbox1": [92, 168, 87, 167], "bbox2": [23, 158, 179, 262], "obj1": "dog", "obj2": "person", "relationship": "on the right of"}}, {"filename1": "553590016_8c366f2732_b.jpg", "filename2": "3808366071_c7c6727738_o.jpg", "positive": {"bbox1": [320, 406, 244, 276], "bbox2": [121, 450, 255, 360], "obj1": "dog", "obj2": "person", "relationship": "walk"}, "negative": {"bbox1": [221, 480, 145, 408], "bbox2": [91, 478, 293, 603], "obj1": "dog", "obj2": "person", "relationship": "on"}}, {"filename1": "553590016_8c366f2732_b.jpg", "filename2": "3808366071_c7c6727738_o.jpg", "positive": {"bbox1": [320, 406, 244, 276], "bbox2": [121, 450, 255, 360], "obj1": "dog", "obj2": "person", "relationship": "walk"}, "negative": {"bbox1": [221, 480, 145, 408], "bbox2": [128, 231, 249, 329], "obj1": "dog", "obj2": "person", "relationship": "behind"}}, {"filename1": "553590016_8c366f2732_b.jpg", "filename2": "3808366071_c7c6727738_o.jpg", "positive": {"bbox1": [320, 406, 244, 276], "bbox2": [121, 450, 255, 360], "obj1": "dog", "obj2": "person", "relationship": "walk"}, "negative": {"bbox1": [221, 480, 145, 408], "bbox2": [128, 231, 249, 329], "obj1": "dog", "obj2": "person", "relationship": "behind"}}, {"filename1": "553590016_8c366f2732_b.jpg", "filename2": "3808366071_c7c6727738_o.jpg", "positive": {"bbox1": [320, 406, 244, 276], "bbox2": [121, 450, 255, 360], "obj1": "dog", "obj2": "person", "relationship": "walk"}, "negative": {"bbox1": [97, 229, 542, 639], "bbox2": [1, 177, 541, 640], "obj1": "dog", "obj2": "person", "relationship": "behind"}}, {"filename1": "553590016_8c366f2732_b.jpg", "filename2": "6592262967_0c85220c7b_b.jpg", "positive": {"bbox1": [320, 406, 244, 276], "bbox2": [121, 450, 255, 360], "obj1": "dog", "obj2": "person", "relationship": "walk"}, "negative": {"bbox1": [119, 279, 59, 189], "bbox2": [174, 562, 608, 950], "obj1": "dog", "obj2": "person", "relationship": "near"}}, {"filename1": "553590016_8c366f2732_b.jpg", "filename2": "9426740552_fe479a063e_b.jpg", "positive": {"bbox1": [320, 406, 244, 276], "bbox2": [121, 450, 255, 360], "obj1": "dog", "obj2": "person", "relationship": "walk"}, "negative": {"bbox1": [741, 954, 750, 967], "bbox2": [240, 951, 855, 1020], "obj1": "dog", "obj2": "person", "relationship": "with"}}, {"filename1": "553590016_8c366f2732_b.jpg", "filename2": "4488170749_6c595a5500_o.jpg", "positive": {"bbox1": [320, 406, 244, 276], "bbox2": [121, 450, 255, 360], "obj1": "dog", "obj2": "person", "relationship": "walk"}, "negative": {"bbox1": [34, 190, 511, 645], "bbox2": [110, 532, 168, 472], "obj1": "dog", "obj2": "person", "relationship": "next to"}}, {"filename1": "553590016_8c366f2732_b.jpg", "filename2": "8078458652_4ba2d565b3_b.jpg", "positive": {"bbox1": [320, 406, 244, 276], "bbox2": [121, 450, 255, 360], "obj1": "dog", "obj2": "person", "relationship": "walk"}, "negative": {"bbox1": [271, 552, 266, 548], "bbox2": [97, 434, 566, 940], "obj1": "dog", "obj2": "person", "relationship": "feed"}}, {"filename1": "553590016_8c366f2732_b.jpg", "filename2": "8505307842_465524a6a6_b.jpg", "positive": {"bbox1": [320, 406, 244, 276], "bbox2": [121, 450, 255, 360], "obj1": "dog", "obj2": "person", "relationship": "walk"}, "negative": {"bbox1": [405, 576, 476, 571], "bbox2": [2, 534, 285, 516], "obj1": "dog", "obj2": "person", "relationship": "behind"}}, {"filename1": "553590016_8c366f2732_b.jpg", "filename2": "7975160776_39d1588a75_b.jpg", "positive": {"bbox1": [320, 406, 244, 276], "bbox2": [121, 450, 255, 360], "obj1": "dog", "obj2": "person", "relationship": "walk"}, "negative": {"bbox1": [415, 446, 761, 796], "bbox2": [383, 791, 734, 891], "obj1": "dog", "obj2": "person", "relationship": "in the front of"}}, {"filename1": "2392526741_f0f7b6f5e7_b.jpg", "filename2": "8612830022_2f5a367e06_b.jpg", "positive": {"bbox1": [356, 453, 94, 169], "bbox2": [189, 459, 288, 427], "obj1": "dog", "obj2": "person", "relationship": "walk"}, "negative": {"bbox1": [491, 621, 335, 474], "bbox2": [180, 694, 180, 355], "obj1": "dog", "obj2": "person", "relationship": "beside"}}, {"filename1": "2392526741_f0f7b6f5e7_b.jpg", "filename2": "4239043150_ae31aece89_o.jpg", "positive": {"bbox1": [356, 453, 94, 169], "bbox2": [189, 459, 288, 427], "obj1": "dog", "obj2": "person", "relationship": "walk"}, "negative": {"bbox1": [540, 779, 556, 662], "bbox2": [262, 742, 363, 611], "obj1": "dog", "obj2": "person", "relationship": "near"}}, {"filename1": "2392526741_f0f7b6f5e7_b.jpg", "filename2": "4239043150_ae31aece89_o.jpg", "positive": {"bbox1": [356, 453, 94, 169], "bbox2": [189, 459, 288, 427], "obj1": "dog", "obj2": "person", "relationship": "walk"}, "negative": {"bbox1": [540, 779, 556, 662], "bbox2": [262, 742, 363, 611], "obj1": "dog", "obj2": "person", "relationship": "on the left of"}}, {"filename1": "2392526741_f0f7b6f5e7_b.jpg", "filename2": "4239043150_ae31aece89_o.jpg", "positive": {"bbox1": [356, 453, 94, 169], "bbox2": [189, 459, 288, 427], "obj1": "dog", "obj2": "person", "relationship": "walk"}, "negative": {"bbox1": [557, 749, 633, 723], "bbox2": [259, 721, 647, 888], "obj1": "dog", "obj2": "person", "relationship": "near"}}, {"filename1": "2392526741_f0f7b6f5e7_b.jpg", "filename2": "4239043150_ae31aece89_o.jpg", "positive": {"bbox1": [356, 453, 94, 169], "bbox2": [189, 459, 288, 427], "obj1": "dog", "obj2": "person", "relationship": "walk"}, "negative": {"bbox1": [540, 779, 556, 662], "bbox2": [259, 721, 647, 888], "obj1": "dog", "obj2": "person", "relationship": "on the right of"}}, {"filename1": "2392526741_f0f7b6f5e7_b.jpg", "filename2": "8072460121_afd62ec8c4_b.jpg", "positive": {"bbox1": [356, 453, 94, 169], "bbox2": [189, 459, 288, 427], "obj1": "dog", "obj2": "person", "relationship": "walk"}, "negative": {"bbox1": [496, 898, 374, 734], "bbox2": [31, 1023, 23, 742], "obj1": "dog", "obj2": "person", "relationship": "hold"}}, {"filename1": "2392526741_f0f7b6f5e7_b.jpg", "filename2": "5972675429_691cc29ea6_b.jpg", "positive": {"bbox1": [356, 453, 94, 169], "bbox2": [189, 459, 288, 427], "obj1": "dog", "obj2": "person", "relationship": "walk"}, "negative": {"bbox1": [194, 825, 111, 593], "bbox2": [140, 577, 466, 591], "obj1": "dog", "obj2": "person", "relationship": "behind"}}, {"filename1": "2392526741_f0f7b6f5e7_b.jpg", "filename2": "5972675429_691cc29ea6_b.jpg", "positive": {"bbox1": [356, 453, 94, 169], "bbox2": [189, 459, 288, 427], "obj1": "dog", "obj2": "person", "relationship": "walk"}, "negative": {"bbox1": [194, 825, 111, 593], "bbox2": [171, 594, 72, 219], "obj1": "dog", "obj2": "person", "relationship": "behind"}}, {"filename1": "2392526741_f0f7b6f5e7_b.jpg", "filename2": "6937158405_3e09ee397a_b.jpg", "positive": {"bbox1": [356, 453, 94, 169], "bbox2": [189, 459, 288, 427], "obj1": "dog", "obj2": "person", "relationship": "walk"}, "negative": {"bbox1": [361, 411, 843, 871], "bbox2": [267, 409, 765, 848], "obj1": "dog", "obj2": "person", "relationship": "has"}}, {"filename1": "2392526741_f0f7b6f5e7_b.jpg", "filename2": "2116016405_4983a72d1e_b.jpg", "positive": {"bbox1": [356, 453, 94, 169], "bbox2": [189, 459, 288, 427], "obj1": "dog", "obj2": "person", "relationship": "walk"}, "negative": {"bbox1": [508, 679, 696, 914], "bbox2": [292, 581, 690, 934], "obj1": "dog", "obj2": "person", "relationship": "behind"}}, {"filename1": "2392526741_f0f7b6f5e7_b.jpg", "filename2": "8713396144_ea7d431000_b.jpg", "positive": {"bbox1": [356, 453, 94, 169], "bbox2": [189, 459, 288, 427], "obj1": "dog", "obj2": "person", "relationship": "walk"}, "negative": {"bbox1": [559, 746, 415, 473], "bbox2": [162, 529, 357, 468], "obj1": "dog", "obj2": "person", "relationship": "behind"}}, {"filename1": "2392526741_f0f7b6f5e7_b.jpg", "filename2": "354685962_5f09b4e780_b.jpg", "positive": {"bbox1": [356, 453, 94, 169], "bbox2": [189, 459, 288, 427], "obj1": "dog", "obj2": "person", "relationship": "walk"}, "negative": {"bbox1": [228, 762, 260, 582], "bbox2": [153, 766, 235, 978], "obj1": "dog", "obj2": "person", "relationship": "hold"}}, {"filename1": "2392526741_f0f7b6f5e7_b.jpg", "filename2": "4289230907_a30840e030_b.jpg", "positive": {"bbox1": [356, 453, 94, 169], "bbox2": [189, 459, 288, 427], "obj1": "dog", "obj2": "person", "relationship": "walk"}, "negative": {"bbox1": [571, 1014, 237, 642], "bbox2": [151, 882, 29, 347], "obj1": "dog", "obj2": "person", "relationship": "next to"}}, {"filename1": "2392526741_f0f7b6f5e7_b.jpg", "filename2": "4289230907_a30840e030_b.jpg", "positive": {"bbox1": [356, 453, 94, 169], "bbox2": [189, 459, 288, 427], "obj1": "dog", "obj2": "person", "relationship": "walk"}, "negative": {"bbox1": [571, 1014, 237, 642], "bbox2": [151, 882, 29, 347], "obj1": "dog", "obj2": "person", "relationship": "stand next to"}}, {"filename1": "2392526741_f0f7b6f5e7_b.jpg", "filename2": "3704387571_eb6921889f_b.jpg", "positive": {"bbox1": [356, 453, 94, 169], "bbox2": [189, 459, 288, 427], "obj1": "dog", "obj2": "person", "relationship": "walk"}, "negative": {"bbox1": [436, 646, 795, 1021], "bbox2": [460, 767, 600, 954], "obj1": "dog", "obj2": "person", "relationship": "hold"}}, {"filename1": "2392526741_f0f7b6f5e7_b.jpg", "filename2": "8366428232_9951e938f5_b.jpg", "positive": {"bbox1": [356, 453, 94, 169], "bbox2": [189, 459, 288, 427], "obj1": "dog", "obj2": "person", "relationship": "walk"}, "negative": {"bbox1": [328, 536, 467, 792], "bbox2": [118, 755, 370, 965], "obj1": "dog", "obj2": "person", "relationship": "hold"}}, {"filename1": "2392526741_f0f7b6f5e7_b.jpg", "filename2": "8348731733_900f27037f_b.jpg", "positive": {"bbox1": [356, 453, 94, 169], "bbox2": [189, 459, 288, 427], "obj1": "dog", "obj2": "person", "relationship": "walk"}, "negative": {"bbox1": [753, 841, 563, 766], "bbox2": [1, 1022, 1, 537], "obj1": "dog", "obj2": "person", "relationship": "in the front of"}}, {"filename1": "2392526741_f0f7b6f5e7_b.jpg", "filename2": "9757349321_25782e0e6f_b.jpg", "positive": {"bbox1": [356, 453, 94, 169], "bbox2": [189, 459, 288, 427], "obj1": "dog", "obj2": "person", "relationship": "walk"}, "negative": {"bbox1": [550, 682, 554, 817], "bbox2": [291, 681, 589, 897], "obj1": "dog", "obj2": "person", "relationship": "behind"}}, {"filename1": "2392526741_f0f7b6f5e7_b.jpg", "filename2": "3248737123_cf22d720ea_b.jpg", "positive": {"bbox1": [356, 453, 94, 169], "bbox2": [189, 459, 288, 427], "obj1": "dog", "obj2": "person", "relationship": "walk"}, "negative": {"bbox1": [464, 577, 415, 597], "bbox2": [18, 678, 556, 784], "obj1": "dog", "obj2": "person", "relationship": "on the right of"}}, {"filename1": "2392526741_f0f7b6f5e7_b.jpg", "filename2": "8691175420_8c5178559a_b.jpg", "positive": {"bbox1": [356, 453, 94, 169], "bbox2": [189, 459, 288, 427], "obj1": "dog", "obj2": "person", "relationship": "walk"}, "negative": {"bbox1": [823, 876, 675, 720], "bbox2": [635, 908, 688, 768], "obj1": "dog", "obj2": "person", "relationship": "has"}}, {"filename1": "2392526741_f0f7b6f5e7_b.jpg", "filename2": "4216057008_760d08bdb7_o.jpg", "positive": {"bbox1": [356, 453, 94, 169], "bbox2": [189, 459, 288, 427], "obj1": "dog", "obj2": "person", "relationship": "walk"}, "negative": {"bbox1": [92, 168, 87, 167], "bbox2": [23, 158, 179, 262], "obj1": "dog", "obj2": "person", "relationship": "by"}}, {"filename1": "2392526741_f0f7b6f5e7_b.jpg", "filename2": "4216057008_760d08bdb7_o.jpg", "positive": {"bbox1": [356, 453, 94, 169], "bbox2": [189, 459, 288, 427], "obj1": "dog", "obj2": "person", "relationship": "walk"}, "negative": {"bbox1": [92, 168, 87, 167], "bbox2": [23, 158, 179, 262], "obj1": "dog", "obj2": "person", "relationship": "on the right of"}}, {"filename1": "2392526741_f0f7b6f5e7_b.jpg", "filename2": "3808366071_c7c6727738_o.jpg", "positive": {"bbox1": [356, 453, 94, 169], "bbox2": [189, 459, 288, 427], "obj1": "dog", "obj2": "person", "relationship": "walk"}, "negative": {"bbox1": [221, 480, 145, 408], "bbox2": [91, 478, 293, 603], "obj1": "dog", "obj2": "person", "relationship": "on"}}, {"filename1": "2392526741_f0f7b6f5e7_b.jpg", "filename2": "3808366071_c7c6727738_o.jpg", "positive": {"bbox1": [356, 453, 94, 169], "bbox2": [189, 459, 288, 427], "obj1": "dog", "obj2": "person", "relationship": "walk"}, "negative": {"bbox1": [221, 480, 145, 408], "bbox2": [128, 231, 249, 329], "obj1": "dog", "obj2": "person", "relationship": "behind"}}, {"filename1": "2392526741_f0f7b6f5e7_b.jpg", "filename2": "3808366071_c7c6727738_o.jpg", "positive": {"bbox1": [356, 453, 94, 169], "bbox2": [189, 459, 288, 427], "obj1": "dog", "obj2": "person", "relationship": "walk"}, "negative": {"bbox1": [221, 480, 145, 408], "bbox2": [128, 231, 249, 329], "obj1": "dog", "obj2": "person", "relationship": "behind"}}, {"filename1": "2392526741_f0f7b6f5e7_b.jpg", "filename2": "3808366071_c7c6727738_o.jpg", "positive": {"bbox1": [356, 453, 94, 169], "bbox2": [189, 459, 288, 427], "obj1": "dog", "obj2": "person", "relationship": "walk"}, "negative": {"bbox1": [97, 229, 542, 639], "bbox2": [1, 177, 541, 640], "obj1": "dog", "obj2": "person", "relationship": "behind"}}, {"filename1": "2392526741_f0f7b6f5e7_b.jpg", "filename2": "6592262967_0c85220c7b_b.jpg", "positive": {"bbox1": [356, 453, 94, 169], "bbox2": [189, 459, 288, 427], "obj1": "dog", "obj2": "person", "relationship": "walk"}, "negative": {"bbox1": [119, 279, 59, 189], "bbox2": [174, 562, 608, 950], "obj1": "dog", "obj2": "person", "relationship": "near"}}, {"filename1": "2392526741_f0f7b6f5e7_b.jpg", "filename2": "9426740552_fe479a063e_b.jpg", "positive": {"bbox1": [356, 453, 94, 169], "bbox2": [189, 459, 288, 427], "obj1": "dog", "obj2": "person", "relationship": "walk"}, "negative": {"bbox1": [741, 954, 750, 967], "bbox2": [240, 951, 855, 1020], "obj1": "dog", "obj2": "person", "relationship": "with"}}, {"filename1": "2392526741_f0f7b6f5e7_b.jpg", "filename2": "4488170749_6c595a5500_o.jpg", "positive": {"bbox1": [356, 453, 94, 169], "bbox2": [189, 459, 288, 427], "obj1": "dog", "obj2": "person", "relationship": "walk"}, "negative": {"bbox1": [34, 190, 511, 645], "bbox2": [110, 532, 168, 472], "obj1": "dog", "obj2": "person", "relationship": "next to"}}, {"filename1": "2392526741_f0f7b6f5e7_b.jpg", "filename2": "8078458652_4ba2d565b3_b.jpg", "positive": {"bbox1": [356, 453, 94, 169], "bbox2": [189, 459, 288, 427], "obj1": "dog", "obj2": "person", "relationship": "walk"}, "negative": {"bbox1": [271, 552, 266, 548], "bbox2": [97, 434, 566, 940], "obj1": "dog", "obj2": "person", "relationship": "feed"}}, {"filename1": "2392526741_f0f7b6f5e7_b.jpg", "filename2": "8505307842_465524a6a6_b.jpg", "positive": {"bbox1": [356, 453, 94, 169], "bbox2": [189, 459, 288, 427], "obj1": "dog", "obj2": "person", "relationship": "walk"}, "negative": {"bbox1": [405, 576, 476, 571], "bbox2": [2, 534, 285, 516], "obj1": "dog", "obj2": "person", "relationship": "behind"}}, {"filename1": "2392526741_f0f7b6f5e7_b.jpg", "filename2": "7975160776_39d1588a75_b.jpg", "positive": {"bbox1": [356, 453, 94, 169], "bbox2": [189, 459, 288, 427], "obj1": "dog", "obj2": "person", "relationship": "walk"}, "negative": {"bbox1": [415, 446, 761, 796], "bbox2": [383, 791, 734, 891], "obj1": "dog", "obj2": "person", "relationship": "in the front of"}}, {"filename1": "6855151996_5d28511d0a_b.jpg", "filename2": "6937158405_3e09ee397a_b.jpg", "positive": {"bbox1": [272, 455, 19, 170], "bbox2": [98, 458, 303, 484], "obj1": "dog", "obj2": "person", "relationship": "walk"}, "negative": {"bbox1": [361, 411, 843, 871], "bbox2": [267, 409, 765, 848], "obj1": "dog", "obj2": "person", "relationship": "has"}}, {"filename1": "6855151996_5d28511d0a_b.jpg", "filename2": "2116016405_4983a72d1e_b.jpg", "positive": {"bbox1": [272, 455, 19, 170], "bbox2": [98, 458, 303, 484], "obj1": "dog", "obj2": "person", "relationship": "walk"}, "negative": {"bbox1": [508, 679, 696, 914], "bbox2": [292, 581, 690, 934], "obj1": "dog", "obj2": "person", "relationship": "behind"}}, {"filename1": "6855151996_5d28511d0a_b.jpg", "filename2": "8713396144_ea7d431000_b.jpg", "positive": {"bbox1": [272, 455, 19, 170], "bbox2": [98, 458, 303, 484], "obj1": "dog", "obj2": "person", "relationship": "walk"}, "negative": {"bbox1": [559, 746, 415, 473], "bbox2": [162, 529, 357, 468], "obj1": "dog", "obj2": "person", "relationship": "behind"}}, {"filename1": "6855151996_5d28511d0a_b.jpg", "filename2": "354685962_5f09b4e780_b.jpg", "positive": {"bbox1": [272, 455, 19, 170], "bbox2": [98, 458, 303, 484], "obj1": "dog", "obj2": "person", "relationship": "walk"}, "negative": {"bbox1": [228, 762, 260, 582], "bbox2": [153, 766, 235, 978], "obj1": "dog", "obj2": "person", "relationship": "hold"}}, {"filename1": "6855151996_5d28511d0a_b.jpg", "filename2": "4289230907_a30840e030_b.jpg", "positive": {"bbox1": [272, 455, 19, 170], "bbox2": [98, 458, 303, 484], "obj1": "dog", "obj2": "person", "relationship": "walk"}, "negative": {"bbox1": [571, 1014, 237, 642], "bbox2": [151, 882, 29, 347], "obj1": "dog", "obj2": "person", "relationship": "next to"}}, {"filename1": "6855151996_5d28511d0a_b.jpg", "filename2": "4289230907_a30840e030_b.jpg", "positive": {"bbox1": [272, 455, 19, 170], "bbox2": [98, 458, 303, 484], "obj1": "dog", "obj2": "person", "relationship": "walk"}, "negative": {"bbox1": [571, 1014, 237, 642], "bbox2": [151, 882, 29, 347], "obj1": "dog", "obj2": "person", "relationship": "stand next to"}}, {"filename1": "6855151996_5d28511d0a_b.jpg", "filename2": "3704387571_eb6921889f_b.jpg", "positive": {"bbox1": [272, 455, 19, 170], "bbox2": [98, 458, 303, 484], "obj1": "dog", "obj2": "person", "relationship": "walk"}, "negative": {"bbox1": [436, 646, 795, 1021], "bbox2": [460, 767, 600, 954], "obj1": "dog", "obj2": "person", "relationship": "hold"}}, {"filename1": "6855151996_5d28511d0a_b.jpg", "filename2": "8366428232_9951e938f5_b.jpg", "positive": {"bbox1": [272, 455, 19, 170], "bbox2": [98, 458, 303, 484], "obj1": "dog", "obj2": "person", "relationship": "walk"}, "negative": {"bbox1": [328, 536, 467, 792], "bbox2": [118, 755, 370, 965], "obj1": "dog", "obj2": "person", "relationship": "hold"}}, {"filename1": "6855151996_5d28511d0a_b.jpg", "filename2": "8348731733_900f27037f_b.jpg", "positive": {"bbox1": [272, 455, 19, 170], "bbox2": [98, 458, 303, 484], "obj1": "dog", "obj2": "person", "relationship": "walk"}, "negative": {"bbox1": [753, 841, 563, 766], "bbox2": [1, 1022, 1, 537], "obj1": "dog", "obj2": "person", "relationship": "in the front of"}}, {"filename1": "6855151996_5d28511d0a_b.jpg", "filename2": "9757349321_25782e0e6f_b.jpg", "positive": {"bbox1": [272, 455, 19, 170], "bbox2": [98, 458, 303, 484], "obj1": "dog", "obj2": "person", "relationship": "walk"}, "negative": {"bbox1": [550, 682, 554, 817], "bbox2": [291, 681, 589, 897], "obj1": "dog", "obj2": "person", "relationship": "behind"}}, {"filename1": "6855151996_5d28511d0a_b.jpg", "filename2": "3248737123_cf22d720ea_b.jpg", "positive": {"bbox1": [272, 455, 19, 170], "bbox2": [98, 458, 303, 484], "obj1": "dog", "obj2": "person", "relationship": "walk"}, "negative": {"bbox1": [464, 577, 415, 597], "bbox2": [18, 678, 556, 784], "obj1": "dog", "obj2": "person", "relationship": "on the right of"}}, {"filename1": "6855151996_5d28511d0a_b.jpg", "filename2": "8691175420_8c5178559a_b.jpg", "positive": {"bbox1": [272, 455, 19, 170], "bbox2": [98, 458, 303, 484], "obj1": "dog", "obj2": "person", "relationship": "walk"}, "negative": {"bbox1": [823, 876, 675, 720], "bbox2": [635, 908, 688, 768], "obj1": "dog", "obj2": "person", "relationship": "has"}}, {"filename1": "6855151996_5d28511d0a_b.jpg", "filename2": "4216057008_760d08bdb7_o.jpg", "positive": {"bbox1": [272, 455, 19, 170], "bbox2": [98, 458, 303, 484], "obj1": "dog", "obj2": "person", "relationship": "walk"}, "negative": {"bbox1": [92, 168, 87, 167], "bbox2": [23, 158, 179, 262], "obj1": "dog", "obj2": "person", "relationship": "by"}}, {"filename1": "6855151996_5d28511d0a_b.jpg", "filename2": "4216057008_760d08bdb7_o.jpg", "positive": {"bbox1": [272, 455, 19, 170], "bbox2": [98, 458, 303, 484], "obj1": "dog", "obj2": "person", "relationship": "walk"}, "negative": {"bbox1": [92, 168, 87, 167], "bbox2": [23, 158, 179, 262], "obj1": "dog", "obj2": "person", "relationship": "on the right of"}}, {"filename1": "6855151996_5d28511d0a_b.jpg", "filename2": "3808366071_c7c6727738_o.jpg", "positive": {"bbox1": [272, 455, 19, 170], "bbox2": [98, 458, 303, 484], "obj1": "dog", "obj2": "person", "relationship": "walk"}, "negative": {"bbox1": [221, 480, 145, 408], "bbox2": [91, 478, 293, 603], "obj1": "dog", "obj2": "person", "relationship": "on"}}, {"filename1": "6855151996_5d28511d0a_b.jpg", "filename2": "3808366071_c7c6727738_o.jpg", "positive": {"bbox1": [272, 455, 19, 170], "bbox2": [98, 458, 303, 484], "obj1": "dog", "obj2": "person", "relationship": "walk"}, "negative": {"bbox1": [221, 480, 145, 408], "bbox2": [128, 231, 249, 329], "obj1": "dog", "obj2": "person", "relationship": "behind"}}, {"filename1": "6855151996_5d28511d0a_b.jpg", "filename2": "3808366071_c7c6727738_o.jpg", "positive": {"bbox1": [272, 455, 19, 170], "bbox2": [98, 458, 303, 484], "obj1": "dog", "obj2": "person", "relationship": "walk"}, "negative": {"bbox1": [221, 480, 145, 408], "bbox2": [128, 231, 249, 329], "obj1": "dog", "obj2": "person", "relationship": "behind"}}, {"filename1": "6855151996_5d28511d0a_b.jpg", "filename2": "3808366071_c7c6727738_o.jpg", "positive": {"bbox1": [272, 455, 19, 170], "bbox2": [98, 458, 303, 484], "obj1": "dog", "obj2": "person", "relationship": "walk"}, "negative": {"bbox1": [97, 229, 542, 639], "bbox2": [1, 177, 541, 640], "obj1": "dog", "obj2": "person", "relationship": "behind"}}, {"filename1": "6855151996_5d28511d0a_b.jpg", "filename2": "6592262967_0c85220c7b_b.jpg", "positive": {"bbox1": [272, 455, 19, 170], "bbox2": [98, 458, 303, 484], "obj1": "dog", "obj2": "person", "relationship": "walk"}, "negative": {"bbox1": [119, 279, 59, 189], "bbox2": [174, 562, 608, 950], "obj1": "dog", "obj2": "person", "relationship": "near"}}, {"filename1": "6855151996_5d28511d0a_b.jpg", "filename2": "9426740552_fe479a063e_b.jpg", "positive": {"bbox1": [272, 455, 19, 170], "bbox2": [98, 458, 303, 484], "obj1": "dog", "obj2": "person", "relationship": "walk"}, "negative": {"bbox1": [741, 954, 750, 967], "bbox2": [240, 951, 855, 1020], "obj1": "dog", "obj2": "person", "relationship": "with"}}, {"filename1": "6855151996_5d28511d0a_b.jpg", "filename2": "4488170749_6c595a5500_o.jpg", "positive": {"bbox1": [272, 455, 19, 170], "bbox2": [98, 458, 303, 484], "obj1": "dog", "obj2": "person", "relationship": "walk"}, "negative": {"bbox1": [34, 190, 511, 645], "bbox2": [110, 532, 168, 472], "obj1": "dog", "obj2": "person", "relationship": "next to"}}, {"filename1": "6855151996_5d28511d0a_b.jpg", "filename2": "8078458652_4ba2d565b3_b.jpg", "positive": {"bbox1": [272, 455, 19, 170], "bbox2": [98, 458, 303, 484], "obj1": "dog", "obj2": "person", "relationship": "walk"}, "negative": {"bbox1": [271, 552, 266, 548], "bbox2": [97, 434, 566, 940], "obj1": "dog", "obj2": "person", "relationship": "feed"}}, {"filename1": "6855151996_5d28511d0a_b.jpg", "filename2": "8505307842_465524a6a6_b.jpg", "positive": {"bbox1": [272, 455, 19, 170], "bbox2": [98, 458, 303, 484], "obj1": "dog", "obj2": "person", "relationship": "walk"}, "negative": {"bbox1": [405, 576, 476, 571], "bbox2": [2, 534, 285, 516], "obj1": "dog", "obj2": "person", "relationship": "behind"}}, {"filename1": "6855151996_5d28511d0a_b.jpg", "filename2": "7975160776_39d1588a75_b.jpg", "positive": {"bbox1": [272, 455, 19, 170], "bbox2": [98, 458, 303, 484], "obj1": "dog", "obj2": "person", "relationship": "walk"}, "negative": {"bbox1": [415, 446, 761, 796], "bbox2": [383, 791, 734, 891], "obj1": "dog", "obj2": "person", "relationship": "in the front of"}}, {"filename1": "507902681_eda1bcedd4_b.jpg", "filename2": "8490806600_119e755c22_b.jpg", "positive": {"bbox1": [892, 1024, 157, 446], "bbox2": [843, 1022, 262, 346], "obj1": "street", "obj2": "person", "relationship": "walk"}, "negative": {"bbox1": [535, 583, 3, 412], "bbox2": [448, 562, 14, 49], "obj1": "street", "obj2": "person", "relationship": "on"}}, {"filename1": "507902681_eda1bcedd4_b.jpg", "filename2": "8490806600_119e755c22_b.jpg", "positive": {"bbox1": [892, 1024, 157, 446], "bbox2": [843, 1022, 262, 346], "obj1": "street", "obj2": "person", "relationship": "walk"}, "negative": {"bbox1": [535, 583, 3, 412], "bbox2": [436, 558, 56, 86], "obj1": "street", "obj2": "person", "relationship": "on"}}, {"filename1": "507902681_eda1bcedd4_b.jpg", "filename2": "3515350420_e1b2d08a69_b.jpg", "positive": {"bbox1": [892, 1024, 157, 446], "bbox2": [843, 1022, 262, 346], "obj1": "street", "obj2": "person", "relationship": "walk"}, "negative": {"bbox1": [689, 1020, 1, 766], "bbox2": [592, 1023, 447, 613], "obj1": "street", "obj2": "person", "relationship": "on"}}, {"filename1": "507902681_eda1bcedd4_b.jpg", "filename2": "3515350420_e1b2d08a69_b.jpg", "positive": {"bbox1": [892, 1024, 157, 446], "bbox2": [843, 1022, 262, 346], "obj1": "street", "obj2": "person", "relationship": "walk"}, "negative": {"bbox1": [689, 1020, 1, 766], "bbox2": [592, 1023, 447, 613], "obj1": "street", "obj2": "person", "relationship": "above"}}, {"filename1": "507902681_eda1bcedd4_b.jpg", "filename2": "3515350420_e1b2d08a69_b.jpg", "positive": {"bbox1": [892, 1024, 157, 446], "bbox2": [843, 1022, 262, 346], "obj1": "street", "obj2": "person", "relationship": "walk"}, "negative": {"bbox1": [689, 1020, 1, 766], "bbox2": [592, 1023, 447, 613], "obj1": "street", "obj2": "person", "relationship": "over"}}, {"filename1": "507902681_eda1bcedd4_b.jpg", "filename2": "3515350420_e1b2d08a69_b.jpg", "positive": {"bbox1": [892, 1024, 157, 446], "bbox2": [843, 1022, 262, 346], "obj1": "street", "obj2": "person", "relationship": "walk"}, "negative": {"bbox1": [689, 1020, 1, 766], "bbox2": [592, 1023, 447, 613], "obj1": "street", "obj2": "person", "relationship": "on"}}, {"filename1": "507902681_eda1bcedd4_b.jpg", "filename2": "3697387320_50559ddc1d_b.jpg", "positive": {"bbox1": [892, 1024, 157, 446], "bbox2": [843, 1022, 262, 346], "obj1": "street", "obj2": "person", "relationship": "walk"}, "negative": {"bbox1": [478, 606, 397, 1024], "bbox2": [416, 606, 496, 558], "obj1": "street", "obj2": "person", "relationship": "on"}}, {"filename1": "507902681_eda1bcedd4_b.jpg", "filename2": "8340678534_4a18952ba6_b.jpg", "positive": {"bbox1": [892, 1024, 157, 446], "bbox2": [843, 1022, 262, 346], "obj1": "street", "obj2": "person", "relationship": "walk"}, "negative": {"bbox1": [672, 1024, 133, 762], "bbox2": [728, 780, 329, 360], "obj1": "street", "obj2": "person", "relationship": "stand on"}}, {"filename1": "507902681_eda1bcedd4_b.jpg", "filename2": "9383521044_53dfeef9bd_b.jpg", "positive": {"bbox1": [892, 1024, 157, 446], "bbox2": [843, 1022, 262, 346], "obj1": "street", "obj2": "person", "relationship": "walk"}, "negative": {"bbox1": [301, 675, 5, 1021], "bbox2": [290, 377, 324, 570], "obj1": "street", "obj2": "person", "relationship": "above"}}, {"filename1": "507902681_eda1bcedd4_b.jpg", "filename2": "8176559170_c1c32e3d82_b.jpg", "positive": {"bbox1": [892, 1024, 157, 446], "bbox2": [843, 1022, 262, 346], "obj1": "street", "obj2": "person", "relationship": "walk"}, "negative": {"bbox1": [389, 765, 1, 1024], "bbox2": [365, 404, 217, 239], "obj1": "street", "obj2": "person", "relationship": "on"}}, {"filename1": "507902681_eda1bcedd4_b.jpg", "filename2": "9604033757_c21f78484e_b.jpg", "positive": {"bbox1": [892, 1024, 157, 446], "bbox2": [843, 1022, 262, 346], "obj1": "street", "obj2": "person", "relationship": "walk"}, "negative": {"bbox1": [281, 454, 229, 545], "bbox2": [305, 409, 246, 281], "obj1": "street", "obj2": "person", "relationship": "on"}}, {"filename1": "507902681_eda1bcedd4_b.jpg", "filename2": "9533523324_2f98357d2f_b.jpg", "positive": {"bbox1": [892, 1024, 157, 446], "bbox2": [843, 1022, 262, 346], "obj1": "street", "obj2": "person", "relationship": "walk"}, "negative": {"bbox1": [294, 443, 1, 106], "bbox2": [269, 326, 39, 63], "obj1": "street", "obj2": "person", "relationship": "on"}}, {"filename1": "507902681_eda1bcedd4_b.jpg", "filename2": "3893795573_8db0f8902b_b.jpg", "positive": {"bbox1": [892, 1024, 157, 446], "bbox2": [843, 1022, 262, 346], "obj1": "street", "obj2": "person", "relationship": "walk"}, "negative": {"bbox1": [322, 682, 10, 1021], "bbox2": [90, 629, 283, 754], "obj1": "street", "obj2": "person", "relationship": "on"}}, {"filename1": "507902681_eda1bcedd4_b.jpg", "filename2": "4488529730_88e7f7eca2_b.jpg", "positive": {"bbox1": [892, 1024, 157, 446], "bbox2": [843, 1022, 262, 346], "obj1": "street", "obj2": "person", "relationship": "walk"}, "negative": {"bbox1": [597, 748, 1, 1024], "bbox2": [476, 725, 388, 499], "obj1": "street", "obj2": "person", "relationship": "on"}}, {"filename1": "507902681_eda1bcedd4_b.jpg", "filename2": "8426918868_0387fb2e49_o.jpg", "positive": {"bbox1": [892, 1024, 157, 446], "bbox2": [843, 1022, 262, 346], "obj1": "street", "obj2": "person", "relationship": "walk"}, "negative": {"bbox1": [1, 510, 400, 634], "bbox2": [319, 426, 390, 638], "obj1": "street", "obj2": "person", "relationship": "on"}}, {"filename1": "507902681_eda1bcedd4_b.jpg", "filename2": "8426918868_0387fb2e49_o.jpg", "positive": {"bbox1": [892, 1024, 157, 446], "bbox2": [843, 1022, 262, 346], "obj1": "street", "obj2": "person", "relationship": "walk"}, "negative": {"bbox1": [1, 510, 400, 634], "bbox2": [319, 426, 390, 638], "obj1": "street", "obj2": "person", "relationship": "in"}}, {"filename1": "507902681_eda1bcedd4_b.jpg", "filename2": "8426918868_0387fb2e49_o.jpg", "positive": {"bbox1": [892, 1024, 157, 446], "bbox2": [843, 1022, 262, 346], "obj1": "street", "obj2": "person", "relationship": "walk"}, "negative": {"bbox1": [1, 510, 400, 634], "bbox2": [319, 426, 390, 638], "obj1": "street", "obj2": "person", "relationship": "next to"}}, {"filename1": "507902681_eda1bcedd4_b.jpg", "filename2": "3765642682_fec7ae670a_o.jpg", "positive": {"bbox1": [892, 1024, 157, 446], "bbox2": [843, 1022, 262, 346], "obj1": "street", "obj2": "person", "relationship": "walk"}, "negative": {"bbox1": [768, 1278, 21, 1278], "bbox2": [698, 873, 633, 696], "obj1": "street", "obj2": "person", "relationship": "on"}}, {"filename1": "507902681_eda1bcedd4_b.jpg", "filename2": "5858166375_b1e21e013c_b.jpg", "positive": {"bbox1": [892, 1024, 157, 446], "bbox2": [843, 1022, 262, 346], "obj1": "street", "obj2": "person", "relationship": "walk"}, "negative": {"bbox1": [428, 763, 2, 1021], "bbox2": [149, 754, 266, 504], "obj1": "street", "obj2": "person", "relationship": "on"}}, {"filename1": "507902681_eda1bcedd4_b.jpg", "filename2": "4635848452_796850ce91_b.jpg", "positive": {"bbox1": [892, 1024, 157, 446], "bbox2": [843, 1022, 262, 346], "obj1": "street", "obj2": "person", "relationship": "walk"}, "negative": {"bbox1": [755, 1022, 2, 764], "bbox2": [708, 916, 117, 205], "obj1": "street", "obj2": "person", "relationship": "across"}}]}