{"predicate": "walk to", "examples": [{"filename1": "6873975245_173fbfffd2_b.jpg", "filename2": "6190172387_0750f7bd22_b.jpg", "positive": {"bbox1": [10, 493, 10, 980], "bbox2": [315, 542, 736, 830], "obj1": "building", "obj2": "person", "relationship": "walk to"}, "negative": {"bbox1": [3, 218, 136, 348], "bbox2": [267, 401, 294, 347], "obj1": "building", "obj2": "person", "relationship": "next to"}}, {"filename1": "6873975245_173fbfffd2_b.jpg", "filename2": "8701002472_f6d300500b_b.jpg", "positive": {"bbox1": [10, 493, 10, 980], "bbox2": [315, 542, 736, 830], "obj1": "building", "obj2": "person", "relationship": "walk to"}, "negative": {"bbox1": [364, 857, 7, 763], "bbox2": [854, 924, 444, 469], "obj1": "building", "obj2": "person", "relationship": "in the front of"}}, {"filename1": "6873975245_173fbfffd2_b.jpg", "filename2": "5556611879_54a4d3a08a_b.jpg", "positive": {"bbox1": [10, 493, 10, 980], "bbox2": [315, 542, 736, 830], "obj1": "building", "obj2": "person", "relationship": "walk to"}, "negative": {"bbox1": [2, 498, 1, 138], "bbox2": [288, 744, 442, 833], "obj1": "building", "obj2": "person", "relationship": "in the front of"}}, {"filename1": "6873975245_173fbfffd2_b.jpg", "filename2": "7808301134_f743b125dd_b.jpg", "positive": {"bbox1": [10, 493, 10, 980], "bbox2": [315, 542, 736, 830], "obj1": "building", "obj2": "person", "relationship": "walk to"}, "negative": {"bbox1": [129, 516, 289, 803], "bbox2": [486, 519, 624, 641], "obj1": "building", "obj2": "person", "relationship": "next to"}}, {"filename1": "6873975245_173fbfffd2_b.jpg", "filename2": "7808301134_f743b125dd_b.jpg", "positive": {"bbox1": [10, 493, 10, 980], "bbox2": [315, 542, 736, 830], "obj1": "building", "obj2": "person", "relationship": "walk to"}, "negative": {"bbox1": [2, 544, 1, 349], "bbox2": [476, 659, 3, 68], "obj1": "building", "obj2": "person", "relationship": "in the front of"}}, {"filename1": "6873975245_173fbfffd2_b.jpg", "filename2": "7808301134_f743b125dd_b.jpg", "positive": {"bbox1": [10, 493, 10, 980], "bbox2": [315, 542, 736, 830], "obj1": "building", "obj2": "person", "relationship": "walk to"}, "negative": {"bbox1": [2, 544, 1, 349], "bbox2": [480, 603, 69, 122], "obj1": "building", "obj2": "person", "relationship": "in the front of"}}, {"filename1": "6873975245_173fbfffd2_b.jpg", "filename2": "7808301134_f743b125dd_b.jpg", "positive": {"bbox1": [10, 493, 10, 980], "bbox2": [315, 542, 736, 830], "obj1": "building", "obj2": "person", "relationship": "walk to"}, "negative": {"bbox1": [2, 544, 1, 349], "bbox2": [479, 596, 153, 193], "obj1": "building", "obj2": "person", "relationship": "in the front of"}}, {"filename1": "6873975245_173fbfffd2_b.jpg", "filename2": "8583799163_a56a8b6d34_b.jpg", "positive": {"bbox1": [10, 493, 10, 980], "bbox2": [315, 542, 736, 830], "obj1": "building", "obj2": "person", "relationship": "walk to"}, "negative": {"bbox1": [18, 528, 1, 792], "bbox2": [318, 678, 126, 226], "obj1": "building", "obj2": "person", "relationship": "in the front of"}}, {"filename1": "6873975245_173fbfffd2_b.jpg", "filename2": "8583799163_a56a8b6d34_b.jpg", "positive": {"bbox1": [10, 493, 10, 980], "bbox2": [315, 542, 736, 830], "obj1": "building", "obj2": "person", "relationship": "walk to"}, "negative": {"bbox1": [18, 528, 1, 792], "bbox2": [331, 673, 11, 184], "obj1": "building", "obj2": "person", "relationship": "in the front of"}}, {"filename1": "6873975245_173fbfffd2_b.jpg", "filename2": "3425902727_e664574f07_b.jpg", "positive": {"bbox1": [10, 493, 10, 980], "bbox2": [315, 542, 736, 830], "obj1": "building", "obj2": "person", "relationship": "walk to"}, "negative": {"bbox1": [386, 524, 2, 359], "bbox2": [468, 552, 210, 251], "obj1": "building", "obj2": "person", "relationship": "next to"}}, {"filename1": "6873975245_173fbfffd2_b.jpg", "filename2": "7355580292_a047474b9a_b.jpg", "positive": {"bbox1": [10, 493, 10, 980], "bbox2": [315, 542, 736, 830], "obj1": "building", "obj2": "person", "relationship": "walk to"}, "negative": {"bbox1": [1, 494, 2, 1021], "bbox2": [423, 669, 697, 777], "obj1": "building", "obj2": "person", "relationship": "near"}}, {"filename1": "6873975245_173fbfffd2_b.jpg", "filename2": "5141510566_2f22529198_b.jpg", "positive": {"bbox1": [10, 493, 10, 980], "bbox2": [315, 542, 736, 830], "obj1": "building", "obj2": "person", "relationship": "walk to"}, "negative": {"bbox1": [1, 414, 1, 417], "bbox2": [338, 435, 150, 183], "obj1": "building", "obj2": "person", "relationship": "in the front of"}}, {"filename1": "6873975245_173fbfffd2_b.jpg", "filename2": "6933046610_c151eb99a6_b.jpg", "positive": {"bbox1": [10, 493, 10, 980], "bbox2": [315, 542, 736, 830], "obj1": "building", "obj2": "person", "relationship": "walk to"}, "negative": {"bbox1": [30, 971, 8, 485], "bbox2": [939, 977, 184, 202], "obj1": "building", "obj2": "person", "relationship": "in the front of"}}, {"filename1": "6873975245_173fbfffd2_b.jpg", "filename2": "6293856264_c53e5b02fc_b.jpg", "positive": {"bbox1": [10, 493, 10, 980], "bbox2": [315, 542, 736, 830], "obj1": "building", "obj2": "person", "relationship": "walk to"}, "negative": {"bbox1": [147, 655, 149, 1023], "bbox2": [492, 662, 379, 474], "obj1": "building", "obj2": "person", "relationship": "walk beside"}}, {"filename1": "6873975245_173fbfffd2_b.jpg", "filename2": "4793601580_37e417b655_b.jpg", "positive": {"bbox1": [10, 493, 10, 980], "bbox2": [315, 542, 736, 830], "obj1": "building", "obj2": "person", "relationship": "walk to"}, "negative": {"bbox1": [1, 454, 1, 600], "bbox2": [333, 425, 242, 295], "obj1": "building", "obj2": "person", "relationship": "next to"}}, {"filename1": "6873975245_173fbfffd2_b.jpg", "filename2": "7761252024_a79cf6fff3_b.jpg", "positive": {"bbox1": [10, 493, 10, 980], "bbox2": [315, 542, 736, 830], "obj1": "building", "obj2": "person", "relationship": "walk to"}, "negative": {"bbox1": [1, 361, 1, 1021], "bbox2": [140, 352, 240, 420], "obj1": "building", "obj2": "person", "relationship": "in the front of"}}, {"filename1": "6873975245_173fbfffd2_b.jpg", "filename2": "7761252024_a79cf6fff3_b.jpg", "positive": {"bbox1": [10, 493, 10, 980], "bbox2": [315, 542, 736, 830], "obj1": "building", "obj2": "person", "relationship": "walk to"}, "negative": {"bbox1": [1, 361, 1, 1021], "bbox2": [186, 336, 1, 128], "obj1": "building", "obj2": "person", "relationship": "in the front of"}}, {"filename1": "6873975245_173fbfffd2_b.jpg", "filename2": "7761252024_a79cf6fff3_b.jpg", "positive": {"bbox1": [10, 493, 10, 980], "bbox2": [315, 542, 736, 830], "obj1": "building", "obj2": "person", "relationship": "walk to"}, "negative": {"bbox1": [1, 361, 1, 1021], "bbox2": [237, 342, 972, 1023], "obj1": "building", "obj2": "person", "relationship": "in the front of"}}, {"filename1": "6873975245_173fbfffd2_b.jpg", "filename2": "2399972361_82f00e6ac2_b.jpg", "positive": {"bbox1": [10, 493, 10, 980], "bbox2": [315, 542, 736, 830], "obj1": "building", "obj2": "person", "relationship": "walk to"}, "negative": {"bbox1": [3, 452, 5, 1014], "bbox2": [339, 407, 521, 556], "obj1": "building", "obj2": "person", "relationship": "by"}}, {"filename1": "6873975245_173fbfffd2_b.jpg", "filename2": "2532193433_a3db187fd2_b.jpg", "positive": {"bbox1": [10, 493, 10, 980], "bbox2": [315, 542, 736, 830], "obj1": "building", "obj2": "person", "relationship": "walk to"}, "negative": {"bbox1": [122, 338, 731, 1023], "bbox2": [1, 399, 334, 734], "obj1": "building", "obj2": "person", "relationship": "in the front of"}}, {"filename1": "6873975245_173fbfffd2_b.jpg", "filename2": "6264992024_5f4f3517b0_b.jpg", "positive": {"bbox1": [10, 493, 10, 980], "bbox2": [315, 542, 736, 830], "obj1": "building", "obj2": "person", "relationship": "walk to"}, "negative": {"bbox1": [206, 583, 554, 962], "bbox2": [554, 612, 893, 931], "obj1": "building", "obj2": "person", "relationship": "in the front of"}}, {"filename1": "6873975245_173fbfffd2_b.jpg", "filename2": "3624132010_b82ee80cac_b.jpg", "positive": {"bbox1": [10, 493, 10, 980], "bbox2": [315, 542, 736, 830], "obj1": "building", "obj2": "person", "relationship": "walk to"}, "negative": {"bbox1": [144, 505, 306, 628], "bbox2": [233, 531, 152, 333], "obj1": "building", "obj2": "person", "relationship": "beside"}}, {"filename1": "6873975245_173fbfffd2_b.jpg", "filename2": "3624132010_b82ee80cac_b.jpg", "positive": {"bbox1": [10, 493, 10, 980], "bbox2": [315, 542, 736, 830], "obj1": "building", "obj2": "person", "relationship": "walk to"}, "negative": {"bbox1": [144, 505, 306, 628], "bbox2": [219, 509, 83, 185], "obj1": "building", "obj2": "person", "relationship": "beside"}}, {"filename1": "6873975245_173fbfffd2_b.jpg", "filename2": "3467001674_b9b8bd5d18_b.jpg", "positive": {"bbox1": [10, 493, 10, 980], "bbox2": [315, 542, 736, 830], "obj1": "building", "obj2": "person", "relationship": "walk to"}, "negative": {"bbox1": [6, 747, 1, 870], "bbox2": [524, 708, 309, 349], "obj1": "building", "obj2": "person", "relationship": "by"}}, {"filename1": "6873975245_173fbfffd2_b.jpg", "filename2": "357614058_b50ba12373_b.jpg", "positive": {"bbox1": [10, 493, 10, 980], "bbox2": [315, 542, 736, 830], "obj1": "building", "obj2": "person", "relationship": "walk to"}, "negative": {"bbox1": [1, 382, 30, 765], "bbox2": [333, 666, 298, 456], "obj1": "building", "obj2": "person", "relationship": "in the front of"}}, {"filename1": "6873975245_173fbfffd2_b.jpg", "filename2": "6320506815_d815ee8b70_b.jpg", "positive": {"bbox1": [10, 493, 10, 980], "bbox2": [315, 542, 736, 830], "obj1": "building", "obj2": "person", "relationship": "walk to"}, "negative": {"bbox1": [48, 586, 29, 664], "bbox2": [1, 1022, 4, 676], "obj1": "building", "obj2": "person", "relationship": "in the front of"}}, {"filename1": "6873975245_173fbfffd2_b.jpg", "filename2": "10232183676_a14e534fcf_b.jpg", "positive": {"bbox1": [10, 493, 10, 980], "bbox2": [315, 542, 736, 830], "obj1": "building", "obj2": "person", "relationship": "walk to"}, "negative": {"bbox1": [1, 224, 394, 594], "bbox2": [17, 521, 440, 661], "obj1": "building", "obj2": "person", "relationship": "in the front of"}}, {"filename1": "6873975245_173fbfffd2_b.jpg", "filename2": "3815695831_bcab1c97fa_b.jpg", "positive": {"bbox1": [10, 493, 10, 980], "bbox2": [315, 542, 736, 830], "obj1": "building", "obj2": "person", "relationship": "walk to"}, "negative": {"bbox1": [4, 224, 4, 164], "bbox2": [267, 312, 90, 117], "obj1": "building", "obj2": "person", "relationship": "in the front of"}}, {"filename1": "6873975245_173fbfffd2_b.jpg", "filename2": "7016603591_de8f550328_b.jpg", "positive": {"bbox1": [10, 493, 10, 980], "bbox2": [315, 542, 736, 830], "obj1": "building", "obj2": "person", "relationship": "walk to"}, "negative": {"bbox1": [178, 310, 115, 757], "bbox2": [343, 583, 643, 742], "obj1": "building", "obj2": "person", "relationship": "in the front of"}}, {"filename1": "6873975245_173fbfffd2_b.jpg", "filename2": "5138605941_0754e1978c_b.jpg", "positive": {"bbox1": [10, 493, 10, 980], "bbox2": [315, 542, 736, 830], "obj1": "building", "obj2": "person", "relationship": "walk to"}, "negative": {"bbox1": [55, 168, 80, 245], "bbox2": [36, 763, 34, 459], "obj1": "building", "obj2": "person", "relationship": "in the front of"}}, {"filename1": "6873975245_173fbfffd2_b.jpg", "filename2": "4308944798_d7a4c1233d_o.jpg", "positive": {"bbox1": [10, 493, 10, 980], "bbox2": [315, 542, 736, 830], "obj1": "building", "obj2": "person", "relationship": "walk to"}, "negative": {"bbox1": [117, 260, 148, 498], "bbox2": [219, 310, 358, 397], "obj1": "building", "obj2": "person", "relationship": "in the front of"}}, {"filename1": "6873975245_173fbfffd2_b.jpg", "filename2": "3452448481_a156e6c86c_b.jpg", "positive": {"bbox1": [10, 493, 10, 980], "bbox2": [315, 542, 736, 830], "obj1": "building", "obj2": "person", "relationship": "walk to"}, "negative": {"bbox1": [339, 558, 315, 765], "bbox2": [455, 610, 248, 321], "obj1": "building", "obj2": "person", "relationship": "next to"}}, {"filename1": "6873975245_173fbfffd2_b.jpg", "filename2": "3452448481_a156e6c86c_b.jpg", "positive": {"bbox1": [10, 493, 10, 980], "bbox2": [315, 542, 736, 830], "obj1": "building", "obj2": "person", "relationship": "walk to"}, "negative": {"bbox1": [339, 558, 315, 765], "bbox2": [455, 610, 248, 321], "obj1": "building", "obj2": "person", "relationship": "near"}}, {"filename1": "6873975245_173fbfffd2_b.jpg", "filename2": "3452448481_a156e6c86c_b.jpg", "positive": {"bbox1": [10, 493, 10, 980], "bbox2": [315, 542, 736, 830], "obj1": "building", "obj2": "person", "relationship": "walk to"}, "negative": {"bbox1": [339, 558, 315, 765], "bbox2": [447, 615, 134, 208], "obj1": "building", "obj2": "person", "relationship": "near"}}, {"filename1": "6873975245_173fbfffd2_b.jpg", "filename2": "8093545484_7b9c00966d_b.jpg", "positive": {"bbox1": [10, 493, 10, 980], "bbox2": [315, 542, 736, 830], "obj1": "building", "obj2": "person", "relationship": "walk to"}, "negative": {"bbox1": [28, 695, 693, 1022], "bbox2": [435, 1023, 372, 616], "obj1": "building", "obj2": "person", "relationship": "next to"}}, {"filename1": "6873975245_173fbfffd2_b.jpg", "filename2": "5790151537_5574cfd7e5_b.jpg", "positive": {"bbox1": [10, 493, 10, 980], "bbox2": [315, 542, 736, 830], "obj1": "building", "obj2": "person", "relationship": "walk to"}, "negative": {"bbox1": [1, 152, 188, 943], "bbox2": [138, 242, 656, 696], "obj1": "building", "obj2": "person", "relationship": "in the front of"}}, {"filename1": "6873975245_173fbfffd2_b.jpg", "filename2": "4511353949_d80705b480_b.jpg", "positive": {"bbox1": [10, 493, 10, 980], "bbox2": [315, 542, 736, 830], "obj1": "building", "obj2": "person", "relationship": "walk to"}, "negative": {"bbox1": [1, 286, 1, 929], "bbox2": [208, 277, 885, 914], "obj1": "building", "obj2": "person", "relationship": "stand next to"}}, {"filename1": "6873975245_173fbfffd2_b.jpg", "filename2": "7447290764_4df3f76cd7_b.jpg", "positive": {"bbox1": [10, 493, 10, 980], "bbox2": [315, 542, 736, 830], "obj1": "building", "obj2": "person", "relationship": "walk to"}, "negative": {"bbox1": [2, 582, 4, 1015], "bbox2": [441, 498, 293, 321], "obj1": "building", "obj2": "person", "relationship": "in the front of"}}, {"filename1": "6873975245_173fbfffd2_b.jpg", "filename2": "3084608623_255ae4e221_o.jpg", "positive": {"bbox1": [10, 493, 10, 980], "bbox2": [315, 542, 736, 830], "obj1": "building", "obj2": "person", "relationship": "walk to"}, "negative": {"bbox1": [214, 900, 377, 956], "bbox2": [776, 930, 420, 483], "obj1": "building", "obj2": "person", "relationship": "in the front of"}}, {"filename1": "6873975245_173fbfffd2_b.jpg", "filename2": "8438876622_46a88ed765_b.jpg", "positive": {"bbox1": [10, 493, 10, 980], "bbox2": [315, 542, 736, 830], "obj1": "building", "obj2": "person", "relationship": "walk to"}, "negative": {"bbox1": [1, 431, 545, 1019], "bbox2": [345, 481, 900, 952], "obj1": "building", "obj2": "person", "relationship": "in the front of"}}, {"filename1": "6873975245_173fbfffd2_b.jpg", "filename2": "1681852402_c832132ae6_o.jpg", "positive": {"bbox1": [10, 493, 10, 980], "bbox2": [315, 542, 736, 830], "obj1": "building", "obj2": "person", "relationship": "walk to"}, "negative": {"bbox1": [13, 861, 513, 680], "bbox2": [732, 898, 572, 635], "obj1": "building", "obj2": "person", "relationship": "next to"}}, {"filename1": "6873975245_173fbfffd2_b.jpg", "filename2": "8739323090_175796ece0_b.jpg", "positive": {"bbox1": [10, 493, 10, 980], "bbox2": [315, 542, 736, 830], "obj1": "building", "obj2": "person", "relationship": "walk to"}, "negative": {"bbox1": [106, 397, 771, 1007], "bbox2": [203, 231, 860, 872], "obj1": "building", "obj2": "person", "relationship": "in"}}, {"filename1": "6873975245_173fbfffd2_b.jpg", "filename2": "9217153769_25a9320216_b.jpg", "positive": {"bbox1": [10, 493, 10, 980], "bbox2": [315, 542, 736, 830], "obj1": "building", "obj2": "person", "relationship": "walk to"}, "negative": {"bbox1": [4, 374, 6, 365], "bbox2": [299, 359, 278, 306], "obj1": "building", "obj2": "person", "relationship": "in the front of"}}, {"filename1": "6873975245_173fbfffd2_b.jpg", "filename2": "7195531926_92c045ce78_b.jpg", "positive": {"bbox1": [10, 493, 10, 980], "bbox2": [315, 542, 736, 830], "obj1": "building", "obj2": "person", "relationship": "walk to"}, "negative": {"bbox1": [13, 708, 299, 556], "bbox2": [610, 709, 279, 316], "obj1": "building", "obj2": "person", "relationship": "near"}}, {"filename1": "6873975245_173fbfffd2_b.jpg", "filename2": "7195531926_92c045ce78_b.jpg", "positive": {"bbox1": [10, 493, 10, 980], "bbox2": [315, 542, 736, 830], "obj1": "building", "obj2": "person", "relationship": "walk to"}, "negative": {"bbox1": [13, 708, 299, 556], "bbox2": [610, 709, 279, 316], "obj1": "building", "obj2": "person", "relationship": "beside"}}, {"filename1": "6873975245_173fbfffd2_b.jpg", "filename2": "9108877160_b796980c6c_b.jpg", "positive": {"bbox1": [10, 493, 10, 980], "bbox2": [315, 542, 736, 830], "obj1": "building", "obj2": "person", "relationship": "walk to"}, "negative": {"bbox1": [308, 472, 1, 271], "bbox2": [413, 471, 214, 247], "obj1": "building", "obj2": "person", "relationship": "near"}}, {"filename1": "6873975245_173fbfffd2_b.jpg", "filename2": "468123010_2c9137ff6a_o.jpg", "positive": {"bbox1": [10, 493, 10, 980], "bbox2": [315, 542, 736, 830], "obj1": "building", "obj2": "person", "relationship": "walk to"}, "negative": {"bbox1": [1, 736, 56, 427], "bbox2": [600, 923, 2, 105], "obj1": "building", "obj2": "person", "relationship": "in the front of"}}, {"filename1": "6873975245_173fbfffd2_b.jpg", "filename2": "5410979636_e7078feefa_b.jpg", "positive": {"bbox1": [10, 493, 10, 980], "bbox2": [315, 542, 736, 830], "obj1": "building", "obj2": "person", "relationship": "walk to"}, "negative": {"bbox1": [5, 192, 503, 998], "bbox2": [97, 503, 347, 470], "obj1": "building", "obj2": "person", "relationship": "in the front of"}}, {"filename1": "6873975245_173fbfffd2_b.jpg", "filename2": "5211580065_63580310fb_b.jpg", "positive": {"bbox1": [10, 493, 10, 980], "bbox2": [315, 542, 736, 830], "obj1": "building", "obj2": "person", "relationship": "walk to"}, "negative": {"bbox1": [4, 358, 1, 686], "bbox2": [144, 713, 183, 445], "obj1": "building", "obj2": "person", "relationship": "beside"}}, {"filename1": "6873975245_173fbfffd2_b.jpg", "filename2": "5161016911_c84801d340_b.jpg", "positive": {"bbox1": [10, 493, 10, 980], "bbox2": [315, 542, 736, 830], "obj1": "building", "obj2": "person", "relationship": "walk to"}, "negative": {"bbox1": [103, 578, 1, 353], "bbox2": [356, 589, 375, 697], "obj1": "building", "obj2": "person", "relationship": "in the front of"}}, {"filename1": "6873975245_173fbfffd2_b.jpg", "filename2": "5161016911_c84801d340_b.jpg", "positive": {"bbox1": [10, 493, 10, 980], "bbox2": [315, 542, 736, 830], "obj1": "building", "obj2": "person", "relationship": "walk to"}, "negative": {"bbox1": [103, 578, 1, 353], "bbox2": [356, 589, 375, 697], "obj1": "building", "obj2": "person", "relationship": "behind"}}, {"filename1": "6873975245_173fbfffd2_b.jpg", "filename2": "3804623418_6a2d7e2e62_b.jpg", "positive": {"bbox1": [10, 493, 10, 980], "bbox2": [315, 542, 736, 830], "obj1": "building", "obj2": "person", "relationship": "walk to"}, "negative": {"bbox1": [84, 422, 5, 350], "bbox2": [406, 465, 406, 431], "obj1": "building", "obj2": "person", "relationship": "next to"}}, {"filename1": "6873975245_173fbfffd2_b.jpg", "filename2": "5624823129_2d8d9e1d29_b.jpg", "positive": {"bbox1": [10, 493, 10, 980], "bbox2": [315, 542, 736, 830], "obj1": "building", "obj2": "person", "relationship": "walk to"}, "negative": {"bbox1": [3, 549, 19, 742], "bbox2": [497, 562, 558, 588], "obj1": "building", "obj2": "person", "relationship": "in the front of"}}, {"filename1": "6873975245_173fbfffd2_b.jpg", "filename2": "3499400848_ef9ce2327c_b.jpg", "positive": {"bbox1": [10, 493, 10, 980], "bbox2": [315, 542, 736, 830], "obj1": "building", "obj2": "person", "relationship": "walk to"}, "negative": {"bbox1": [1, 382, 1, 939], "bbox2": [70, 284, 207, 395], "obj1": "building", "obj2": "person", "relationship": "in the front of"}}, {"filename1": "6873975245_173fbfffd2_b.jpg", "filename2": "3499400848_ef9ce2327c_b.jpg", "positive": {"bbox1": [10, 493, 10, 980], "bbox2": [315, 542, 736, 830], "obj1": "building", "obj2": "person", "relationship": "walk to"}, "negative": {"bbox1": [1, 382, 1, 939], "bbox2": [70, 284, 207, 395], "obj1": "building", "obj2": "person", "relationship": "beside"}}, {"filename1": "6873975245_173fbfffd2_b.jpg", "filename2": "3499400848_ef9ce2327c_b.jpg", "positive": {"bbox1": [10, 493, 10, 980], "bbox2": [315, 542, 736, 830], "obj1": "building", "obj2": "person", "relationship": "walk to"}, "negative": {"bbox1": [1, 382, 1, 939], "bbox2": [70, 284, 207, 395], "obj1": "building", "obj2": "person", "relationship": "next to"}}, {"filename1": "6873975245_173fbfffd2_b.jpg", "filename2": "3188205807_3b8491b98c_o.jpg", "positive": {"bbox1": [10, 493, 10, 980], "bbox2": [315, 542, 736, 830], "obj1": "building", "obj2": "person", "relationship": "walk to"}, "negative": {"bbox1": [2, 316, 28, 1024], "bbox2": [215, 852, 415, 669], "obj1": "building", "obj2": "person", "relationship": "in the front of"}}, {"filename1": "6873975245_173fbfffd2_b.jpg", "filename2": "2915856149_d3749e393e_o.jpg", "positive": {"bbox1": [10, 493, 10, 980], "bbox2": [315, 542, 736, 830], "obj1": "building", "obj2": "person", "relationship": "walk to"}, "negative": {"bbox1": [1, 636, 1, 302], "bbox2": [264, 495, 472, 539], "obj1": "building", "obj2": "person", "relationship": "next to"}}, {"filename1": "6873975245_173fbfffd2_b.jpg", "filename2": "2975419565_6219a18a7f_b.jpg", "positive": {"bbox1": [10, 493, 10, 980], "bbox2": [315, 542, 736, 830], "obj1": "building", "obj2": "person", "relationship": "walk to"}, "negative": {"bbox1": [4, 767, 532, 1022], "bbox2": [414, 514, 520, 560], "obj1": "building", "obj2": "person", "relationship": "near"}}, {"filename1": "6873975245_173fbfffd2_b.jpg", "filename2": "5735812907_55c79e40b4_b.jpg", "positive": {"bbox1": [10, 493, 10, 980], "bbox2": [315, 542, 736, 830], "obj1": "building", "obj2": "person", "relationship": "walk to"}, "negative": {"bbox1": [98, 354, 513, 648], "bbox2": [423, 509, 555, 602], "obj1": "building", "obj2": "person", "relationship": "in the front of"}}, {"filename1": "6873975245_173fbfffd2_b.jpg", "filename2": "5735812907_55c79e40b4_b.jpg", "positive": {"bbox1": [10, 493, 10, 980], "bbox2": [315, 542, 736, 830], "obj1": "building", "obj2": "person", "relationship": "walk to"}, "negative": {"bbox1": [201, 373, 924, 1022], "bbox2": [274, 368, 822, 854], "obj1": "building", "obj2": "person", "relationship": "beside"}}, {"filename1": "6873975245_173fbfffd2_b.jpg", "filename2": "7588911304_71522fb34d_o.jpg", "positive": {"bbox1": [10, 493, 10, 980], "bbox2": [315, 542, 736, 830], "obj1": "building", "obj2": "person", "relationship": "walk to"}, "negative": {"bbox1": [1, 135, 1, 612], "bbox2": [82, 588, 98, 262], "obj1": "building", "obj2": "person", "relationship": "in the front of"}}, {"filename1": "6873975245_173fbfffd2_b.jpg", "filename2": "9058051772_a91971ee76_b.jpg", "positive": {"bbox1": [10, 493, 10, 980], "bbox2": [315, 542, 736, 830], "obj1": "building", "obj2": "person", "relationship": "walk to"}, "negative": {"bbox1": [9, 524, 5, 713], "bbox2": [421, 476, 666, 698], "obj1": "building", "obj2": "person", "relationship": "by"}}, {"filename1": "6873975245_173fbfffd2_b.jpg", "filename2": "697404480_442dac96b9_b.jpg", "positive": {"bbox1": [10, 493, 10, 980], "bbox2": [315, 542, 736, 830], "obj1": "building", "obj2": "person", "relationship": "walk to"}, "negative": {"bbox1": [1, 577, 1, 667], "bbox2": [206, 502, 174, 286], "obj1": "building", "obj2": "person", "relationship": "in"}}, {"filename1": "6873975245_173fbfffd2_b.jpg", "filename2": "8146993887_f99683ea67_b.jpg", "positive": {"bbox1": [10, 493, 10, 980], "bbox2": [315, 542, 736, 830], "obj1": "building", "obj2": "person", "relationship": "walk to"}, "negative": {"bbox1": [1, 451, 1, 929], "bbox2": [306, 442, 242, 298], "obj1": "building", "obj2": "person", "relationship": "in the front of"}}, {"filename1": "6873975245_173fbfffd2_b.jpg", "filename2": "9282462640_0781274b65_b.jpg", "positive": {"bbox1": [10, 493, 10, 980], "bbox2": [315, 542, 736, 830], "obj1": "building", "obj2": "person", "relationship": "walk to"}, "negative": {"bbox1": [94, 376, 121, 515], "bbox2": [507, 665, 48, 169], "obj1": "building", "obj2": "person", "relationship": "in the front of"}}, {"filename1": "6873975245_173fbfffd2_b.jpg", "filename2": "449583699_8c0d2d2b70_b.jpg", "positive": {"bbox1": [10, 493, 10, 980], "bbox2": [315, 542, 736, 830], "obj1": "building", "obj2": "person", "relationship": "walk to"}, "negative": {"bbox1": [1, 150, 603, 737], "bbox2": [120, 147, 619, 646], "obj1": "building", "obj2": "person", "relationship": "in the front of"}}, {"filename1": "6873975245_173fbfffd2_b.jpg", "filename2": "9873547783_7b57884d41_b.jpg", "positive": {"bbox1": [10, 493, 10, 980], "bbox2": [315, 542, 736, 830], "obj1": "building", "obj2": "person", "relationship": "walk to"}, "negative": {"bbox1": [1, 530, 1, 799], "bbox2": [411, 672, 320, 547], "obj1": "building", "obj2": "person", "relationship": "in the front of"}}, {"filename1": "6873975245_173fbfffd2_b.jpg", "filename2": "9679337943_e8912aaff6_b.jpg", "positive": {"bbox1": [10, 493, 10, 980], "bbox2": [315, 542, 736, 830], "obj1": "building", "obj2": "person", "relationship": "walk to"}, "negative": {"bbox1": [4, 637, 1, 1022], "bbox2": [416, 507, 613, 656], "obj1": "building", "obj2": "person", "relationship": "near"}}, {"filename1": "6873975245_173fbfffd2_b.jpg", "filename2": "9679337943_e8912aaff6_b.jpg", "positive": {"bbox1": [10, 493, 10, 980], "bbox2": [315, 542, 736, 830], "obj1": "building", "obj2": "person", "relationship": "walk to"}, "negative": {"bbox1": [4, 637, 1, 1022], "bbox2": [416, 507, 613, 656], "obj1": "building", "obj2": "person", "relationship": "outside of"}}, {"filename1": "6873975245_173fbfffd2_b.jpg", "filename2": "2209058081_00d0e3fb92_b.jpg", "positive": {"bbox1": [10, 493, 10, 980], "bbox2": [315, 542, 736, 830], "obj1": "building", "obj2": "person", "relationship": "walk to"}, "negative": {"bbox1": [1, 784, 601, 764], "bbox2": [704, 766, 579, 607], "obj1": "building", "obj2": "person", "relationship": "next to"}}, {"filename1": "6873975245_173fbfffd2_b.jpg", "filename2": "2209058081_00d0e3fb92_b.jpg", "positive": {"bbox1": [10, 493, 10, 980], "bbox2": [315, 542, 736, 830], "obj1": "building", "obj2": "person", "relationship": "walk to"}, "negative": {"bbox1": [192, 745, 1, 384], "bbox2": [704, 766, 579, 607], "obj1": "building", "obj2": "person", "relationship": "near"}}, {"filename1": "6873975245_173fbfffd2_b.jpg", "filename2": "5604790754_8df74ef7b2_b.jpg", "positive": {"bbox1": [10, 493, 10, 980], "bbox2": [315, 542, 736, 830], "obj1": "building", "obj2": "person", "relationship": "walk to"}, "negative": {"bbox1": [286, 558, 825, 1022], "bbox2": [416, 646, 793, 869], "obj1": "building", "obj2": "person", "relationship": "next to"}}, {"filename1": "6873975245_173fbfffd2_b.jpg", "filename2": "7129332913_1c2ff38758_b.jpg", "positive": {"bbox1": [10, 493, 10, 980], "bbox2": [315, 542, 736, 830], "obj1": "building", "obj2": "person", "relationship": "walk to"}, "negative": {"bbox1": [1, 472, 1, 459], "bbox2": [237, 503, 36, 124], "obj1": "building", "obj2": "person", "relationship": "next to"}}, {"filename1": "6873975245_173fbfffd2_b.jpg", "filename2": "8394847830_09afc7a1d1_b.jpg", "positive": {"bbox1": [10, 493, 10, 980], "bbox2": [315, 542, 736, 830], "obj1": "building", "obj2": "person", "relationship": "walk to"}, "negative": {"bbox1": [60, 401, 320, 663], "bbox2": [321, 678, 162, 294], "obj1": "building", "obj2": "person", "relationship": "behind"}}, {"filename1": "6873975245_173fbfffd2_b.jpg", "filename2": "8740679666_4772b9a8ed_b.jpg", "positive": {"bbox1": [10, 493, 10, 980], "bbox2": [315, 542, 736, 830], "obj1": "building", "obj2": "person", "relationship": "walk to"}, "negative": {"bbox1": [1, 925, 3, 681], "bbox2": [473, 1022, 354, 618], "obj1": "building", "obj2": "person", "relationship": "in the front of"}}, {"filename1": "6873975245_173fbfffd2_b.jpg", "filename2": "7532862850_49e924ce7e_b.jpg", "positive": {"bbox1": [10, 493, 10, 980], "bbox2": [315, 542, 736, 830], "obj1": "building", "obj2": "person", "relationship": "walk to"}, "negative": {"bbox1": [1, 367, 44, 891], "bbox2": [331, 382, 209, 263], "obj1": "building", "obj2": "person", "relationship": "next to"}}, {"filename1": "6873975245_173fbfffd2_b.jpg", "filename2": "5134435041_19527b97ae_b.jpg", "positive": {"bbox1": [10, 493, 10, 980], "bbox2": [315, 542, 736, 830], "obj1": "building", "obj2": "person", "relationship": "walk to"}, "negative": {"bbox1": [2, 330, 5, 611], "bbox2": [150, 976, 147, 489], "obj1": "building", "obj2": "person", "relationship": "in the front of"}}, {"filename1": "6873975245_173fbfffd2_b.jpg", "filename2": "5134435041_19527b97ae_b.jpg", "positive": {"bbox1": [10, 493, 10, 980], "bbox2": [315, 542, 736, 830], "obj1": "building", "obj2": "person", "relationship": "walk to"}, "negative": {"bbox1": [2, 330, 5, 611], "bbox2": [222, 1008, 421, 609], "obj1": "building", "obj2": "person", "relationship": "in the front of"}}, {"filename1": "6873975245_173fbfffd2_b.jpg", "filename2": "8679803121_530d6cabf8_b.jpg", "positive": {"bbox1": [10, 493, 10, 980], "bbox2": [315, 542, 736, 830], "obj1": "building", "obj2": "person", "relationship": "walk to"}, "negative": {"bbox1": [3, 375, 4, 1022], "bbox2": [186, 605, 389, 626], "obj1": "building", "obj2": "person", "relationship": "in the front of"}}, {"filename1": "6873975245_173fbfffd2_b.jpg", "filename2": "5028235992_9869cd4710_b.jpg", "positive": {"bbox1": [10, 493, 10, 980], "bbox2": [315, 542, 736, 830], "obj1": "building", "obj2": "person", "relationship": "walk to"}, "negative": {"bbox1": [201, 367, 1, 486], "bbox2": [238, 685, 254, 495], "obj1": "building", "obj2": "person", "relationship": "in the front of"}}, {"filename1": "6873975245_173fbfffd2_b.jpg", "filename2": "8297411066_d5f6a853db_b.jpg", "positive": {"bbox1": [10, 493, 10, 980], "bbox2": [315, 542, 736, 830], "obj1": "building", "obj2": "person", "relationship": "walk to"}, "negative": {"bbox1": [7, 635, 130, 1019], "bbox2": [530, 659, 435, 484], "obj1": "building", "obj2": "person", "relationship": "in the front of"}}, {"filename1": "6873975245_173fbfffd2_b.jpg", "filename2": "5502179378_da4c0dae38_b.jpg", "positive": {"bbox1": [10, 493, 10, 980], "bbox2": [315, 542, 736, 830], "obj1": "building", "obj2": "person", "relationship": "walk to"}, "negative": {"bbox1": [197, 480, 183, 338], "bbox2": [416, 478, 273, 299], "obj1": "building", "obj2": "person", "relationship": "in the front of"}}, {"filename1": "6873975245_173fbfffd2_b.jpg", "filename2": "7619247358_08bc495f66_b.jpg", "positive": {"bbox1": [10, 493, 10, 980], "bbox2": [315, 542, 736, 830], "obj1": "building", "obj2": "person", "relationship": "walk to"}, "negative": {"bbox1": [70, 678, 396, 680], "bbox2": [492, 936, 410, 577], "obj1": "building", "obj2": "person", "relationship": "in the front of"}}, {"filename1": "6873975245_173fbfffd2_b.jpg", "filename2": "8449584027_4964ce99ac_b.jpg", "positive": {"bbox1": [10, 493, 10, 980], "bbox2": [315, 542, 736, 830], "obj1": "building", "obj2": "person", "relationship": "walk to"}, "negative": {"bbox1": [2, 351, 1, 695], "bbox2": [314, 376, 445, 475], "obj1": "building", "obj2": "person", "relationship": "in the front of"}}, {"filename1": "6873975245_173fbfffd2_b.jpg", "filename2": "515548861_dacaaf1a69_o.jpg", "positive": {"bbox1": [10, 493, 10, 980], "bbox2": [315, 542, 736, 830], "obj1": "building", "obj2": "person", "relationship": "walk to"}, "negative": {"bbox1": [117, 1022, 6, 142], "bbox2": [582, 1023, 103, 272], "obj1": "building", "obj2": "person", "relationship": "next to"}}, {"filename1": "6873975245_173fbfffd2_b.jpg", "filename2": "4699740568_b713206810_b.jpg", "positive": {"bbox1": [10, 493, 10, 980], "bbox2": [315, 542, 736, 830], "obj1": "building", "obj2": "person", "relationship": "walk to"}, "negative": {"bbox1": [13, 829, 1, 814], "bbox2": [112, 593, 192, 351], "obj1": "building", "obj2": "person", "relationship": "next to"}}, {"filename1": "6873975245_173fbfffd2_b.jpg", "filename2": "4699740568_b713206810_b.jpg", "positive": {"bbox1": [10, 493, 10, 980], "bbox2": [315, 542, 736, 830], "obj1": "building", "obj2": "person", "relationship": "walk to"}, "negative": {"bbox1": [13, 829, 1, 814], "bbox2": [112, 593, 192, 351], "obj1": "building", "obj2": "person", "relationship": "by"}}, {"filename1": "6873975245_173fbfffd2_b.jpg", "filename2": "8224728949_fa09beb316_b.jpg", "positive": {"bbox1": [10, 493, 10, 980], "bbox2": [315, 542, 736, 830], "obj1": "building", "obj2": "person", "relationship": "walk to"}, "negative": {"bbox1": [12, 357, 42, 121], "bbox2": [310, 356, 82, 103], "obj1": "building", "obj2": "person", "relationship": "in the front of"}}, {"filename1": "6873975245_173fbfffd2_b.jpg", "filename2": "8543895654_8cbeecd83b_b.jpg", "positive": {"bbox1": [10, 493, 10, 980], "bbox2": [315, 542, 736, 830], "obj1": "building", "obj2": "person", "relationship": "walk to"}, "negative": {"bbox1": [4, 676, 1, 1024], "bbox2": [318, 454, 266, 352], "obj1": "building", "obj2": "person", "relationship": "beside"}}, {"filename1": "6873975245_173fbfffd2_b.jpg", "filename2": "8543895654_8cbeecd83b_b.jpg", "positive": {"bbox1": [10, 493, 10, 980], "bbox2": [315, 542, 736, 830], "obj1": "building", "obj2": "person", "relationship": "walk to"}, "negative": {"bbox1": [4, 676, 1, 1024], "bbox2": [300, 468, 38, 111], "obj1": "building", "obj2": "person", "relationship": "beside"}}, {"filename1": "6873975245_173fbfffd2_b.jpg", "filename2": "4579190625_d3a209820d_o.jpg", "positive": {"bbox1": [10, 493, 10, 980], "bbox2": [315, 542, 736, 830], "obj1": "building", "obj2": "person", "relationship": "walk to"}, "negative": {"bbox1": [4, 287, 55, 1196], "bbox2": [140, 798, 150, 416], "obj1": "building", "obj2": "person", "relationship": "in the front of"}}, {"filename1": "6873975245_173fbfffd2_b.jpg", "filename2": "5025235280_4da3271679_b.jpg", "positive": {"bbox1": [10, 493, 10, 980], "bbox2": [315, 542, 736, 830], "obj1": "building", "obj2": "person", "relationship": "walk to"}, "negative": {"bbox1": [91, 124, 78, 165], "bbox2": [79, 203, 208, 261], "obj1": "building", "obj2": "person", "relationship": "in the front of"}}, {"filename1": "6873975245_173fbfffd2_b.jpg", "filename2": "8238823803_dcf056c8cb_b.jpg", "positive": {"bbox1": [10, 493, 10, 980], "bbox2": [315, 542, 736, 830], "obj1": "building", "obj2": "person", "relationship": "walk to"}, "negative": {"bbox1": [435, 965, 285, 649], "bbox2": [751, 932, 257, 343], "obj1": "building", "obj2": "person", "relationship": "next to"}}, {"filename1": "6873975245_173fbfffd2_b.jpg", "filename2": "3515350420_e1b2d08a69_b.jpg", "positive": {"bbox1": [10, 493, 10, 980], "bbox2": [315, 542, 736, 830], "obj1": "building", "obj2": "person", "relationship": "walk to"}, "negative": {"bbox1": [6, 776, 624, 766], "bbox2": [592, 1023, 447, 613], "obj1": "building", "obj2": "person", "relationship": "next to"}}, {"filename1": "6873975245_173fbfffd2_b.jpg", "filename2": "9737277122_d6bc57a14e_b.jpg", "positive": {"bbox1": [10, 493, 10, 980], "bbox2": [315, 542, 736, 830], "obj1": "building", "obj2": "person", "relationship": "walk to"}, "negative": {"bbox1": [1, 472, 1, 797], "bbox2": [330, 477, 89, 122], "obj1": "building", "obj2": "person", "relationship": "by"}}, {"filename1": "6873975245_173fbfffd2_b.jpg", "filename2": "7960809412_7e97b3263e_b.jpg", "positive": {"bbox1": [10, 493, 10, 980], "bbox2": [315, 542, 736, 830], "obj1": "building", "obj2": "person", "relationship": "walk to"}, "negative": {"bbox1": [1, 768, 42, 1020], "bbox2": [444, 765, 757, 985], "obj1": "building", "obj2": "person", "relationship": "in the front of"}}, {"filename1": "6873975245_173fbfffd2_b.jpg", "filename2": "7985804324_def2b36ea1_o.jpg", "positive": {"bbox1": [10, 493, 10, 980], "bbox2": [315, 542, 736, 830], "obj1": "building", "obj2": "person", "relationship": "walk to"}, "negative": {"bbox1": [2, 310, 2, 498], "bbox2": [225, 291, 144, 179], "obj1": "building", "obj2": "person", "relationship": "in the front of"}}, {"filename1": "6873975245_173fbfffd2_b.jpg", "filename2": "8847337741_c00bae336c_b.jpg", "positive": {"bbox1": [10, 493, 10, 980], "bbox2": [315, 542, 736, 830], "obj1": "building", "obj2": "person", "relationship": "walk to"}, "negative": {"bbox1": [1, 279, 3, 397], "bbox2": [192, 297, 276, 326], "obj1": "building", "obj2": "person", "relationship": "in the front of"}}, {"filename1": "6873975245_173fbfffd2_b.jpg", "filename2": "8003795209_3a8d8fa57b_b.jpg", "positive": {"bbox1": [10, 493, 10, 980], "bbox2": [315, 542, 736, 830], "obj1": "building", "obj2": "person", "relationship": "walk to"}, "negative": {"bbox1": [4, 416, 6, 461], "bbox2": [383, 421, 102, 128], "obj1": "building", "obj2": "person", "relationship": "by"}}, {"filename1": "6873975245_173fbfffd2_b.jpg", "filename2": "2433344230_04bcccc85b_o.png", "positive": {"bbox1": [10, 493, 10, 980], "bbox2": [315, 542, 736, 830], "obj1": "building", "obj2": "person", "relationship": "walk to"}, "negative": {"bbox1": [1, 258, 77, 166], "bbox2": [206, 255, 82, 112], "obj1": "building", "obj2": "person", "relationship": "next to"}}, {"filename1": "6873975245_173fbfffd2_b.jpg", "filename2": "274016401_0fb442d81e_b.jpg", "positive": {"bbox1": [10, 493, 10, 980], "bbox2": [315, 542, 736, 830], "obj1": "building", "obj2": "person", "relationship": "walk to"}, "negative": {"bbox1": [1, 608, 1, 1023], "bbox2": [183, 765, 368, 738], "obj1": "building", "obj2": "person", "relationship": "next to"}}, {"filename1": "6873975245_173fbfffd2_b.jpg", "filename2": "3231726157_2d17a894c2_b.jpg", "positive": {"bbox1": [10, 493, 10, 980], "bbox2": [315, 542, 736, 830], "obj1": "building", "obj2": "person", "relationship": "walk to"}, "negative": {"bbox1": [236, 573, 1, 831], "bbox2": [260, 324, 636, 685], "obj1": "building", "obj2": "person", "relationship": "on"}}]}